locale,key,status
af,compte_created_subject,same_as_fr
af,compte_created_title,same_as_fr
af,greeting,same_as_fr
af,compte_created_message,same_as_fr
af,credentials_title,same_as_fr
af,label_email,same_as_fr
af,label_password,same_as_fr
af,label_initial_balance,same_as_fr
af,cta_login,same_as_fr
af,info_access,same_as_fr
af,support_contact,same_as_fr
af,footer_thanks,same_as_fr
af,footer_brand,same_as_fr
af,footer_partner,same_as_fr
af,virement_success_subject,same_as_fr
af,virement_success_title,same_as_fr
af,virement_success_message,same_as_fr
af,virement_failed_subject,same_as_fr
af,virement_failed_title,same_as_fr
af,virement_failed_message,same_as_fr
af,details_title,same_as_fr
af,label_amount,same_as_fr
af,label_date,same_as_fr
af,label_beneficiary,same_as_fr
af,virement_notice,same_as_fr
af,thanks,same_as_fr
af,contact_support_for_info,same_as_fr
af,regards,same_as_fr
af,service_client,same_as_fr
af,auto_generated_notice,same_as_fr
af,compte_activated_title,same_as_fr
af,compte_activated_heading,same_as_fr
af,good_news,same_as_fr
af,compte_activated_message,same_as_fr
af,compte_activated_explanation,same_as_fr
af,label_holder,same_as_fr
af,label_current_balance,same_as_fr
af,label_status,same_as_fr
af,status_active,same_as_fr
af,you_can_now,same_as_fr
af,can_make_transfers,same_as_fr
af,check_balance,same_as_fr
af,manage_transactions,same_as_fr
af,access_services,same_as_fr
af,thanks_welcome,same_as_fr
af,unlock_code_used_title,same_as_fr
af,unlock_code_used_heading,same_as_fr
af,greeting_simple,same_as_fr
af,info_notification,same_as_fr
af,unlock_code_used_alert,same_as_fr
af,unlock_code_used_explanation,same_as_fr
af,label_date_time,same_as_fr
af,label_transfer_amount,same_as_fr
af,label_recipient,same_as_fr
af,urgent_if_not_you,same_as_fr
af,contact_support_immediately,same_as_fr
af,check_recent_transactions,same_as_fr
af,change_access_codes,same_as_fr
af,if_legitimate,same_as_fr
af,client_can_finalize,same_as_fr
af,transfer_unlock_code_title,same_as_fr
af,transfer_unlock_heading,same_as_fr
af,transfer_unlock_message_intro,same_as_fr
af,transfer_unlock_code_label,same_as_fr
af,your_unlock_code,same_as_fr
af,do_not_share_unlock_code,same_as_fr
af,unlock_code_personal_confidential,same_as_fr
af,unlock_code_needed_finalize,same_as_fr
af,contact_support_for_questions,same_as_fr
af,welcome_title,same_as_fr
af,welcome_heading,same_as_fr
af,welcome_message,same_as_fr
af,login_credentials_title,same_as_fr
af,access_member_area,same_as_fr
af,pleasure_to_assist,same_as_fr
af,balance_decreased_title,same_as_fr
af,balance_decreased_heading,same_as_fr
af,balance_decreased_message,same_as_fr
af,operation_details,same_as_fr
af,label_amount_deducted,same_as_fr
af,label_new_balance,same_as_fr
af,contact_us_if_questions,same_as_fr
af,balance_increased_title,same_as_fr
af,balance_increased_heading,same_as_fr
af,balance_increased_message,same_as_fr
af,label_amount_added,same_as_fr
af,thank_you_trust,same_as_fr
af,refund_title,same_as_fr
af,refund_heading,same_as_fr
af,refund_message,same_as_fr
af,transfer_details,same_as_fr
af,label_transfer_date,same_as_fr
af,label_transfer_reason,same_as_fr
af,refund_amount_text,same_as_fr
af,refund_apology_contact,same_as_fr
af,mail_error_alert_title,same_as_fr
af,system_alert,same_as_fr
af,mail_send_failure_detected,same_as_fr
af,email_sending_problem,same_as_fr
af,email_send_failure_explanation,same_as_fr
af,error_details,same_as_fr
af,label_failed_recipient,same_as_fr
af,label_context,same_as_fr
af,label_error_message,same_as_fr
af,possible_causes,same_as_fr
af,cause_daily_limit,same_as_fr
af,cause_daily_limit_details,same_as_fr
af,cause_smtp_connection,same_as_fr
af,cause_smtp_connection_details,same_as_fr
af,cause_auth_failed,same_as_fr
af,cause_auth_failed_details,same_as_fr
af,cause_app_password_revoked,same_as_fr
af,cause_app_password_revoked_details,same_as_fr
af,recommended_actions,same_as_fr
af,action_if_limit,same_as_fr
af,action_if_limit_details,same_as_fr
af,action_check_logs,same_as_fr
af,action_check_logs_details,same_as_fr
af,action_test_connection,same_as_fr
af,action_check_config,same_as_fr
af,action_check_config_details,same_as_fr
af,action_regenerate_password,same_as_fr
af,action_regenerate_password_details,same_as_fr
af,system_information,same_as_fr
af,label_smtp_server,same_as_fr
af,label_port,same_as_fr
af,label_account,same_as_fr
af,label_environment,same_as_fr
af,alert_auto_generated_notice,same_as_fr
af,account_management_system,same_as_fr
af,alert_generated_by_safemail,same_as_fr
af,contact_technical_team,same_as_fr
af,password_reset_title,same_as_fr
af,password_reset_heading,same_as_fr
af,greeting_simple_name,same_as_fr
af,password_reset_reason,same_as_fr
af,password_reset_click_link,same_as_fr
af,password_reset_no_action_needed,same_as_fr
af,thank_you_using_brand,same_as_fr
am,compte_created_subject,same_as_fr
am,compte_created_title,same_as_fr
am,greeting,same_as_fr
am,compte_created_message,same_as_fr
am,credentials_title,same_as_fr
am,label_email,same_as_fr
am,label_password,same_as_fr
am,label_initial_balance,same_as_fr
am,cta_login,same_as_fr
am,info_access,same_as_fr
am,support_contact,same_as_fr
am,footer_thanks,same_as_fr
am,footer_brand,same_as_fr
am,footer_partner,same_as_fr
am,virement_success_subject,same_as_fr
am,virement_success_title,same_as_fr
am,virement_success_message,same_as_fr
am,virement_failed_subject,same_as_fr
am,virement_failed_title,same_as_fr
am,virement_failed_message,same_as_fr
am,details_title,same_as_fr
am,label_amount,same_as_fr
am,label_date,same_as_fr
am,label_beneficiary,same_as_fr
am,virement_notice,same_as_fr
am,thanks,same_as_fr
am,contact_support_for_info,same_as_fr
am,regards,same_as_fr
am,service_client,same_as_fr
am,auto_generated_notice,same_as_fr
am,compte_activated_title,same_as_fr
am,compte_activated_heading,same_as_fr
am,good_news,same_as_fr
am,compte_activated_message,same_as_fr
am,compte_activated_explanation,same_as_fr
am,label_holder,same_as_fr
am,label_current_balance,same_as_fr
am,label_status,same_as_fr
am,status_active,same_as_fr
am,you_can_now,same_as_fr
am,can_make_transfers,same_as_fr
am,check_balance,same_as_fr
am,manage_transactions,same_as_fr
am,access_services,same_as_fr
am,thanks_welcome,same_as_fr
am,unlock_code_used_title,same_as_fr
am,unlock_code_used_heading,same_as_fr
am,greeting_simple,same_as_fr
am,info_notification,same_as_fr
am,unlock_code_used_alert,same_as_fr
am,unlock_code_used_explanation,same_as_fr
am,label_date_time,same_as_fr
am,label_transfer_amount,same_as_fr
am,label_recipient,same_as_fr
am,urgent_if_not_you,same_as_fr
am,contact_support_immediately,same_as_fr
am,check_recent_transactions,same_as_fr
am,change_access_codes,same_as_fr
am,if_legitimate,same_as_fr
am,client_can_finalize,same_as_fr
am,transfer_unlock_code_title,same_as_fr
am,transfer_unlock_heading,same_as_fr
am,transfer_unlock_message_intro,same_as_fr
am,transfer_unlock_code_label,same_as_fr
am,your_unlock_code,same_as_fr
am,do_not_share_unlock_code,same_as_fr
am,unlock_code_personal_confidential,same_as_fr
am,unlock_code_needed_finalize,same_as_fr
am,contact_support_for_questions,same_as_fr
am,welcome_title,same_as_fr
am,welcome_heading,same_as_fr
am,welcome_message,same_as_fr
am,login_credentials_title,same_as_fr
am,access_member_area,same_as_fr
am,pleasure_to_assist,same_as_fr
am,balance_decreased_title,same_as_fr
am,balance_decreased_heading,same_as_fr
am,balance_decreased_message,same_as_fr
am,operation_details,same_as_fr
am,label_amount_deducted,same_as_fr
am,label_new_balance,same_as_fr
am,contact_us_if_questions,same_as_fr
am,balance_increased_title,same_as_fr
am,balance_increased_heading,same_as_fr
am,balance_increased_message,same_as_fr
am,label_amount_added,same_as_fr
am,thank_you_trust,same_as_fr
am,refund_title,same_as_fr
am,refund_heading,same_as_fr
am,refund_message,same_as_fr
am,transfer_details,same_as_fr
am,label_transfer_date,same_as_fr
am,label_transfer_reason,same_as_fr
am,refund_amount_text,same_as_fr
am,refund_apology_contact,same_as_fr
am,mail_error_alert_title,same_as_fr
am,system_alert,same_as_fr
am,mail_send_failure_detected,same_as_fr
am,email_sending_problem,same_as_fr
am,email_send_failure_explanation,same_as_fr
am,error_details,same_as_fr
am,label_failed_recipient,same_as_fr
am,label_context,same_as_fr
am,label_error_message,same_as_fr
am,possible_causes,same_as_fr
am,cause_daily_limit,same_as_fr
am,cause_daily_limit_details,same_as_fr
am,cause_smtp_connection,same_as_fr
am,cause_smtp_connection_details,same_as_fr
am,cause_auth_failed,same_as_fr
am,cause_auth_failed_details,same_as_fr
am,cause_app_password_revoked,same_as_fr
am,cause_app_password_revoked_details,same_as_fr
am,recommended_actions,same_as_fr
am,action_if_limit,same_as_fr
am,action_if_limit_details,same_as_fr
am,action_check_logs,same_as_fr
am,action_check_logs_details,same_as_fr
am,action_test_connection,same_as_fr
am,action_check_config,same_as_fr
am,action_check_config_details,same_as_fr
am,action_regenerate_password,same_as_fr
am,action_regenerate_password_details,same_as_fr
am,system_information,same_as_fr
am,label_smtp_server,same_as_fr
am,label_port,same_as_fr
am,label_account,same_as_fr
am,label_environment,same_as_fr
am,alert_auto_generated_notice,same_as_fr
am,account_management_system,same_as_fr
am,alert_generated_by_safemail,same_as_fr
am,contact_technical_team,same_as_fr
am,password_reset_title,same_as_fr
am,password_reset_heading,same_as_fr
am,greeting_simple_name,same_as_fr
am,password_reset_reason,same_as_fr
am,password_reset_click_link,same_as_fr
am,password_reset_no_action_needed,same_as_fr
am,thank_you_using_brand,same_as_fr
ar,compte_created_subject,same_as_fr
ar,compte_created_title,same_as_fr
ar,greeting,same_as_fr
ar,compte_created_message,same_as_fr
ar,credentials_title,same_as_fr
ar,label_email,same_as_fr
ar,label_password,same_as_fr
ar,label_initial_balance,same_as_fr
ar,cta_login,same_as_fr
ar,info_access,same_as_fr
ar,support_contact,same_as_fr
ar,footer_thanks,same_as_fr
ar,footer_brand,same_as_fr
ar,footer_partner,same_as_fr
ar,virement_success_subject,same_as_fr
ar,virement_success_title,same_as_fr
ar,virement_success_message,same_as_fr
ar,virement_failed_subject,same_as_fr
ar,virement_failed_title,same_as_fr
ar,virement_failed_message,same_as_fr
ar,details_title,same_as_fr
ar,label_amount,same_as_fr
ar,label_date,same_as_fr
ar,label_beneficiary,same_as_fr
ar,virement_notice,same_as_fr
ar,thanks,same_as_fr
ar,contact_support_for_info,same_as_fr
ar,regards,same_as_fr
ar,service_client,same_as_fr
ar,auto_generated_notice,same_as_fr
ar,compte_activated_title,same_as_fr
ar,compte_activated_heading,same_as_fr
ar,good_news,same_as_fr
ar,compte_activated_message,same_as_fr
ar,compte_activated_explanation,same_as_fr
ar,label_holder,same_as_fr
ar,label_current_balance,same_as_fr
ar,label_status,same_as_fr
ar,status_active,same_as_fr
ar,you_can_now,same_as_fr
ar,can_make_transfers,same_as_fr
ar,check_balance,same_as_fr
ar,manage_transactions,same_as_fr
ar,access_services,same_as_fr
ar,thanks_welcome,same_as_fr
ar,unlock_code_used_title,same_as_fr
ar,unlock_code_used_heading,same_as_fr
ar,greeting_simple,same_as_fr
ar,info_notification,same_as_fr
ar,unlock_code_used_alert,same_as_fr
ar,unlock_code_used_explanation,same_as_fr
ar,label_date_time,same_as_fr
ar,label_transfer_amount,same_as_fr
ar,label_recipient,same_as_fr
ar,urgent_if_not_you,same_as_fr
ar,contact_support_immediately,same_as_fr
ar,check_recent_transactions,same_as_fr
ar,change_access_codes,same_as_fr
ar,if_legitimate,same_as_fr
ar,client_can_finalize,same_as_fr
ar,transfer_unlock_code_title,same_as_fr
ar,transfer_unlock_heading,same_as_fr
ar,transfer_unlock_message_intro,same_as_fr
ar,transfer_unlock_code_label,same_as_fr
ar,your_unlock_code,same_as_fr
ar,do_not_share_unlock_code,same_as_fr
ar,unlock_code_personal_confidential,same_as_fr
ar,unlock_code_needed_finalize,same_as_fr
ar,contact_support_for_questions,same_as_fr
ar,welcome_title,same_as_fr
ar,welcome_heading,same_as_fr
ar,welcome_message,same_as_fr
ar,login_credentials_title,same_as_fr
ar,access_member_area,same_as_fr
ar,pleasure_to_assist,same_as_fr
ar,balance_decreased_title,same_as_fr
ar,balance_decreased_heading,same_as_fr
ar,balance_decreased_message,same_as_fr
ar,operation_details,same_as_fr
ar,label_amount_deducted,same_as_fr
ar,label_new_balance,same_as_fr
ar,contact_us_if_questions,same_as_fr
ar,balance_increased_title,same_as_fr
ar,balance_increased_heading,same_as_fr
ar,balance_increased_message,same_as_fr
ar,label_amount_added,same_as_fr
ar,thank_you_trust,same_as_fr
ar,refund_title,same_as_fr
ar,refund_heading,same_as_fr
ar,refund_message,same_as_fr
ar,transfer_details,same_as_fr
ar,label_transfer_date,same_as_fr
ar,label_transfer_reason,same_as_fr
ar,refund_amount_text,same_as_fr
ar,refund_apology_contact,same_as_fr
ar,mail_error_alert_title,same_as_fr
ar,system_alert,same_as_fr
ar,mail_send_failure_detected,same_as_fr
ar,email_sending_problem,same_as_fr
ar,email_send_failure_explanation,same_as_fr
ar,error_details,same_as_fr
ar,label_failed_recipient,same_as_fr
ar,label_context,same_as_fr
ar,label_error_message,same_as_fr
ar,possible_causes,same_as_fr
ar,cause_daily_limit,same_as_fr
ar,cause_daily_limit_details,same_as_fr
ar,cause_smtp_connection,same_as_fr
ar,cause_smtp_connection_details,same_as_fr
ar,cause_auth_failed,same_as_fr
ar,cause_auth_failed_details,same_as_fr
ar,cause_app_password_revoked,same_as_fr
ar,cause_app_password_revoked_details,same_as_fr
ar,recommended_actions,same_as_fr
ar,action_if_limit,same_as_fr
ar,action_if_limit_details,same_as_fr
ar,action_check_logs,same_as_fr
ar,action_check_logs_details,same_as_fr
ar,action_test_connection,same_as_fr
ar,action_check_config,same_as_fr
ar,action_check_config_details,same_as_fr
ar,action_regenerate_password,same_as_fr
ar,action_regenerate_password_details,same_as_fr
ar,system_information,same_as_fr
ar,label_smtp_server,same_as_fr
ar,label_port,same_as_fr
ar,label_account,same_as_fr
ar,label_environment,same_as_fr
ar,alert_auto_generated_notice,same_as_fr
ar,account_management_system,same_as_fr
ar,alert_generated_by_safemail,same_as_fr
ar,contact_technical_team,same_as_fr
ar,password_reset_title,same_as_fr
ar,password_reset_heading,same_as_fr
ar,greeting_simple_name,same_as_fr
ar,password_reset_reason,same_as_fr
ar,password_reset_click_link,same_as_fr
ar,password_reset_no_action_needed,same_as_fr
ar,thank_you_using_brand,same_as_fr
az,compte_created_subject,same_as_fr
az,compte_created_title,same_as_fr
az,greeting,same_as_fr
az,compte_created_message,same_as_fr
az,credentials_title,same_as_fr
az,label_email,same_as_fr
az,label_password,same_as_fr
az,label_initial_balance,same_as_fr
az,cta_login,same_as_fr
az,info_access,same_as_fr
az,support_contact,same_as_fr
az,footer_thanks,same_as_fr
az,footer_brand,same_as_fr
az,footer_partner,same_as_fr
az,virement_success_subject,same_as_fr
az,virement_success_title,same_as_fr
az,virement_success_message,same_as_fr
az,virement_failed_subject,same_as_fr
az,virement_failed_title,same_as_fr
az,virement_failed_message,same_as_fr
az,details_title,same_as_fr
az,label_amount,same_as_fr
az,label_date,same_as_fr
az,label_beneficiary,same_as_fr
az,virement_notice,same_as_fr
az,thanks,same_as_fr
az,contact_support_for_info,same_as_fr
az,regards,same_as_fr
az,service_client,same_as_fr
az,auto_generated_notice,same_as_fr
az,compte_activated_title,same_as_fr
az,compte_activated_heading,same_as_fr
az,good_news,same_as_fr
az,compte_activated_message,same_as_fr
az,compte_activated_explanation,same_as_fr
az,label_holder,same_as_fr
az,label_current_balance,same_as_fr
az,label_status,same_as_fr
az,status_active,same_as_fr
az,you_can_now,same_as_fr
az,can_make_transfers,same_as_fr
az,check_balance,same_as_fr
az,manage_transactions,same_as_fr
az,access_services,same_as_fr
az,thanks_welcome,same_as_fr
az,unlock_code_used_title,same_as_fr
az,unlock_code_used_heading,same_as_fr
az,greeting_simple,same_as_fr
az,info_notification,same_as_fr
az,unlock_code_used_alert,same_as_fr
az,unlock_code_used_explanation,same_as_fr
az,label_date_time,same_as_fr
az,label_transfer_amount,same_as_fr
az,label_recipient,same_as_fr
az,urgent_if_not_you,same_as_fr
az,contact_support_immediately,same_as_fr
az,check_recent_transactions,same_as_fr
az,change_access_codes,same_as_fr
az,if_legitimate,same_as_fr
az,client_can_finalize,same_as_fr
az,transfer_unlock_code_title,same_as_fr
az,transfer_unlock_heading,same_as_fr
az,transfer_unlock_message_intro,same_as_fr
az,transfer_unlock_code_label,same_as_fr
az,your_unlock_code,same_as_fr
az,do_not_share_unlock_code,same_as_fr
az,unlock_code_personal_confidential,same_as_fr
az,unlock_code_needed_finalize,same_as_fr
az,contact_support_for_questions,same_as_fr
az,welcome_title,same_as_fr
az,welcome_heading,same_as_fr
az,welcome_message,same_as_fr
az,login_credentials_title,same_as_fr
az,access_member_area,same_as_fr
az,pleasure_to_assist,same_as_fr
az,balance_decreased_title,same_as_fr
az,balance_decreased_heading,same_as_fr
az,balance_decreased_message,same_as_fr
az,operation_details,same_as_fr
az,label_amount_deducted,same_as_fr
az,label_new_balance,same_as_fr
az,contact_us_if_questions,same_as_fr
az,balance_increased_title,same_as_fr
az,balance_increased_heading,same_as_fr
az,balance_increased_message,same_as_fr
az,label_amount_added,same_as_fr
az,thank_you_trust,same_as_fr
az,refund_title,same_as_fr
az,refund_heading,same_as_fr
az,refund_message,same_as_fr
az,transfer_details,same_as_fr
az,label_transfer_date,same_as_fr
az,label_transfer_reason,same_as_fr
az,refund_amount_text,same_as_fr
az,refund_apology_contact,same_as_fr
az,mail_error_alert_title,same_as_fr
az,system_alert,same_as_fr
az,mail_send_failure_detected,same_as_fr
az,email_sending_problem,same_as_fr
az,email_send_failure_explanation,same_as_fr
az,error_details,same_as_fr
az,label_failed_recipient,same_as_fr
az,label_context,same_as_fr
az,label_error_message,same_as_fr
az,possible_causes,same_as_fr
az,cause_daily_limit,same_as_fr
az,cause_daily_limit_details,same_as_fr
az,cause_smtp_connection,same_as_fr
az,cause_smtp_connection_details,same_as_fr
az,cause_auth_failed,same_as_fr
az,cause_auth_failed_details,same_as_fr
az,cause_app_password_revoked,same_as_fr
az,cause_app_password_revoked_details,same_as_fr
az,recommended_actions,same_as_fr
az,action_if_limit,same_as_fr
az,action_if_limit_details,same_as_fr
az,action_check_logs,same_as_fr
az,action_check_logs_details,same_as_fr
az,action_test_connection,same_as_fr
az,action_check_config,same_as_fr
az,action_check_config_details,same_as_fr
az,action_regenerate_password,same_as_fr
az,action_regenerate_password_details,same_as_fr
az,system_information,same_as_fr
az,label_smtp_server,same_as_fr
az,label_port,same_as_fr
az,label_account,same_as_fr
az,label_environment,same_as_fr
az,alert_auto_generated_notice,same_as_fr
az,account_management_system,same_as_fr
az,alert_generated_by_safemail,same_as_fr
az,contact_technical_team,same_as_fr
az,password_reset_title,same_as_fr
az,password_reset_heading,same_as_fr
az,greeting_simple_name,same_as_fr
az,password_reset_reason,same_as_fr
az,password_reset_click_link,same_as_fr
az,password_reset_no_action_needed,same_as_fr
az,thank_you_using_brand,same_as_fr
be,label_email,same_as_fr
be,footer_brand,same_as_fr
be,label_date,same_as_fr
be,label_port,same_as_fr
be,compte_created_subject,same_as_en
be,compte_created_title,same_as_en
be,greeting,same_as_en
be,credentials_title,same_as_en
be,label_password,same_as_en
be,label_initial_balance,same_as_en
be,cta_login,same_as_en
be,info_access,same_as_en
be,footer_partner,same_as_en
be,virement_success_subject,same_as_en
be,virement_success_title,same_as_en
be,virement_success_message,same_as_en
be,virement_failed_subject,same_as_en
be,virement_failed_title,same_as_en
be,virement_failed_message,same_as_en
be,details_title,same_as_en
be,label_amount,same_as_en
be,label_beneficiary,same_as_en
be,virement_notice,same_as_en
be,thanks,same_as_en
be,regards,same_as_en
be,service_client,same_as_en
be,auto_generated_notice,same_as_en
be,compte_activated_title,same_as_en
be,compte_activated_heading,same_as_en
be,good_news,same_as_en
be,compte_activated_message,same_as_en
be,compte_activated_explanation,same_as_en
be,label_holder,same_as_en
be,label_current_balance,same_as_en
be,label_status,same_as_en
be,status_active,same_as_en
be,you_can_now,same_as_en
be,can_make_transfers,same_as_en
be,check_balance,same_as_en
be,manage_transactions,same_as_en
be,access_services,same_as_en
be,thanks_welcome,same_as_en
be,unlock_code_used_title,same_as_en
be,unlock_code_used_heading,same_as_en
be,greeting_simple,same_as_en
be,info_notification,same_as_en
be,label_date_time,same_as_en
be,label_transfer_amount,same_as_en
be,label_recipient,same_as_en
be,contact_support_immediately,same_as_en
be,check_recent_transactions,same_as_en
be,if_legitimate,same_as_en
be,client_can_finalize,same_as_en
be,transfer_unlock_code_title,same_as_en
be,transfer_unlock_heading,same_as_en
be,transfer_unlock_message_intro,same_as_en
be,transfer_unlock_code_label,same_as_en
be,your_unlock_code,same_as_en
be,do_not_share_unlock_code,same_as_en
be,unlock_code_personal_confidential,same_as_en
be,unlock_code_needed_finalize,same_as_en
be,contact_support_for_questions,same_as_en
be,welcome_title,same_as_en
be,welcome_heading,same_as_en
be,login_credentials_title,same_as_en
be,pleasure_to_assist,same_as_en
be,balance_decreased_title,same_as_en
be,balance_decreased_heading,same_as_en
be,balance_decreased_message,same_as_en
be,label_amount_deducted,same_as_en
be,label_new_balance,same_as_en
be,balance_increased_title,same_as_en
be,balance_increased_heading,same_as_en
be,balance_increased_message,same_as_en
be,label_amount_added,same_as_en
be,thank_you_trust,same_as_en
be,refund_title,same_as_en
be,refund_heading,same_as_en
be,refund_message,same_as_en
be,transfer_details,same_as_en
be,label_transfer_date,same_as_en
be,label_transfer_reason,same_as_en
be,refund_amount_text,same_as_en
be,mail_error_alert_title,same_as_en
be,system_alert,same_as_en
be,label_failed_recipient,same_as_en
be,label_context,same_as_en
be,possible_causes,same_as_en
be,cause_daily_limit,same_as_en
be,cause_smtp_connection,same_as_en
be,cause_smtp_connection_details,same_as_en
be,cause_auth_failed,same_as_en
be,cause_auth_failed_details,same_as_en
be,recommended_actions,same_as_en
be,action_if_limit,same_as_en
be,action_check_logs,same_as_en
be,action_check_logs_details,same_as_en
be,action_test_connection,same_as_en
be,action_check_config,same_as_en
be,action_check_config_details,same_as_en
be,action_regenerate_password,same_as_en
be,system_information,same_as_en
be,label_smtp_server,same_as_en
be,label_account,same_as_en
be,label_environment,same_as_en
be,account_management_system,same_as_en
be,alert_generated_by_safemail,same_as_en
be,contact_technical_team,same_as_en
be,password_reset_title,same_as_en
be,password_reset_heading,same_as_en
be,greeting_simple_name,same_as_en
be,password_reset_reason,same_as_en
be,password_reset_click_link,same_as_en
be,compte_created_message,translated
be,support_contact,translated
be,footer_thanks,translated
be,contact_support_for_info,translated
be,unlock_code_used_alert,translated
be,unlock_code_used_explanation,translated
be,urgent_if_not_you,translated
be,change_access_codes,translated
be,welcome_message,translated
be,access_member_area,translated
be,operation_details,translated
be,contact_us_if_questions,translated
be,refund_apology_contact,translated
be,mail_send_failure_detected,translated
be,email_sending_problem,translated
be,email_send_failure_explanation,translated
be,error_details,translated
be,label_error_message,translated
be,cause_daily_limit_details,translated
be,cause_app_password_revoked,translated
be,cause_app_password_revoked_details,translated
be,action_if_limit_details,translated
be,action_regenerate_password_details,translated
be,alert_auto_generated_notice,translated
be,password_reset_no_action_needed,translated
be,thank_you_using_brand,translated
bg,label_email,same_as_fr
bg,footer_brand,same_as_fr
bg,label_date,same_as_fr
bg,label_port,same_as_fr
bg,compte_created_subject,same_as_en
bg,compte_created_title,same_as_en
bg,greeting,same_as_en
bg,credentials_title,same_as_en
bg,label_password,same_as_en
bg,label_initial_balance,same_as_en
bg,cta_login,same_as_en
bg,info_access,same_as_en
bg,footer_partner,same_as_en
bg,virement_success_subject,same_as_en
bg,virement_success_title,same_as_en
bg,virement_success_message,same_as_en
bg,virement_failed_subject,same_as_en
bg,virement_failed_title,same_as_en
bg,virement_failed_message,same_as_en
bg,details_title,same_as_en
bg,label_amount,same_as_en
bg,label_beneficiary,same_as_en
bg,virement_notice,same_as_en
bg,thanks,same_as_en
bg,regards,same_as_en
bg,service_client,same_as_en
bg,auto_generated_notice,same_as_en
bg,compte_activated_title,same_as_en
bg,compte_activated_heading,same_as_en
bg,good_news,same_as_en
bg,compte_activated_message,same_as_en
bg,compte_activated_explanation,same_as_en
bg,label_holder,same_as_en
bg,label_current_balance,same_as_en
bg,label_status,same_as_en
bg,status_active,same_as_en
bg,you_can_now,same_as_en
bg,can_make_transfers,same_as_en
bg,check_balance,same_as_en
bg,manage_transactions,same_as_en
bg,access_services,same_as_en
bg,thanks_welcome,same_as_en
bg,unlock_code_used_title,same_as_en
bg,unlock_code_used_heading,same_as_en
bg,greeting_simple,same_as_en
bg,info_notification,same_as_en
bg,label_date_time,same_as_en
bg,label_transfer_amount,same_as_en
bg,label_recipient,same_as_en
bg,contact_support_immediately,same_as_en
bg,check_recent_transactions,same_as_en
bg,if_legitimate,same_as_en
bg,client_can_finalize,same_as_en
bg,transfer_unlock_code_title,same_as_en
bg,transfer_unlock_heading,same_as_en
bg,transfer_unlock_message_intro,same_as_en
bg,transfer_unlock_code_label,same_as_en
bg,your_unlock_code,same_as_en
bg,do_not_share_unlock_code,same_as_en
bg,unlock_code_personal_confidential,same_as_en
bg,unlock_code_needed_finalize,same_as_en
bg,contact_support_for_questions,same_as_en
bg,welcome_title,same_as_en
bg,welcome_heading,same_as_en
bg,login_credentials_title,same_as_en
bg,pleasure_to_assist,same_as_en
bg,balance_decreased_title,same_as_en
bg,balance_decreased_heading,same_as_en
bg,balance_decreased_message,same_as_en
bg,label_amount_deducted,same_as_en
bg,label_new_balance,same_as_en
bg,balance_increased_title,same_as_en
bg,balance_increased_heading,same_as_en
bg,balance_increased_message,same_as_en
bg,label_amount_added,same_as_en
bg,thank_you_trust,same_as_en
bg,refund_title,same_as_en
bg,refund_heading,same_as_en
bg,refund_message,same_as_en
bg,transfer_details,same_as_en
bg,label_transfer_date,same_as_en
bg,label_transfer_reason,same_as_en
bg,refund_amount_text,same_as_en
bg,mail_error_alert_title,same_as_en
bg,system_alert,same_as_en
bg,label_failed_recipient,same_as_en
bg,label_context,same_as_en
bg,possible_causes,same_as_en
bg,cause_daily_limit,same_as_en
bg,cause_smtp_connection,same_as_en
bg,cause_smtp_connection_details,same_as_en
bg,cause_auth_failed,same_as_en
bg,cause_auth_failed_details,same_as_en
bg,recommended_actions,same_as_en
bg,action_if_limit,same_as_en
bg,action_check_logs,same_as_en
bg,action_check_logs_details,same_as_en
bg,action_test_connection,same_as_en
bg,action_check_config,same_as_en
bg,action_check_config_details,same_as_en
bg,action_regenerate_password,same_as_en
bg,system_information,same_as_en
bg,label_smtp_server,same_as_en
bg,label_account,same_as_en
bg,label_environment,same_as_en
bg,account_management_system,same_as_en
bg,alert_generated_by_safemail,same_as_en
bg,contact_technical_team,same_as_en
bg,password_reset_title,same_as_en
bg,password_reset_heading,same_as_en
bg,greeting_simple_name,same_as_en
bg,password_reset_reason,same_as_en
bg,password_reset_click_link,same_as_en
bg,compte_created_message,translated
bg,support_contact,translated
bg,footer_thanks,translated
bg,contact_support_for_info,translated
bg,unlock_code_used_alert,translated
bg,unlock_code_used_explanation,translated
bg,urgent_if_not_you,translated
bg,change_access_codes,translated
bg,welcome_message,translated
bg,access_member_area,translated
bg,operation_details,translated
bg,contact_us_if_questions,translated
bg,refund_apology_contact,translated
bg,mail_send_failure_detected,translated
bg,email_sending_problem,translated
bg,email_send_failure_explanation,translated
bg,error_details,translated
bg,label_error_message,translated
bg,cause_daily_limit_details,translated
bg,cause_app_password_revoked,translated
bg,cause_app_password_revoked_details,translated
bg,action_if_limit_details,translated
bg,action_regenerate_password_details,translated
bg,alert_auto_generated_notice,translated
bg,password_reset_no_action_needed,translated
bg,thank_you_using_brand,translated
bn,compte_created_subject,same_as_fr
bn,compte_created_title,same_as_fr
bn,greeting,same_as_fr
bn,compte_created_message,same_as_fr
bn,credentials_title,same_as_fr
bn,label_email,same_as_fr
bn,label_password,same_as_fr
bn,label_initial_balance,same_as_fr
bn,cta_login,same_as_fr
bn,info_access,same_as_fr
bn,support_contact,same_as_fr
bn,footer_thanks,same_as_fr
bn,footer_brand,same_as_fr
bn,footer_partner,same_as_fr
bn,virement_success_subject,same_as_fr
bn,virement_success_title,same_as_fr
bn,virement_success_message,same_as_fr
bn,virement_failed_subject,same_as_fr
bn,virement_failed_title,same_as_fr
bn,virement_failed_message,same_as_fr
bn,details_title,same_as_fr
bn,label_amount,same_as_fr
bn,label_date,same_as_fr
bn,label_beneficiary,same_as_fr
bn,virement_notice,same_as_fr
bn,thanks,same_as_fr
bn,contact_support_for_info,same_as_fr
bn,regards,same_as_fr
bn,service_client,same_as_fr
bn,auto_generated_notice,same_as_fr
bn,compte_activated_title,same_as_fr
bn,compte_activated_heading,same_as_fr
bn,good_news,same_as_fr
bn,compte_activated_message,same_as_fr
bn,compte_activated_explanation,same_as_fr
bn,label_holder,same_as_fr
bn,label_current_balance,same_as_fr
bn,label_status,same_as_fr
bn,status_active,same_as_fr
bn,you_can_now,same_as_fr
bn,can_make_transfers,same_as_fr
bn,check_balance,same_as_fr
bn,manage_transactions,same_as_fr
bn,access_services,same_as_fr
bn,thanks_welcome,same_as_fr
bn,unlock_code_used_title,same_as_fr
bn,unlock_code_used_heading,same_as_fr
bn,greeting_simple,same_as_fr
bn,info_notification,same_as_fr
bn,unlock_code_used_alert,same_as_fr
bn,unlock_code_used_explanation,same_as_fr
bn,label_date_time,same_as_fr
bn,label_transfer_amount,same_as_fr
bn,label_recipient,same_as_fr
bn,urgent_if_not_you,same_as_fr
bn,contact_support_immediately,same_as_fr
bn,check_recent_transactions,same_as_fr
bn,change_access_codes,same_as_fr
bn,if_legitimate,same_as_fr
bn,client_can_finalize,same_as_fr
bn,transfer_unlock_code_title,same_as_fr
bn,transfer_unlock_heading,same_as_fr
bn,transfer_unlock_message_intro,same_as_fr
bn,transfer_unlock_code_label,same_as_fr
bn,your_unlock_code,same_as_fr
bn,do_not_share_unlock_code,same_as_fr
bn,unlock_code_personal_confidential,same_as_fr
bn,unlock_code_needed_finalize,same_as_fr
bn,contact_support_for_questions,same_as_fr
bn,welcome_title,same_as_fr
bn,welcome_heading,same_as_fr
bn,welcome_message,same_as_fr
bn,login_credentials_title,same_as_fr
bn,access_member_area,same_as_fr
bn,pleasure_to_assist,same_as_fr
bn,balance_decreased_title,same_as_fr
bn,balance_decreased_heading,same_as_fr
bn,balance_decreased_message,same_as_fr
bn,operation_details,same_as_fr
bn,label_amount_deducted,same_as_fr
bn,label_new_balance,same_as_fr
bn,contact_us_if_questions,same_as_fr
bn,balance_increased_title,same_as_fr
bn,balance_increased_heading,same_as_fr
bn,balance_increased_message,same_as_fr
bn,label_amount_added,same_as_fr
bn,thank_you_trust,same_as_fr
bn,refund_title,same_as_fr
bn,refund_heading,same_as_fr
bn,refund_message,same_as_fr
bn,transfer_details,same_as_fr
bn,label_transfer_date,same_as_fr
bn,label_transfer_reason,same_as_fr
bn,refund_amount_text,same_as_fr
bn,refund_apology_contact,same_as_fr
bn,mail_error_alert_title,same_as_fr
bn,system_alert,same_as_fr
bn,mail_send_failure_detected,same_as_fr
bn,email_sending_problem,same_as_fr
bn,email_send_failure_explanation,same_as_fr
bn,error_details,same_as_fr
bn,label_failed_recipient,same_as_fr
bn,label_context,same_as_fr
bn,label_error_message,same_as_fr
bn,possible_causes,same_as_fr
bn,cause_daily_limit,same_as_fr
bn,cause_daily_limit_details,same_as_fr
bn,cause_smtp_connection,same_as_fr
bn,cause_smtp_connection_details,same_as_fr
bn,cause_auth_failed,same_as_fr
bn,cause_auth_failed_details,same_as_fr
bn,cause_app_password_revoked,same_as_fr
bn,cause_app_password_revoked_details,same_as_fr
bn,recommended_actions,same_as_fr
bn,action_if_limit,same_as_fr
bn,action_if_limit_details,same_as_fr
bn,action_check_logs,same_as_fr
bn,action_check_logs_details,same_as_fr
bn,action_test_connection,same_as_fr
bn,action_check_config,same_as_fr
bn,action_check_config_details,same_as_fr
bn,action_regenerate_password,same_as_fr
bn,action_regenerate_password_details,same_as_fr
bn,system_information,same_as_fr
bn,label_smtp_server,same_as_fr
bn,label_port,same_as_fr
bn,label_account,same_as_fr
bn,label_environment,same_as_fr
bn,alert_auto_generated_notice,same_as_fr
bn,account_management_system,same_as_fr
bn,alert_generated_by_safemail,same_as_fr
bn,contact_technical_team,same_as_fr
bn,password_reset_title,same_as_fr
bn,password_reset_heading,same_as_fr
bn,greeting_simple_name,same_as_fr
bn,password_reset_reason,same_as_fr
bn,password_reset_click_link,same_as_fr
bn,password_reset_no_action_needed,same_as_fr
bn,thank_you_using_brand,same_as_fr
bs,compte_created_subject,same_as_fr
bs,compte_created_title,same_as_fr
bs,greeting,same_as_fr
bs,compte_created_message,same_as_fr
bs,credentials_title,same_as_fr
bs,label_email,same_as_fr
bs,label_password,same_as_fr
bs,label_initial_balance,same_as_fr
bs,cta_login,same_as_fr
bs,info_access,same_as_fr
bs,support_contact,same_as_fr
bs,footer_thanks,same_as_fr
bs,footer_brand,same_as_fr
bs,footer_partner,same_as_fr
bs,virement_success_subject,same_as_fr
bs,virement_success_title,same_as_fr
bs,virement_success_message,same_as_fr
bs,virement_failed_subject,same_as_fr
bs,virement_failed_title,same_as_fr
bs,virement_failed_message,same_as_fr
bs,details_title,same_as_fr
bs,label_amount,same_as_fr
bs,label_date,same_as_fr
bs,label_beneficiary,same_as_fr
bs,virement_notice,same_as_fr
bs,thanks,same_as_fr
bs,contact_support_for_info,same_as_fr
bs,regards,same_as_fr
bs,service_client,same_as_fr
bs,auto_generated_notice,same_as_fr
bs,compte_activated_title,same_as_fr
bs,compte_activated_heading,same_as_fr
bs,good_news,same_as_fr
bs,compte_activated_message,same_as_fr
bs,compte_activated_explanation,same_as_fr
bs,label_holder,same_as_fr
bs,label_current_balance,same_as_fr
bs,label_status,same_as_fr
bs,status_active,same_as_fr
bs,you_can_now,same_as_fr
bs,can_make_transfers,same_as_fr
bs,check_balance,same_as_fr
bs,manage_transactions,same_as_fr
bs,access_services,same_as_fr
bs,thanks_welcome,same_as_fr
bs,unlock_code_used_title,same_as_fr
bs,unlock_code_used_heading,same_as_fr
bs,greeting_simple,same_as_fr
bs,info_notification,same_as_fr
bs,unlock_code_used_alert,same_as_fr
bs,unlock_code_used_explanation,same_as_fr
bs,label_date_time,same_as_fr
bs,label_transfer_amount,same_as_fr
bs,label_recipient,same_as_fr
bs,urgent_if_not_you,same_as_fr
bs,contact_support_immediately,same_as_fr
bs,check_recent_transactions,same_as_fr
bs,change_access_codes,same_as_fr
bs,if_legitimate,same_as_fr
bs,client_can_finalize,same_as_fr
bs,transfer_unlock_code_title,same_as_fr
bs,transfer_unlock_heading,same_as_fr
bs,transfer_unlock_message_intro,same_as_fr
bs,transfer_unlock_code_label,same_as_fr
bs,your_unlock_code,same_as_fr
bs,do_not_share_unlock_code,same_as_fr
bs,unlock_code_personal_confidential,same_as_fr
bs,unlock_code_needed_finalize,same_as_fr
bs,contact_support_for_questions,same_as_fr
bs,welcome_title,same_as_fr
bs,welcome_heading,same_as_fr
bs,welcome_message,same_as_fr
bs,login_credentials_title,same_as_fr
bs,access_member_area,same_as_fr
bs,pleasure_to_assist,same_as_fr
bs,balance_decreased_title,same_as_fr
bs,balance_decreased_heading,same_as_fr
bs,balance_decreased_message,same_as_fr
bs,operation_details,same_as_fr
bs,label_amount_deducted,same_as_fr
bs,label_new_balance,same_as_fr
bs,contact_us_if_questions,same_as_fr
bs,balance_increased_title,same_as_fr
bs,balance_increased_heading,same_as_fr
bs,balance_increased_message,same_as_fr
bs,label_amount_added,same_as_fr
bs,thank_you_trust,same_as_fr
bs,refund_title,same_as_fr
bs,refund_heading,same_as_fr
bs,refund_message,same_as_fr
bs,transfer_details,same_as_fr
bs,label_transfer_date,same_as_fr
bs,label_transfer_reason,same_as_fr
bs,refund_amount_text,same_as_fr
bs,refund_apology_contact,same_as_fr
bs,mail_error_alert_title,same_as_fr
bs,system_alert,same_as_fr
bs,mail_send_failure_detected,same_as_fr
bs,email_sending_problem,same_as_fr
bs,email_send_failure_explanation,same_as_fr
bs,error_details,same_as_fr
bs,label_failed_recipient,same_as_fr
bs,label_context,same_as_fr
bs,label_error_message,same_as_fr
bs,possible_causes,same_as_fr
bs,cause_daily_limit,same_as_fr
bs,cause_daily_limit_details,same_as_fr
bs,cause_smtp_connection,same_as_fr
bs,cause_smtp_connection_details,same_as_fr
bs,cause_auth_failed,same_as_fr
bs,cause_auth_failed_details,same_as_fr
bs,cause_app_password_revoked,same_as_fr
bs,cause_app_password_revoked_details,same_as_fr
bs,recommended_actions,same_as_fr
bs,action_if_limit,same_as_fr
bs,action_if_limit_details,same_as_fr
bs,action_check_logs,same_as_fr
bs,action_check_logs_details,same_as_fr
bs,action_test_connection,same_as_fr
bs,action_check_config,same_as_fr
bs,action_check_config_details,same_as_fr
bs,action_regenerate_password,same_as_fr
bs,action_regenerate_password_details,same_as_fr
bs,system_information,same_as_fr
bs,label_smtp_server,same_as_fr
bs,label_port,same_as_fr
bs,label_account,same_as_fr
bs,label_environment,same_as_fr
bs,alert_auto_generated_notice,same_as_fr
bs,account_management_system,same_as_fr
bs,alert_generated_by_safemail,same_as_fr
bs,contact_technical_team,same_as_fr
bs,password_reset_title,same_as_fr
bs,password_reset_heading,same_as_fr
bs,greeting_simple_name,same_as_fr
bs,password_reset_reason,same_as_fr
bs,password_reset_click_link,same_as_fr
bs,password_reset_no_action_needed,same_as_fr
bs,thank_you_using_brand,same_as_fr
ca,compte_created_subject,same_as_fr
ca,compte_created_title,same_as_fr
ca,greeting,same_as_fr
ca,compte_created_message,same_as_fr
ca,credentials_title,same_as_fr
ca,label_email,same_as_fr
ca,label_password,same_as_fr
ca,label_initial_balance,same_as_fr
ca,cta_login,same_as_fr
ca,info_access,same_as_fr
ca,support_contact,same_as_fr
ca,footer_thanks,same_as_fr
ca,footer_brand,same_as_fr
ca,footer_partner,same_as_fr
ca,virement_success_subject,same_as_fr
ca,virement_success_title,same_as_fr
ca,virement_success_message,same_as_fr
ca,virement_failed_subject,same_as_fr
ca,virement_failed_title,same_as_fr
ca,virement_failed_message,same_as_fr
ca,details_title,same_as_fr
ca,label_amount,same_as_fr
ca,label_date,same_as_fr
ca,label_beneficiary,same_as_fr
ca,virement_notice,same_as_fr
ca,thanks,same_as_fr
ca,contact_support_for_info,same_as_fr
ca,regards,same_as_fr
ca,service_client,same_as_fr
ca,auto_generated_notice,same_as_fr
ca,compte_activated_title,same_as_fr
ca,compte_activated_heading,same_as_fr
ca,good_news,same_as_fr
ca,compte_activated_message,same_as_fr
ca,compte_activated_explanation,same_as_fr
ca,label_holder,same_as_fr
ca,label_current_balance,same_as_fr
ca,label_status,same_as_fr
ca,status_active,same_as_fr
ca,you_can_now,same_as_fr
ca,can_make_transfers,same_as_fr
ca,check_balance,same_as_fr
ca,manage_transactions,same_as_fr
ca,access_services,same_as_fr
ca,thanks_welcome,same_as_fr
ca,unlock_code_used_title,same_as_fr
ca,unlock_code_used_heading,same_as_fr
ca,greeting_simple,same_as_fr
ca,info_notification,same_as_fr
ca,unlock_code_used_alert,same_as_fr
ca,unlock_code_used_explanation,same_as_fr
ca,label_date_time,same_as_fr
ca,label_transfer_amount,same_as_fr
ca,label_recipient,same_as_fr
ca,urgent_if_not_you,same_as_fr
ca,contact_support_immediately,same_as_fr
ca,check_recent_transactions,same_as_fr
ca,change_access_codes,same_as_fr
ca,if_legitimate,same_as_fr
ca,client_can_finalize,same_as_fr
ca,transfer_unlock_code_title,same_as_fr
ca,transfer_unlock_heading,same_as_fr
ca,transfer_unlock_message_intro,same_as_fr
ca,transfer_unlock_code_label,same_as_fr
ca,your_unlock_code,same_as_fr
ca,do_not_share_unlock_code,same_as_fr
ca,unlock_code_personal_confidential,same_as_fr
ca,unlock_code_needed_finalize,same_as_fr
ca,contact_support_for_questions,same_as_fr
ca,welcome_title,same_as_fr
ca,welcome_heading,same_as_fr
ca,welcome_message,same_as_fr
ca,login_credentials_title,same_as_fr
ca,access_member_area,same_as_fr
ca,pleasure_to_assist,same_as_fr
ca,balance_decreased_title,same_as_fr
ca,balance_decreased_heading,same_as_fr
ca,balance_decreased_message,same_as_fr
ca,operation_details,same_as_fr
ca,label_amount_deducted,same_as_fr
ca,label_new_balance,same_as_fr
ca,contact_us_if_questions,same_as_fr
ca,balance_increased_title,same_as_fr
ca,balance_increased_heading,same_as_fr
ca,balance_increased_message,same_as_fr
ca,label_amount_added,same_as_fr
ca,thank_you_trust,same_as_fr
ca,refund_title,same_as_fr
ca,refund_heading,same_as_fr
ca,refund_message,same_as_fr
ca,transfer_details,same_as_fr
ca,label_transfer_date,same_as_fr
ca,label_transfer_reason,same_as_fr
ca,refund_amount_text,same_as_fr
ca,refund_apology_contact,same_as_fr
ca,mail_error_alert_title,same_as_fr
ca,system_alert,same_as_fr
ca,mail_send_failure_detected,same_as_fr
ca,email_sending_problem,same_as_fr
ca,email_send_failure_explanation,same_as_fr
ca,error_details,same_as_fr
ca,label_failed_recipient,same_as_fr
ca,label_context,same_as_fr
ca,label_error_message,same_as_fr
ca,possible_causes,same_as_fr
ca,cause_daily_limit,same_as_fr
ca,cause_daily_limit_details,same_as_fr
ca,cause_smtp_connection,same_as_fr
ca,cause_smtp_connection_details,same_as_fr
ca,cause_auth_failed,same_as_fr
ca,cause_auth_failed_details,same_as_fr
ca,cause_app_password_revoked,same_as_fr
ca,cause_app_password_revoked_details,same_as_fr
ca,recommended_actions,same_as_fr
ca,action_if_limit,same_as_fr
ca,action_if_limit_details,same_as_fr
ca,action_check_logs,same_as_fr
ca,action_check_logs_details,same_as_fr
ca,action_test_connection,same_as_fr
ca,action_check_config,same_as_fr
ca,action_check_config_details,same_as_fr
ca,action_regenerate_password,same_as_fr
ca,action_regenerate_password_details,same_as_fr
ca,system_information,same_as_fr
ca,label_smtp_server,same_as_fr
ca,label_port,same_as_fr
ca,label_account,same_as_fr
ca,label_environment,same_as_fr
ca,alert_auto_generated_notice,same_as_fr
ca,account_management_system,same_as_fr
ca,alert_generated_by_safemail,same_as_fr
ca,contact_technical_team,same_as_fr
ca,password_reset_title,same_as_fr
ca,password_reset_heading,same_as_fr
ca,greeting_simple_name,same_as_fr
ca,password_reset_reason,same_as_fr
ca,password_reset_click_link,same_as_fr
ca,password_reset_no_action_needed,same_as_fr
ca,thank_you_using_brand,same_as_fr
ceb,compte_created_subject,same_as_fr
ceb,compte_created_title,same_as_fr
ceb,greeting,same_as_fr
ceb,compte_created_message,same_as_fr
ceb,credentials_title,same_as_fr
ceb,label_email,same_as_fr
ceb,label_password,same_as_fr
ceb,label_initial_balance,same_as_fr
ceb,cta_login,same_as_fr
ceb,info_access,same_as_fr
ceb,support_contact,same_as_fr
ceb,footer_thanks,same_as_fr
ceb,footer_brand,same_as_fr
ceb,footer_partner,same_as_fr
ceb,virement_success_subject,same_as_fr
ceb,virement_success_title,same_as_fr
ceb,virement_success_message,same_as_fr
ceb,virement_failed_subject,same_as_fr
ceb,virement_failed_title,same_as_fr
ceb,virement_failed_message,same_as_fr
ceb,details_title,same_as_fr
ceb,label_amount,same_as_fr
ceb,label_date,same_as_fr
ceb,label_beneficiary,same_as_fr
ceb,virement_notice,same_as_fr
ceb,thanks,same_as_fr
ceb,contact_support_for_info,same_as_fr
ceb,regards,same_as_fr
ceb,service_client,same_as_fr
ceb,auto_generated_notice,same_as_fr
ceb,compte_activated_title,same_as_fr
ceb,compte_activated_heading,same_as_fr
ceb,good_news,same_as_fr
ceb,compte_activated_message,same_as_fr
ceb,compte_activated_explanation,same_as_fr
ceb,label_holder,same_as_fr
ceb,label_current_balance,same_as_fr
ceb,label_status,same_as_fr
ceb,status_active,same_as_fr
ceb,you_can_now,same_as_fr
ceb,can_make_transfers,same_as_fr
ceb,check_balance,same_as_fr
ceb,manage_transactions,same_as_fr
ceb,access_services,same_as_fr
ceb,thanks_welcome,same_as_fr
ceb,unlock_code_used_title,same_as_fr
ceb,unlock_code_used_heading,same_as_fr
ceb,greeting_simple,same_as_fr
ceb,info_notification,same_as_fr
ceb,unlock_code_used_alert,same_as_fr
ceb,unlock_code_used_explanation,same_as_fr
ceb,label_date_time,same_as_fr
ceb,label_transfer_amount,same_as_fr
ceb,label_recipient,same_as_fr
ceb,urgent_if_not_you,same_as_fr
ceb,contact_support_immediately,same_as_fr
ceb,check_recent_transactions,same_as_fr
ceb,change_access_codes,same_as_fr
ceb,if_legitimate,same_as_fr
ceb,client_can_finalize,same_as_fr
ceb,transfer_unlock_code_title,same_as_fr
ceb,transfer_unlock_heading,same_as_fr
ceb,transfer_unlock_message_intro,same_as_fr
ceb,transfer_unlock_code_label,same_as_fr
ceb,your_unlock_code,same_as_fr
ceb,do_not_share_unlock_code,same_as_fr
ceb,unlock_code_personal_confidential,same_as_fr
ceb,unlock_code_needed_finalize,same_as_fr
ceb,contact_support_for_questions,same_as_fr
ceb,welcome_title,same_as_fr
ceb,welcome_heading,same_as_fr
ceb,welcome_message,same_as_fr
ceb,login_credentials_title,same_as_fr
ceb,access_member_area,same_as_fr
ceb,pleasure_to_assist,same_as_fr
ceb,balance_decreased_title,same_as_fr
ceb,balance_decreased_heading,same_as_fr
ceb,balance_decreased_message,same_as_fr
ceb,operation_details,same_as_fr
ceb,label_amount_deducted,same_as_fr
ceb,label_new_balance,same_as_fr
ceb,contact_us_if_questions,same_as_fr
ceb,balance_increased_title,same_as_fr
ceb,balance_increased_heading,same_as_fr
ceb,balance_increased_message,same_as_fr
ceb,label_amount_added,same_as_fr
ceb,thank_you_trust,same_as_fr
ceb,refund_title,same_as_fr
ceb,refund_heading,same_as_fr
ceb,refund_message,same_as_fr
ceb,transfer_details,same_as_fr
ceb,label_transfer_date,same_as_fr
ceb,label_transfer_reason,same_as_fr
ceb,refund_amount_text,same_as_fr
ceb,refund_apology_contact,same_as_fr
ceb,mail_error_alert_title,same_as_fr
ceb,system_alert,same_as_fr
ceb,mail_send_failure_detected,same_as_fr
ceb,email_sending_problem,same_as_fr
ceb,email_send_failure_explanation,same_as_fr
ceb,error_details,same_as_fr
ceb,label_failed_recipient,same_as_fr
ceb,label_context,same_as_fr
ceb,label_error_message,same_as_fr
ceb,possible_causes,same_as_fr
ceb,cause_daily_limit,same_as_fr
ceb,cause_daily_limit_details,same_as_fr
ceb,cause_smtp_connection,same_as_fr
ceb,cause_smtp_connection_details,same_as_fr
ceb,cause_auth_failed,same_as_fr
ceb,cause_auth_failed_details,same_as_fr
ceb,cause_app_password_revoked,same_as_fr
ceb,cause_app_password_revoked_details,same_as_fr
ceb,recommended_actions,same_as_fr
ceb,action_if_limit,same_as_fr
ceb,action_if_limit_details,same_as_fr
ceb,action_check_logs,same_as_fr
ceb,action_check_logs_details,same_as_fr
ceb,action_test_connection,same_as_fr
ceb,action_check_config,same_as_fr
ceb,action_check_config_details,same_as_fr
ceb,action_regenerate_password,same_as_fr
ceb,action_regenerate_password_details,same_as_fr
ceb,system_information,same_as_fr
ceb,label_smtp_server,same_as_fr
ceb,label_port,same_as_fr
ceb,label_account,same_as_fr
ceb,label_environment,same_as_fr
ceb,alert_auto_generated_notice,same_as_fr
ceb,account_management_system,same_as_fr
ceb,alert_generated_by_safemail,same_as_fr
ceb,contact_technical_team,same_as_fr
ceb,password_reset_title,same_as_fr
ceb,password_reset_heading,same_as_fr
ceb,greeting_simple_name,same_as_fr
ceb,password_reset_reason,same_as_fr
ceb,password_reset_click_link,same_as_fr
ceb,password_reset_no_action_needed,same_as_fr
ceb,thank_you_using_brand,same_as_fr
co,compte_created_subject,same_as_fr
co,compte_created_title,same_as_fr
co,greeting,same_as_fr
co,compte_created_message,same_as_fr
co,credentials_title,same_as_fr
co,label_email,same_as_fr
co,label_password,same_as_fr
co,label_initial_balance,same_as_fr
co,cta_login,same_as_fr
co,info_access,same_as_fr
co,support_contact,same_as_fr
co,footer_thanks,same_as_fr
co,footer_brand,same_as_fr
co,footer_partner,same_as_fr
co,virement_success_subject,same_as_fr
co,virement_success_title,same_as_fr
co,virement_success_message,same_as_fr
co,virement_failed_subject,same_as_fr
co,virement_failed_title,same_as_fr
co,virement_failed_message,same_as_fr
co,details_title,same_as_fr
co,label_amount,same_as_fr
co,label_date,same_as_fr
co,label_beneficiary,same_as_fr
co,virement_notice,same_as_fr
co,thanks,same_as_fr
co,contact_support_for_info,same_as_fr
co,regards,same_as_fr
co,service_client,same_as_fr
co,auto_generated_notice,same_as_fr
co,compte_activated_title,same_as_fr
co,compte_activated_heading,same_as_fr
co,good_news,same_as_fr
co,compte_activated_message,same_as_fr
co,compte_activated_explanation,same_as_fr
co,label_holder,same_as_fr
co,label_current_balance,same_as_fr
co,label_status,same_as_fr
co,status_active,same_as_fr
co,you_can_now,same_as_fr
co,can_make_transfers,same_as_fr
co,check_balance,same_as_fr
co,manage_transactions,same_as_fr
co,access_services,same_as_fr
co,thanks_welcome,same_as_fr
co,unlock_code_used_title,same_as_fr
co,unlock_code_used_heading,same_as_fr
co,greeting_simple,same_as_fr
co,info_notification,same_as_fr
co,unlock_code_used_alert,same_as_fr
co,unlock_code_used_explanation,same_as_fr
co,label_date_time,same_as_fr
co,label_transfer_amount,same_as_fr
co,label_recipient,same_as_fr
co,urgent_if_not_you,same_as_fr
co,contact_support_immediately,same_as_fr
co,check_recent_transactions,same_as_fr
co,change_access_codes,same_as_fr
co,if_legitimate,same_as_fr
co,client_can_finalize,same_as_fr
co,transfer_unlock_code_title,same_as_fr
co,transfer_unlock_heading,same_as_fr
co,transfer_unlock_message_intro,same_as_fr
co,transfer_unlock_code_label,same_as_fr
co,your_unlock_code,same_as_fr
co,do_not_share_unlock_code,same_as_fr
co,unlock_code_personal_confidential,same_as_fr
co,unlock_code_needed_finalize,same_as_fr
co,contact_support_for_questions,same_as_fr
co,welcome_title,same_as_fr
co,welcome_heading,same_as_fr
co,welcome_message,same_as_fr
co,login_credentials_title,same_as_fr
co,access_member_area,same_as_fr
co,pleasure_to_assist,same_as_fr
co,balance_decreased_title,same_as_fr
co,balance_decreased_heading,same_as_fr
co,balance_decreased_message,same_as_fr
co,operation_details,same_as_fr
co,label_amount_deducted,same_as_fr
co,label_new_balance,same_as_fr
co,contact_us_if_questions,same_as_fr
co,balance_increased_title,same_as_fr
co,balance_increased_heading,same_as_fr
co,balance_increased_message,same_as_fr
co,label_amount_added,same_as_fr
co,thank_you_trust,same_as_fr
co,refund_title,same_as_fr
co,refund_heading,same_as_fr
co,refund_message,same_as_fr
co,transfer_details,same_as_fr
co,label_transfer_date,same_as_fr
co,label_transfer_reason,same_as_fr
co,refund_amount_text,same_as_fr
co,refund_apology_contact,same_as_fr
co,mail_error_alert_title,same_as_fr
co,system_alert,same_as_fr
co,mail_send_failure_detected,same_as_fr
co,email_sending_problem,same_as_fr
co,email_send_failure_explanation,same_as_fr
co,error_details,same_as_fr
co,label_failed_recipient,same_as_fr
co,label_context,same_as_fr
co,label_error_message,same_as_fr
co,possible_causes,same_as_fr
co,cause_daily_limit,same_as_fr
co,cause_daily_limit_details,same_as_fr
co,cause_smtp_connection,same_as_fr
co,cause_smtp_connection_details,same_as_fr
co,cause_auth_failed,same_as_fr
co,cause_auth_failed_details,same_as_fr
co,cause_app_password_revoked,same_as_fr
co,cause_app_password_revoked_details,same_as_fr
co,recommended_actions,same_as_fr
co,action_if_limit,same_as_fr
co,action_if_limit_details,same_as_fr
co,action_check_logs,same_as_fr
co,action_check_logs_details,same_as_fr
co,action_test_connection,same_as_fr
co,action_check_config,same_as_fr
co,action_check_config_details,same_as_fr
co,action_regenerate_password,same_as_fr
co,action_regenerate_password_details,same_as_fr
co,system_information,same_as_fr
co,label_smtp_server,same_as_fr
co,label_port,same_as_fr
co,label_account,same_as_fr
co,label_environment,same_as_fr
co,alert_auto_generated_notice,same_as_fr
co,account_management_system,same_as_fr
co,alert_generated_by_safemail,same_as_fr
co,contact_technical_team,same_as_fr
co,password_reset_title,same_as_fr
co,password_reset_heading,same_as_fr
co,greeting_simple_name,same_as_fr
co,password_reset_reason,same_as_fr
co,password_reset_click_link,same_as_fr
co,password_reset_no_action_needed,same_as_fr
co,thank_you_using_brand,same_as_fr
cs,label_email,same_as_fr
cs,footer_brand,same_as_fr
cs,label_date,same_as_fr
cs,label_port,same_as_fr
cs,compte_created_subject,same_as_en
cs,compte_created_title,same_as_en
cs,greeting,same_as_en
cs,credentials_title,same_as_en
cs,label_password,same_as_en
cs,label_initial_balance,same_as_en
cs,cta_login,same_as_en
cs,info_access,same_as_en
cs,footer_partner,same_as_en
cs,virement_success_subject,same_as_en
cs,virement_success_title,same_as_en
cs,virement_success_message,same_as_en
cs,virement_failed_subject,same_as_en
cs,virement_failed_title,same_as_en
cs,virement_failed_message,same_as_en
cs,details_title,same_as_en
cs,label_amount,same_as_en
cs,label_beneficiary,same_as_en
cs,virement_notice,same_as_en
cs,thanks,same_as_en
cs,regards,same_as_en
cs,service_client,same_as_en
cs,auto_generated_notice,same_as_en
cs,compte_activated_title,same_as_en
cs,compte_activated_heading,same_as_en
cs,good_news,same_as_en
cs,compte_activated_message,same_as_en
cs,compte_activated_explanation,same_as_en
cs,label_holder,same_as_en
cs,label_current_balance,same_as_en
cs,label_status,same_as_en
cs,status_active,same_as_en
cs,you_can_now,same_as_en
cs,can_make_transfers,same_as_en
cs,check_balance,same_as_en
cs,manage_transactions,same_as_en
cs,access_services,same_as_en
cs,thanks_welcome,same_as_en
cs,unlock_code_used_title,same_as_en
cs,unlock_code_used_heading,same_as_en
cs,greeting_simple,same_as_en
cs,info_notification,same_as_en
cs,label_date_time,same_as_en
cs,label_transfer_amount,same_as_en
cs,label_recipient,same_as_en
cs,contact_support_immediately,same_as_en
cs,check_recent_transactions,same_as_en
cs,if_legitimate,same_as_en
cs,client_can_finalize,same_as_en
cs,transfer_unlock_code_title,same_as_en
cs,transfer_unlock_heading,same_as_en
cs,transfer_unlock_message_intro,same_as_en
cs,transfer_unlock_code_label,same_as_en
cs,your_unlock_code,same_as_en
cs,do_not_share_unlock_code,same_as_en
cs,unlock_code_personal_confidential,same_as_en
cs,unlock_code_needed_finalize,same_as_en
cs,contact_support_for_questions,same_as_en
cs,welcome_title,same_as_en
cs,welcome_heading,same_as_en
cs,login_credentials_title,same_as_en
cs,pleasure_to_assist,same_as_en
cs,balance_decreased_title,same_as_en
cs,balance_decreased_heading,same_as_en
cs,balance_decreased_message,same_as_en
cs,label_amount_deducted,same_as_en
cs,label_new_balance,same_as_en
cs,balance_increased_title,same_as_en
cs,balance_increased_heading,same_as_en
cs,balance_increased_message,same_as_en
cs,label_amount_added,same_as_en
cs,thank_you_trust,same_as_en
cs,refund_title,same_as_en
cs,refund_heading,same_as_en
cs,refund_message,same_as_en
cs,transfer_details,same_as_en
cs,label_transfer_date,same_as_en
cs,label_transfer_reason,same_as_en
cs,refund_amount_text,same_as_en
cs,mail_error_alert_title,same_as_en
cs,system_alert,same_as_en
cs,label_failed_recipient,same_as_en
cs,label_context,same_as_en
cs,possible_causes,same_as_en
cs,cause_daily_limit,same_as_en
cs,cause_smtp_connection,same_as_en
cs,cause_smtp_connection_details,same_as_en
cs,cause_auth_failed,same_as_en
cs,cause_auth_failed_details,same_as_en
cs,recommended_actions,same_as_en
cs,action_if_limit,same_as_en
cs,action_check_logs,same_as_en
cs,action_check_logs_details,same_as_en
cs,action_test_connection,same_as_en
cs,action_check_config,same_as_en
cs,action_check_config_details,same_as_en
cs,action_regenerate_password,same_as_en
cs,system_information,same_as_en
cs,label_smtp_server,same_as_en
cs,label_account,same_as_en
cs,label_environment,same_as_en
cs,account_management_system,same_as_en
cs,alert_generated_by_safemail,same_as_en
cs,contact_technical_team,same_as_en
cs,password_reset_title,same_as_en
cs,password_reset_heading,same_as_en
cs,greeting_simple_name,same_as_en
cs,password_reset_reason,same_as_en
cs,password_reset_click_link,same_as_en
cs,compte_created_message,translated
cs,support_contact,translated
cs,footer_thanks,translated
cs,contact_support_for_info,translated
cs,unlock_code_used_alert,translated
cs,unlock_code_used_explanation,translated
cs,urgent_if_not_you,translated
cs,change_access_codes,translated
cs,welcome_message,translated
cs,access_member_area,translated
cs,operation_details,translated
cs,contact_us_if_questions,translated
cs,refund_apology_contact,translated
cs,mail_send_failure_detected,translated
cs,email_sending_problem,translated
cs,email_send_failure_explanation,translated
cs,error_details,translated
cs,label_error_message,translated
cs,cause_daily_limit_details,translated
cs,cause_app_password_revoked,translated
cs,cause_app_password_revoked_details,translated
cs,action_if_limit_details,translated
cs,action_regenerate_password_details,translated
cs,alert_auto_generated_notice,translated
cs,password_reset_no_action_needed,translated
cs,thank_you_using_brand,translated
cy,label_email,same_as_fr
cy,footer_brand,same_as_fr
cy,label_date,same_as_fr
cy,label_port,same_as_fr
cy,compte_created_subject,same_as_en
cy,compte_created_title,same_as_en
cy,greeting,same_as_en
cy,compte_created_message,same_as_en
cy,credentials_title,same_as_en
cy,label_password,same_as_en
cy,label_initial_balance,same_as_en
cy,cta_login,same_as_en
cy,info_access,same_as_en
cy,support_contact,same_as_en
cy,footer_thanks,same_as_en
cy,footer_partner,same_as_en
cy,virement_success_subject,same_as_en
cy,virement_success_title,same_as_en
cy,virement_success_message,same_as_en
cy,virement_failed_subject,same_as_en
cy,virement_failed_title,same_as_en
cy,virement_failed_message,same_as_en
cy,details_title,same_as_en
cy,label_amount,same_as_en
cy,label_beneficiary,same_as_en
cy,virement_notice,same_as_en
cy,thanks,same_as_en
cy,contact_support_for_info,same_as_en
cy,regards,same_as_en
cy,service_client,same_as_en
cy,auto_generated_notice,same_as_en
cy,compte_activated_title,same_as_en
cy,compte_activated_heading,same_as_en
cy,good_news,same_as_en
cy,compte_activated_message,same_as_en
cy,compte_activated_explanation,same_as_en
cy,label_holder,same_as_en
cy,label_current_balance,same_as_en
cy,label_status,same_as_en
cy,status_active,same_as_en
cy,you_can_now,same_as_en
cy,can_make_transfers,same_as_en
cy,check_balance,same_as_en
cy,manage_transactions,same_as_en
cy,access_services,same_as_en
cy,thanks_welcome,same_as_en
cy,unlock_code_used_title,same_as_en
cy,unlock_code_used_heading,same_as_en
cy,greeting_simple,same_as_en
cy,info_notification,same_as_en
cy,unlock_code_used_alert,same_as_en
cy,unlock_code_used_explanation,same_as_en
cy,label_date_time,same_as_en
cy,label_transfer_amount,same_as_en
cy,label_recipient,same_as_en
cy,urgent_if_not_you,same_as_en
cy,contact_support_immediately,same_as_en
cy,check_recent_transactions,same_as_en
cy,change_access_codes,same_as_en
cy,if_legitimate,same_as_en
cy,client_can_finalize,same_as_en
cy,transfer_unlock_code_title,same_as_en
cy,transfer_unlock_heading,same_as_en
cy,transfer_unlock_message_intro,same_as_en
cy,transfer_unlock_code_label,same_as_en
cy,your_unlock_code,same_as_en
cy,do_not_share_unlock_code,same_as_en
cy,unlock_code_personal_confidential,same_as_en
cy,unlock_code_needed_finalize,same_as_en
cy,contact_support_for_questions,same_as_en
cy,welcome_title,same_as_en
cy,welcome_heading,same_as_en
cy,welcome_message,same_as_en
cy,login_credentials_title,same_as_en
cy,access_member_area,same_as_en
cy,pleasure_to_assist,same_as_en
cy,balance_decreased_title,same_as_en
cy,balance_decreased_heading,same_as_en
cy,balance_decreased_message,same_as_en
cy,operation_details,same_as_en
cy,label_amount_deducted,same_as_en
cy,label_new_balance,same_as_en
cy,contact_us_if_questions,same_as_en
cy,balance_increased_title,same_as_en
cy,balance_increased_heading,same_as_en
cy,balance_increased_message,same_as_en
cy,label_amount_added,same_as_en
cy,thank_you_trust,same_as_en
cy,refund_title,same_as_en
cy,refund_heading,same_as_en
cy,refund_message,same_as_en
cy,transfer_details,same_as_en
cy,label_transfer_date,same_as_en
cy,label_transfer_reason,same_as_en
cy,refund_amount_text,same_as_en
cy,refund_apology_contact,same_as_en
cy,mail_error_alert_title,same_as_en
cy,system_alert,same_as_en
cy,mail_send_failure_detected,same_as_en
cy,email_sending_problem,same_as_en
cy,email_send_failure_explanation,same_as_en
cy,error_details,same_as_en
cy,label_failed_recipient,same_as_en
cy,label_context,same_as_en
cy,label_error_message,same_as_en
cy,possible_causes,same_as_en
cy,cause_daily_limit,same_as_en
cy,cause_daily_limit_details,same_as_en
cy,cause_smtp_connection,same_as_en
cy,cause_smtp_connection_details,same_as_en
cy,cause_auth_failed,same_as_en
cy,cause_auth_failed_details,same_as_en
cy,cause_app_password_revoked,same_as_en
cy,cause_app_password_revoked_details,same_as_en
cy,recommended_actions,same_as_en
cy,action_if_limit,same_as_en
cy,action_if_limit_details,same_as_en
cy,action_check_logs,same_as_en
cy,action_check_logs_details,same_as_en
cy,action_test_connection,same_as_en
cy,action_check_config,same_as_en
cy,action_check_config_details,same_as_en
cy,action_regenerate_password,same_as_en
cy,action_regenerate_password_details,same_as_en
cy,system_information,same_as_en
cy,label_smtp_server,same_as_en
cy,label_account,same_as_en
cy,label_environment,same_as_en
cy,alert_auto_generated_notice,same_as_en
cy,account_management_system,same_as_en
cy,alert_generated_by_safemail,same_as_en
cy,contact_technical_team,same_as_en
cy,password_reset_title,same_as_en
cy,password_reset_heading,same_as_en
cy,greeting_simple_name,same_as_en
cy,password_reset_reason,same_as_en
cy,password_reset_click_link,same_as_en
cy,password_reset_no_action_needed,same_as_en
cy,thank_you_using_brand,same_as_en
da,label_email,same_as_fr
da,footer_brand,same_as_fr
da,label_date,same_as_fr
da,label_port,same_as_fr
da,compte_created_subject,same_as_en
da,compte_created_title,same_as_en
da,greeting,same_as_en
da,credentials_title,same_as_en
da,label_password,same_as_en
da,label_initial_balance,same_as_en
da,cta_login,same_as_en
da,info_access,same_as_en
da,footer_partner,same_as_en
da,virement_success_subject,same_as_en
da,virement_success_title,same_as_en
da,virement_success_message,same_as_en
da,virement_failed_subject,same_as_en
da,virement_failed_title,same_as_en
da,virement_failed_message,same_as_en
da,details_title,same_as_en
da,label_amount,same_as_en
da,label_beneficiary,same_as_en
da,virement_notice,same_as_en
da,thanks,same_as_en
da,regards,same_as_en
da,service_client,same_as_en
da,auto_generated_notice,same_as_en
da,compte_activated_title,same_as_en
da,compte_activated_heading,same_as_en
da,good_news,same_as_en
da,compte_activated_message,same_as_en
da,compte_activated_explanation,same_as_en
da,label_holder,same_as_en
da,label_current_balance,same_as_en
da,label_status,same_as_en
da,status_active,same_as_en
da,you_can_now,same_as_en
da,can_make_transfers,same_as_en
da,check_balance,same_as_en
da,manage_transactions,same_as_en
da,access_services,same_as_en
da,thanks_welcome,same_as_en
da,unlock_code_used_title,same_as_en
da,unlock_code_used_heading,same_as_en
da,greeting_simple,same_as_en
da,info_notification,same_as_en
da,label_date_time,same_as_en
da,label_transfer_amount,same_as_en
da,label_recipient,same_as_en
da,contact_support_immediately,same_as_en
da,check_recent_transactions,same_as_en
da,if_legitimate,same_as_en
da,client_can_finalize,same_as_en
da,transfer_unlock_code_title,same_as_en
da,transfer_unlock_heading,same_as_en
da,transfer_unlock_message_intro,same_as_en
da,transfer_unlock_code_label,same_as_en
da,your_unlock_code,same_as_en
da,do_not_share_unlock_code,same_as_en
da,unlock_code_personal_confidential,same_as_en
da,unlock_code_needed_finalize,same_as_en
da,contact_support_for_questions,same_as_en
da,welcome_title,same_as_en
da,welcome_heading,same_as_en
da,login_credentials_title,same_as_en
da,pleasure_to_assist,same_as_en
da,balance_decreased_title,same_as_en
da,balance_decreased_heading,same_as_en
da,balance_decreased_message,same_as_en
da,label_amount_deducted,same_as_en
da,label_new_balance,same_as_en
da,balance_increased_title,same_as_en
da,balance_increased_heading,same_as_en
da,balance_increased_message,same_as_en
da,label_amount_added,same_as_en
da,thank_you_trust,same_as_en
da,refund_title,same_as_en
da,refund_heading,same_as_en
da,refund_message,same_as_en
da,transfer_details,same_as_en
da,label_transfer_date,same_as_en
da,label_transfer_reason,same_as_en
da,refund_amount_text,same_as_en
da,mail_error_alert_title,same_as_en
da,system_alert,same_as_en
da,label_failed_recipient,same_as_en
da,label_context,same_as_en
da,possible_causes,same_as_en
da,cause_daily_limit,same_as_en
da,cause_smtp_connection,same_as_en
da,cause_smtp_connection_details,same_as_en
da,cause_auth_failed,same_as_en
da,cause_auth_failed_details,same_as_en
da,recommended_actions,same_as_en
da,action_if_limit,same_as_en
da,action_check_logs,same_as_en
da,action_check_logs_details,same_as_en
da,action_test_connection,same_as_en
da,action_check_config,same_as_en
da,action_check_config_details,same_as_en
da,action_regenerate_password,same_as_en
da,system_information,same_as_en
da,label_smtp_server,same_as_en
da,label_account,same_as_en
da,label_environment,same_as_en
da,account_management_system,same_as_en
da,alert_generated_by_safemail,same_as_en
da,contact_technical_team,same_as_en
da,password_reset_title,same_as_en
da,password_reset_heading,same_as_en
da,greeting_simple_name,same_as_en
da,password_reset_reason,same_as_en
da,password_reset_click_link,same_as_en
da,compte_created_message,translated
da,support_contact,translated
da,footer_thanks,translated
da,contact_support_for_info,translated
da,unlock_code_used_alert,translated
da,unlock_code_used_explanation,translated
da,urgent_if_not_you,translated
da,change_access_codes,translated
da,welcome_message,translated
da,access_member_area,translated
da,operation_details,translated
da,contact_us_if_questions,translated
da,refund_apology_contact,translated
da,mail_send_failure_detected,translated
da,email_sending_problem,translated
da,email_send_failure_explanation,translated
da,error_details,translated
da,label_error_message,translated
da,cause_daily_limit_details,translated
da,cause_app_password_revoked,translated
da,cause_app_password_revoked_details,translated
da,action_if_limit_details,translated
da,action_regenerate_password_details,translated
da,alert_auto_generated_notice,translated
da,password_reset_no_action_needed,translated
da,thank_you_using_brand,translated
de,footer_brand,same_as_fr
de,label_port,same_as_fr
de,label_status,same_as_en
de,compte_created_subject,translated
de,compte_created_title,translated
de,greeting,translated
de,compte_created_message,translated
de,credentials_title,translated
de,label_email,translated
de,label_password,translated
de,label_initial_balance,translated
de,cta_login,translated
de,info_access,translated
de,support_contact,translated
de,footer_thanks,translated
de,footer_partner,translated
de,virement_success_subject,translated
de,virement_success_title,translated
de,virement_success_message,translated
de,virement_failed_subject,translated
de,virement_failed_title,translated
de,virement_failed_message,translated
de,details_title,translated
de,label_amount,translated
de,label_date,translated
de,label_beneficiary,translated
de,virement_notice,translated
de,thanks,translated
de,contact_support_for_info,translated
de,regards,translated
de,service_client,translated
de,auto_generated_notice,translated
de,compte_activated_title,translated
de,compte_activated_heading,translated
de,good_news,translated
de,compte_activated_message,translated
de,compte_activated_explanation,translated
de,label_holder,translated
de,label_current_balance,translated
de,status_active,translated
de,you_can_now,translated
de,can_make_transfers,translated
de,check_balance,translated
de,manage_transactions,translated
de,access_services,translated
de,thanks_welcome,translated
de,unlock_code_used_title,translated
de,unlock_code_used_heading,translated
de,greeting_simple,translated
de,info_notification,translated
de,unlock_code_used_alert,translated
de,unlock_code_used_explanation,translated
de,label_date_time,translated
de,label_transfer_amount,translated
de,label_recipient,translated
de,urgent_if_not_you,translated
de,contact_support_immediately,translated
de,check_recent_transactions,translated
de,change_access_codes,translated
de,if_legitimate,translated
de,client_can_finalize,translated
de,transfer_unlock_code_title,translated
de,transfer_unlock_heading,translated
de,transfer_unlock_message_intro,translated
de,transfer_unlock_code_label,translated
de,your_unlock_code,translated
de,do_not_share_unlock_code,translated
de,unlock_code_personal_confidential,translated
de,unlock_code_needed_finalize,translated
de,contact_support_for_questions,translated
de,welcome_title,translated
de,welcome_heading,translated
de,welcome_message,translated
de,login_credentials_title,translated
de,access_member_area,translated
de,pleasure_to_assist,translated
de,balance_decreased_title,translated
de,balance_decreased_heading,translated
de,balance_decreased_message,translated
de,operation_details,translated
de,label_amount_deducted,translated
de,label_new_balance,translated
de,contact_us_if_questions,translated
de,balance_increased_title,translated
de,balance_increased_heading,translated
de,balance_increased_message,translated
de,label_amount_added,translated
de,thank_you_trust,translated
de,refund_title,translated
de,refund_heading,translated
de,refund_message,translated
de,transfer_details,translated
de,label_transfer_date,translated
de,label_transfer_reason,translated
de,refund_amount_text,translated
de,refund_apology_contact,translated
de,mail_error_alert_title,translated
de,system_alert,translated
de,mail_send_failure_detected,translated
de,email_sending_problem,translated
de,email_send_failure_explanation,translated
de,error_details,translated
de,label_failed_recipient,translated
de,label_context,translated
de,label_error_message,translated
de,possible_causes,translated
de,cause_daily_limit,translated
de,cause_daily_limit_details,translated
de,cause_smtp_connection,translated
de,cause_smtp_connection_details,translated
de,cause_auth_failed,translated
de,cause_auth_failed_details,translated
de,cause_app_password_revoked,translated
de,cause_app_password_revoked_details,translated
de,recommended_actions,translated
de,action_if_limit,translated
de,action_if_limit_details,translated
de,action_check_logs,translated
de,action_check_logs_details,translated
de,action_test_connection,translated
de,action_check_config,translated
de,action_check_config_details,translated
de,action_regenerate_password,translated
de,action_regenerate_password_details,translated
de,system_information,translated
de,label_smtp_server,translated
de,label_account,translated
de,label_environment,translated
de,alert_auto_generated_notice,translated
de,account_management_system,translated
de,alert_generated_by_safemail,translated
de,contact_technical_team,translated
de,password_reset_title,translated
de,password_reset_heading,translated
de,greeting_simple_name,translated
de,password_reset_reason,translated
de,password_reset_click_link,translated
de,password_reset_no_action_needed,translated
de,thank_you_using_brand,translated
el,label_email,same_as_fr
el,footer_brand,same_as_fr
el,label_date,same_as_fr
el,label_port,same_as_fr
el,compte_created_subject,same_as_en
el,compte_created_title,same_as_en
el,greeting,same_as_en
el,credentials_title,same_as_en
el,label_password,same_as_en
el,label_initial_balance,same_as_en
el,cta_login,same_as_en
el,info_access,same_as_en
el,footer_partner,same_as_en
el,virement_success_subject,same_as_en
el,virement_success_title,same_as_en
el,virement_success_message,same_as_en
el,virement_failed_subject,same_as_en
el,virement_failed_title,same_as_en
el,virement_failed_message,same_as_en
el,details_title,same_as_en
el,label_amount,same_as_en
el,label_beneficiary,same_as_en
el,virement_notice,same_as_en
el,thanks,same_as_en
el,regards,same_as_en
el,service_client,same_as_en
el,auto_generated_notice,same_as_en
el,compte_activated_title,same_as_en
el,compte_activated_heading,same_as_en
el,good_news,same_as_en
el,compte_activated_message,same_as_en
el,compte_activated_explanation,same_as_en
el,label_holder,same_as_en
el,label_current_balance,same_as_en
el,label_status,same_as_en
el,status_active,same_as_en
el,you_can_now,same_as_en
el,can_make_transfers,same_as_en
el,check_balance,same_as_en
el,manage_transactions,same_as_en
el,access_services,same_as_en
el,thanks_welcome,same_as_en
el,unlock_code_used_title,same_as_en
el,unlock_code_used_heading,same_as_en
el,greeting_simple,same_as_en
el,info_notification,same_as_en
el,label_date_time,same_as_en
el,label_transfer_amount,same_as_en
el,label_recipient,same_as_en
el,contact_support_immediately,same_as_en
el,check_recent_transactions,same_as_en
el,if_legitimate,same_as_en
el,client_can_finalize,same_as_en
el,transfer_unlock_code_title,same_as_en
el,transfer_unlock_heading,same_as_en
el,transfer_unlock_message_intro,same_as_en
el,transfer_unlock_code_label,same_as_en
el,your_unlock_code,same_as_en
el,do_not_share_unlock_code,same_as_en
el,unlock_code_personal_confidential,same_as_en
el,unlock_code_needed_finalize,same_as_en
el,contact_support_for_questions,same_as_en
el,welcome_title,same_as_en
el,welcome_heading,same_as_en
el,login_credentials_title,same_as_en
el,pleasure_to_assist,same_as_en
el,balance_decreased_title,same_as_en
el,balance_decreased_heading,same_as_en
el,balance_decreased_message,same_as_en
el,label_amount_deducted,same_as_en
el,label_new_balance,same_as_en
el,balance_increased_title,same_as_en
el,balance_increased_heading,same_as_en
el,balance_increased_message,same_as_en
el,label_amount_added,same_as_en
el,thank_you_trust,same_as_en
el,refund_title,same_as_en
el,refund_heading,same_as_en
el,refund_message,same_as_en
el,transfer_details,same_as_en
el,label_transfer_date,same_as_en
el,label_transfer_reason,same_as_en
el,refund_amount_text,same_as_en
el,mail_error_alert_title,same_as_en
el,system_alert,same_as_en
el,label_failed_recipient,same_as_en
el,label_context,same_as_en
el,possible_causes,same_as_en
el,cause_daily_limit,same_as_en
el,cause_smtp_connection,same_as_en
el,cause_smtp_connection_details,same_as_en
el,cause_auth_failed,same_as_en
el,cause_auth_failed_details,same_as_en
el,recommended_actions,same_as_en
el,action_if_limit,same_as_en
el,action_check_logs,same_as_en
el,action_check_logs_details,same_as_en
el,action_test_connection,same_as_en
el,action_check_config,same_as_en
el,action_check_config_details,same_as_en
el,action_regenerate_password,same_as_en
el,system_information,same_as_en
el,label_smtp_server,same_as_en
el,label_account,same_as_en
el,label_environment,same_as_en
el,account_management_system,same_as_en
el,alert_generated_by_safemail,same_as_en
el,contact_technical_team,same_as_en
el,password_reset_title,same_as_en
el,password_reset_heading,same_as_en
el,greeting_simple_name,same_as_en
el,password_reset_reason,same_as_en
el,password_reset_click_link,same_as_en
el,compte_created_message,translated
el,support_contact,translated
el,footer_thanks,translated
el,contact_support_for_info,translated
el,unlock_code_used_alert,translated
el,unlock_code_used_explanation,translated
el,urgent_if_not_you,translated
el,change_access_codes,translated
el,welcome_message,translated
el,access_member_area,translated
el,operation_details,translated
el,contact_us_if_questions,translated
el,refund_apology_contact,translated
el,mail_send_failure_detected,translated
el,email_sending_problem,translated
el,email_send_failure_explanation,translated
el,error_details,translated
el,label_error_message,translated
el,cause_daily_limit_details,translated
el,cause_app_password_revoked,translated
el,cause_app_password_revoked_details,translated
el,action_if_limit_details,translated
el,action_regenerate_password_details,translated
el,alert_auto_generated_notice,translated
el,password_reset_no_action_needed,translated
el,thank_you_using_brand,translated
en,label_email,same_as_fr
en,footer_brand,same_as_fr
en,label_date,same_as_fr
en,label_port,same_as_fr
en,compte_created_subject,same_as_en
en,compte_created_title,same_as_en
en,greeting,same_as_en
en,compte_created_message,same_as_en
en,credentials_title,same_as_en
en,label_password,same_as_en
en,label_initial_balance,same_as_en
en,cta_login,same_as_en
en,info_access,same_as_en
en,support_contact,same_as_en
en,footer_thanks,same_as_en
en,footer_partner,same_as_en
en,virement_success_subject,same_as_en
en,virement_success_title,same_as_en
en,virement_success_message,same_as_en
en,virement_failed_subject,same_as_en
en,virement_failed_title,same_as_en
en,virement_failed_message,same_as_en
en,details_title,same_as_en
en,label_amount,same_as_en
en,label_beneficiary,same_as_en
en,virement_notice,same_as_en
en,thanks,same_as_en
en,contact_support_for_info,same_as_en
en,regards,same_as_en
en,service_client,same_as_en
en,auto_generated_notice,same_as_en
en,compte_activated_title,same_as_en
en,compte_activated_heading,same_as_en
en,good_news,same_as_en
en,compte_activated_message,same_as_en
en,compte_activated_explanation,same_as_en
en,label_holder,same_as_en
en,label_current_balance,same_as_en
en,label_status,same_as_en
en,status_active,same_as_en
en,you_can_now,same_as_en
en,can_make_transfers,same_as_en
en,check_balance,same_as_en
en,manage_transactions,same_as_en
en,access_services,same_as_en
en,thanks_welcome,same_as_en
en,unlock_code_used_title,same_as_en
en,unlock_code_used_heading,same_as_en
en,greeting_simple,same_as_en
en,info_notification,same_as_en
en,unlock_code_used_alert,same_as_en
en,unlock_code_used_explanation,same_as_en
en,label_date_time,same_as_en
en,label_transfer_amount,same_as_en
en,label_recipient,same_as_en
en,urgent_if_not_you,same_as_en
en,contact_support_immediately,same_as_en
en,check_recent_transactions,same_as_en
en,change_access_codes,same_as_en
en,if_legitimate,same_as_en
en,client_can_finalize,same_as_en
en,transfer_unlock_code_title,same_as_en
en,transfer_unlock_heading,same_as_en
en,transfer_unlock_message_intro,same_as_en
en,transfer_unlock_code_label,same_as_en
en,your_unlock_code,same_as_en
en,do_not_share_unlock_code,same_as_en
en,unlock_code_personal_confidential,same_as_en
en,unlock_code_needed_finalize,same_as_en
en,contact_support_for_questions,same_as_en
en,welcome_title,same_as_en
en,welcome_heading,same_as_en
en,welcome_message,same_as_en
en,login_credentials_title,same_as_en
en,access_member_area,same_as_en
en,pleasure_to_assist,same_as_en
en,balance_decreased_title,same_as_en
en,balance_decreased_heading,same_as_en
en,balance_decreased_message,same_as_en
en,operation_details,same_as_en
en,label_amount_deducted,same_as_en
en,label_new_balance,same_as_en
en,contact_us_if_questions,same_as_en
en,balance_increased_title,same_as_en
en,balance_increased_heading,same_as_en
en,balance_increased_message,same_as_en
en,label_amount_added,same_as_en
en,thank_you_trust,same_as_en
en,refund_title,same_as_en
en,refund_heading,same_as_en
en,refund_message,same_as_en
en,transfer_details,same_as_en
en,label_transfer_date,same_as_en
en,label_transfer_reason,same_as_en
en,refund_amount_text,same_as_en
en,refund_apology_contact,same_as_en
en,mail_error_alert_title,same_as_en
en,system_alert,same_as_en
en,mail_send_failure_detected,same_as_en
en,email_sending_problem,same_as_en
en,email_send_failure_explanation,same_as_en
en,error_details,same_as_en
en,label_failed_recipient,same_as_en
en,label_context,same_as_en
en,label_error_message,same_as_en
en,possible_causes,same_as_en
en,cause_daily_limit,same_as_en
en,cause_daily_limit_details,same_as_en
en,cause_smtp_connection,same_as_en
en,cause_smtp_connection_details,same_as_en
en,cause_auth_failed,same_as_en
en,cause_auth_failed_details,same_as_en
en,cause_app_password_revoked,same_as_en
en,cause_app_password_revoked_details,same_as_en
en,recommended_actions,same_as_en
en,action_if_limit,same_as_en
en,action_if_limit_details,same_as_en
en,action_check_logs,same_as_en
en,action_check_logs_details,same_as_en
en,action_test_connection,same_as_en
en,action_check_config,same_as_en
en,action_check_config_details,same_as_en
en,action_regenerate_password,same_as_en
en,action_regenerate_password_details,same_as_en
en,system_information,same_as_en
en,label_smtp_server,same_as_en
en,label_account,same_as_en
en,label_environment,same_as_en
en,alert_auto_generated_notice,same_as_en
en,account_management_system,same_as_en
en,alert_generated_by_safemail,same_as_en
en,contact_technical_team,same_as_en
en,password_reset_title,same_as_en
en,password_reset_heading,same_as_en
en,greeting_simple_name,same_as_en
en,password_reset_reason,same_as_en
en,password_reset_click_link,same_as_en
en,password_reset_no_action_needed,same_as_en
en,thank_you_using_brand,same_as_en
eo,compte_created_subject,same_as_fr
eo,compte_created_title,same_as_fr
eo,greeting,same_as_fr
eo,compte_created_message,same_as_fr
eo,credentials_title,same_as_fr
eo,label_email,same_as_fr
eo,label_password,same_as_fr
eo,label_initial_balance,same_as_fr
eo,cta_login,same_as_fr
eo,info_access,same_as_fr
eo,support_contact,same_as_fr
eo,footer_thanks,same_as_fr
eo,footer_brand,same_as_fr
eo,footer_partner,same_as_fr
eo,virement_success_subject,same_as_fr
eo,virement_success_title,same_as_fr
eo,virement_success_message,same_as_fr
eo,virement_failed_subject,same_as_fr
eo,virement_failed_title,same_as_fr
eo,virement_failed_message,same_as_fr
eo,details_title,same_as_fr
eo,label_amount,same_as_fr
eo,label_date,same_as_fr
eo,label_beneficiary,same_as_fr
eo,virement_notice,same_as_fr
eo,thanks,same_as_fr
eo,contact_support_for_info,same_as_fr
eo,regards,same_as_fr
eo,service_client,same_as_fr
eo,auto_generated_notice,same_as_fr
eo,compte_activated_title,same_as_fr
eo,compte_activated_heading,same_as_fr
eo,good_news,same_as_fr
eo,compte_activated_message,same_as_fr
eo,compte_activated_explanation,same_as_fr
eo,label_holder,same_as_fr
eo,label_current_balance,same_as_fr
eo,label_status,same_as_fr
eo,status_active,same_as_fr
eo,you_can_now,same_as_fr
eo,can_make_transfers,same_as_fr
eo,check_balance,same_as_fr
eo,manage_transactions,same_as_fr
eo,access_services,same_as_fr
eo,thanks_welcome,same_as_fr
eo,unlock_code_used_title,same_as_fr
eo,unlock_code_used_heading,same_as_fr
eo,greeting_simple,same_as_fr
eo,info_notification,same_as_fr
eo,unlock_code_used_alert,same_as_fr
eo,unlock_code_used_explanation,same_as_fr
eo,label_date_time,same_as_fr
eo,label_transfer_amount,same_as_fr
eo,label_recipient,same_as_fr
eo,urgent_if_not_you,same_as_fr
eo,contact_support_immediately,same_as_fr
eo,check_recent_transactions,same_as_fr
eo,change_access_codes,same_as_fr
eo,if_legitimate,same_as_fr
eo,client_can_finalize,same_as_fr
eo,transfer_unlock_code_title,same_as_fr
eo,transfer_unlock_heading,same_as_fr
eo,transfer_unlock_message_intro,same_as_fr
eo,transfer_unlock_code_label,same_as_fr
eo,your_unlock_code,same_as_fr
eo,do_not_share_unlock_code,same_as_fr
eo,unlock_code_personal_confidential,same_as_fr
eo,unlock_code_needed_finalize,same_as_fr
eo,contact_support_for_questions,same_as_fr
eo,welcome_title,same_as_fr
eo,welcome_heading,same_as_fr
eo,welcome_message,same_as_fr
eo,login_credentials_title,same_as_fr
eo,access_member_area,same_as_fr
eo,pleasure_to_assist,same_as_fr
eo,balance_decreased_title,same_as_fr
eo,balance_decreased_heading,same_as_fr
eo,balance_decreased_message,same_as_fr
eo,operation_details,same_as_fr
eo,label_amount_deducted,same_as_fr
eo,label_new_balance,same_as_fr
eo,contact_us_if_questions,same_as_fr
eo,balance_increased_title,same_as_fr
eo,balance_increased_heading,same_as_fr
eo,balance_increased_message,same_as_fr
eo,label_amount_added,same_as_fr
eo,thank_you_trust,same_as_fr
eo,refund_title,same_as_fr
eo,refund_heading,same_as_fr
eo,refund_message,same_as_fr
eo,transfer_details,same_as_fr
eo,label_transfer_date,same_as_fr
eo,label_transfer_reason,same_as_fr
eo,refund_amount_text,same_as_fr
eo,refund_apology_contact,same_as_fr
eo,mail_error_alert_title,same_as_fr
eo,system_alert,same_as_fr
eo,mail_send_failure_detected,same_as_fr
eo,email_sending_problem,same_as_fr
eo,email_send_failure_explanation,same_as_fr
eo,error_details,same_as_fr
eo,label_failed_recipient,same_as_fr
eo,label_context,same_as_fr
eo,label_error_message,same_as_fr
eo,possible_causes,same_as_fr
eo,cause_daily_limit,same_as_fr
eo,cause_daily_limit_details,same_as_fr
eo,cause_smtp_connection,same_as_fr
eo,cause_smtp_connection_details,same_as_fr
eo,cause_auth_failed,same_as_fr
eo,cause_auth_failed_details,same_as_fr
eo,cause_app_password_revoked,same_as_fr
eo,cause_app_password_revoked_details,same_as_fr
eo,recommended_actions,same_as_fr
eo,action_if_limit,same_as_fr
eo,action_if_limit_details,same_as_fr
eo,action_check_logs,same_as_fr
eo,action_check_logs_details,same_as_fr
eo,action_test_connection,same_as_fr
eo,action_check_config,same_as_fr
eo,action_check_config_details,same_as_fr
eo,action_regenerate_password,same_as_fr
eo,action_regenerate_password_details,same_as_fr
eo,system_information,same_as_fr
eo,label_smtp_server,same_as_fr
eo,label_port,same_as_fr
eo,label_account,same_as_fr
eo,label_environment,same_as_fr
eo,alert_auto_generated_notice,same_as_fr
eo,account_management_system,same_as_fr
eo,alert_generated_by_safemail,same_as_fr
eo,contact_technical_team,same_as_fr
eo,password_reset_title,same_as_fr
eo,password_reset_heading,same_as_fr
eo,greeting_simple_name,same_as_fr
eo,password_reset_reason,same_as_fr
eo,password_reset_click_link,same_as_fr
eo,password_reset_no_action_needed,same_as_fr
eo,thank_you_using_brand,same_as_fr
es,footer_brand,same_as_fr
es,compte_created_subject,translated
es,compte_created_title,translated
es,greeting,translated
es,compte_created_message,translated
es,credentials_title,translated
es,label_email,translated
es,label_password,translated
es,label_initial_balance,translated
es,cta_login,translated
es,info_access,translated
es,support_contact,translated
es,footer_thanks,translated
es,footer_partner,translated
es,virement_success_subject,translated
es,virement_success_title,translated
es,virement_success_message,translated
es,virement_failed_subject,translated
es,virement_failed_title,translated
es,virement_failed_message,translated
es,details_title,translated
es,label_amount,translated
es,label_date,translated
es,label_beneficiary,translated
es,virement_notice,translated
es,thanks,translated
es,contact_support_for_info,translated
es,regards,translated
es,service_client,translated
es,auto_generated_notice,translated
es,compte_activated_title,translated
es,compte_activated_heading,translated
es,good_news,translated
es,compte_activated_message,translated
es,compte_activated_explanation,translated
es,label_holder,translated
es,label_current_balance,translated
es,label_status,translated
es,status_active,translated
es,you_can_now,translated
es,can_make_transfers,translated
es,check_balance,translated
es,manage_transactions,translated
es,access_services,translated
es,thanks_welcome,translated
es,unlock_code_used_title,translated
es,unlock_code_used_heading,translated
es,greeting_simple,translated
es,info_notification,translated
es,unlock_code_used_alert,translated
es,unlock_code_used_explanation,translated
es,label_date_time,translated
es,label_transfer_amount,translated
es,label_recipient,translated
es,urgent_if_not_you,translated
es,contact_support_immediately,translated
es,check_recent_transactions,translated
es,change_access_codes,translated
es,if_legitimate,translated
es,client_can_finalize,translated
es,transfer_unlock_code_title,translated
es,transfer_unlock_heading,translated
es,transfer_unlock_message_intro,translated
es,transfer_unlock_code_label,translated
es,your_unlock_code,translated
es,do_not_share_unlock_code,translated
es,unlock_code_personal_confidential,translated
es,unlock_code_needed_finalize,translated
es,contact_support_for_questions,translated
es,welcome_title,translated
es,welcome_heading,translated
es,welcome_message,translated
es,login_credentials_title,translated
es,access_member_area,translated
es,pleasure_to_assist,translated
es,balance_decreased_title,translated
es,balance_decreased_heading,translated
es,balance_decreased_message,translated
es,operation_details,translated
es,label_amount_deducted,translated
es,label_new_balance,translated
es,contact_us_if_questions,translated
es,balance_increased_title,translated
es,balance_increased_heading,translated
es,balance_increased_message,translated
es,label_amount_added,translated
es,thank_you_trust,translated
es,refund_title,translated
es,refund_heading,translated
es,refund_message,translated
es,transfer_details,translated
es,label_transfer_date,translated
es,label_transfer_reason,translated
es,refund_amount_text,translated
es,refund_apology_contact,translated
es,mail_error_alert_title,translated
es,system_alert,translated
es,mail_send_failure_detected,translated
es,email_sending_problem,translated
es,email_send_failure_explanation,translated
es,error_details,translated
es,label_failed_recipient,translated
es,label_context,translated
es,label_error_message,translated
es,possible_causes,translated
es,cause_daily_limit,translated
es,cause_daily_limit_details,translated
es,cause_smtp_connection,translated
es,cause_smtp_connection_details,translated
es,cause_auth_failed,translated
es,cause_auth_failed_details,translated
es,cause_app_password_revoked,translated
es,cause_app_password_revoked_details,translated
es,recommended_actions,translated
es,action_if_limit,translated
es,action_if_limit_details,translated
es,action_check_logs,translated
es,action_check_logs_details,translated
es,action_test_connection,translated
es,action_check_config,translated
es,action_check_config_details,translated
es,action_regenerate_password,translated
es,action_regenerate_password_details,translated
es,system_information,translated
es,label_smtp_server,translated
es,label_port,translated
es,label_account,translated
es,label_environment,translated
es,alert_auto_generated_notice,translated
es,account_management_system,translated
es,alert_generated_by_safemail,translated
es,contact_technical_team,translated
es,password_reset_title,translated
es,password_reset_heading,translated
es,greeting_simple_name,translated
es,password_reset_reason,translated
es,password_reset_click_link,translated
es,password_reset_no_action_needed,translated
es,thank_you_using_brand,translated
et,compte_created_subject,same_as_fr
et,compte_created_title,same_as_fr
et,greeting,same_as_fr
et,credentials_title,same_as_fr
et,label_email,same_as_fr
et,label_password,same_as_fr
et,label_initial_balance,same_as_fr
et,cta_login,same_as_fr
et,info_access,same_as_fr
et,footer_brand,same_as_fr
et,footer_partner,same_as_fr
et,virement_success_subject,same_as_fr
et,virement_success_title,same_as_fr
et,virement_success_message,same_as_fr
et,virement_failed_subject,same_as_fr
et,virement_failed_title,same_as_fr
et,virement_failed_message,same_as_fr
et,details_title,same_as_fr
et,label_amount,same_as_fr
et,label_date,same_as_fr
et,label_beneficiary,same_as_fr
et,virement_notice,same_as_fr
et,thanks,same_as_fr
et,regards,same_as_fr
et,service_client,same_as_fr
et,auto_generated_notice,same_as_fr
et,compte_activated_title,same_as_fr
et,compte_activated_heading,same_as_fr
et,good_news,same_as_fr
et,compte_activated_message,same_as_fr
et,compte_activated_explanation,same_as_fr
et,label_holder,same_as_fr
et,label_current_balance,same_as_fr
et,label_status,same_as_fr
et,status_active,same_as_fr
et,you_can_now,same_as_fr
et,can_make_transfers,same_as_fr
et,check_balance,same_as_fr
et,manage_transactions,same_as_fr
et,access_services,same_as_fr
et,thanks_welcome,same_as_fr
et,unlock_code_used_title,same_as_fr
et,unlock_code_used_heading,same_as_fr
et,greeting_simple,same_as_fr
et,info_notification,same_as_fr
et,label_date_time,same_as_fr
et,label_transfer_amount,same_as_fr
et,label_recipient,same_as_fr
et,contact_support_immediately,same_as_fr
et,check_recent_transactions,same_as_fr
et,if_legitimate,same_as_fr
et,client_can_finalize,same_as_fr
et,transfer_unlock_code_title,same_as_fr
et,transfer_unlock_heading,same_as_fr
et,transfer_unlock_message_intro,same_as_fr
et,transfer_unlock_code_label,same_as_fr
et,your_unlock_code,same_as_fr
et,do_not_share_unlock_code,same_as_fr
et,unlock_code_personal_confidential,same_as_fr
et,unlock_code_needed_finalize,same_as_fr
et,contact_support_for_questions,same_as_fr
et,welcome_title,same_as_fr
et,welcome_heading,same_as_fr
et,login_credentials_title,same_as_fr
et,pleasure_to_assist,same_as_fr
et,balance_decreased_title,same_as_fr
et,balance_decreased_heading,same_as_fr
et,balance_decreased_message,same_as_fr
et,label_amount_deducted,same_as_fr
et,label_new_balance,same_as_fr
et,balance_increased_title,same_as_fr
et,balance_increased_heading,same_as_fr
et,balance_increased_message,same_as_fr
et,label_amount_added,same_as_fr
et,thank_you_trust,same_as_fr
et,refund_title,same_as_fr
et,refund_heading,same_as_fr
et,refund_message,same_as_fr
et,transfer_details,same_as_fr
et,label_transfer_date,same_as_fr
et,label_transfer_reason,same_as_fr
et,refund_amount_text,same_as_fr
et,mail_error_alert_title,same_as_fr
et,system_alert,same_as_fr
et,label_failed_recipient,same_as_fr
et,label_context,same_as_fr
et,possible_causes,same_as_fr
et,cause_daily_limit,same_as_fr
et,cause_smtp_connection,same_as_fr
et,cause_smtp_connection_details,same_as_fr
et,cause_auth_failed,same_as_fr
et,cause_auth_failed_details,same_as_fr
et,recommended_actions,same_as_fr
et,action_if_limit,same_as_fr
et,action_check_logs,same_as_fr
et,action_check_logs_details,same_as_fr
et,action_test_connection,same_as_fr
et,action_check_config,same_as_fr
et,action_check_config_details,same_as_fr
et,action_regenerate_password,same_as_fr
et,system_information,same_as_fr
et,label_smtp_server,same_as_fr
et,label_port,same_as_fr
et,label_account,same_as_fr
et,label_environment,same_as_fr
et,account_management_system,same_as_fr
et,alert_generated_by_safemail,same_as_fr
et,contact_technical_team,same_as_fr
et,password_reset_title,same_as_fr
et,password_reset_heading,same_as_fr
et,greeting_simple_name,same_as_fr
et,password_reset_reason,same_as_fr
et,password_reset_click_link,same_as_fr
et,compte_created_message,translated
et,support_contact,translated
et,footer_thanks,translated
et,contact_support_for_info,translated
et,unlock_code_used_alert,translated
et,unlock_code_used_explanation,translated
et,urgent_if_not_you,translated
et,change_access_codes,translated
et,welcome_message,translated
et,access_member_area,translated
et,operation_details,translated
et,contact_us_if_questions,translated
et,refund_apology_contact,translated
et,mail_send_failure_detected,translated
et,email_sending_problem,translated
et,email_send_failure_explanation,translated
et,error_details,translated
et,label_error_message,translated
et,cause_daily_limit_details,translated
et,cause_app_password_revoked,translated
et,cause_app_password_revoked_details,translated
et,action_if_limit_details,translated
et,action_regenerate_password_details,translated
et,alert_auto_generated_notice,translated
et,password_reset_no_action_needed,translated
et,thank_you_using_brand,translated
eu,compte_created_subject,same_as_fr
eu,compte_created_title,same_as_fr
eu,greeting,same_as_fr
eu,compte_created_message,same_as_fr
eu,credentials_title,same_as_fr
eu,label_email,same_as_fr
eu,label_password,same_as_fr
eu,label_initial_balance,same_as_fr
eu,cta_login,same_as_fr
eu,info_access,same_as_fr
eu,support_contact,same_as_fr
eu,footer_thanks,same_as_fr
eu,footer_brand,same_as_fr
eu,footer_partner,same_as_fr
eu,virement_success_subject,same_as_fr
eu,virement_success_title,same_as_fr
eu,virement_success_message,same_as_fr
eu,virement_failed_subject,same_as_fr
eu,virement_failed_title,same_as_fr
eu,virement_failed_message,same_as_fr
eu,details_title,same_as_fr
eu,label_amount,same_as_fr
eu,label_date,same_as_fr
eu,label_beneficiary,same_as_fr
eu,virement_notice,same_as_fr
eu,thanks,same_as_fr
eu,contact_support_for_info,same_as_fr
eu,regards,same_as_fr
eu,service_client,same_as_fr
eu,auto_generated_notice,same_as_fr
eu,compte_activated_title,same_as_fr
eu,compte_activated_heading,same_as_fr
eu,good_news,same_as_fr
eu,compte_activated_message,same_as_fr
eu,compte_activated_explanation,same_as_fr
eu,label_holder,same_as_fr
eu,label_current_balance,same_as_fr
eu,label_status,same_as_fr
eu,status_active,same_as_fr
eu,you_can_now,same_as_fr
eu,can_make_transfers,same_as_fr
eu,check_balance,same_as_fr
eu,manage_transactions,same_as_fr
eu,access_services,same_as_fr
eu,thanks_welcome,same_as_fr
eu,unlock_code_used_title,same_as_fr
eu,unlock_code_used_heading,same_as_fr
eu,greeting_simple,same_as_fr
eu,info_notification,same_as_fr
eu,unlock_code_used_alert,same_as_fr
eu,unlock_code_used_explanation,same_as_fr
eu,label_date_time,same_as_fr
eu,label_transfer_amount,same_as_fr
eu,label_recipient,same_as_fr
eu,urgent_if_not_you,same_as_fr
eu,contact_support_immediately,same_as_fr
eu,check_recent_transactions,same_as_fr
eu,change_access_codes,same_as_fr
eu,if_legitimate,same_as_fr
eu,client_can_finalize,same_as_fr
eu,transfer_unlock_code_title,same_as_fr
eu,transfer_unlock_heading,same_as_fr
eu,transfer_unlock_message_intro,same_as_fr
eu,transfer_unlock_code_label,same_as_fr
eu,your_unlock_code,same_as_fr
eu,do_not_share_unlock_code,same_as_fr
eu,unlock_code_personal_confidential,same_as_fr
eu,unlock_code_needed_finalize,same_as_fr
eu,contact_support_for_questions,same_as_fr
eu,welcome_title,same_as_fr
eu,welcome_heading,same_as_fr
eu,welcome_message,same_as_fr
eu,login_credentials_title,same_as_fr
eu,access_member_area,same_as_fr
eu,pleasure_to_assist,same_as_fr
eu,balance_decreased_title,same_as_fr
eu,balance_decreased_heading,same_as_fr
eu,balance_decreased_message,same_as_fr
eu,operation_details,same_as_fr
eu,label_amount_deducted,same_as_fr
eu,label_new_balance,same_as_fr
eu,contact_us_if_questions,same_as_fr
eu,balance_increased_title,same_as_fr
eu,balance_increased_heading,same_as_fr
eu,balance_increased_message,same_as_fr
eu,label_amount_added,same_as_fr
eu,thank_you_trust,same_as_fr
eu,refund_title,same_as_fr
eu,refund_heading,same_as_fr
eu,refund_message,same_as_fr
eu,transfer_details,same_as_fr
eu,label_transfer_date,same_as_fr
eu,label_transfer_reason,same_as_fr
eu,refund_amount_text,same_as_fr
eu,refund_apology_contact,same_as_fr
eu,mail_error_alert_title,same_as_fr
eu,system_alert,same_as_fr
eu,mail_send_failure_detected,same_as_fr
eu,email_sending_problem,same_as_fr
eu,email_send_failure_explanation,same_as_fr
eu,error_details,same_as_fr
eu,label_failed_recipient,same_as_fr
eu,label_context,same_as_fr
eu,label_error_message,same_as_fr
eu,possible_causes,same_as_fr
eu,cause_daily_limit,same_as_fr
eu,cause_daily_limit_details,same_as_fr
eu,cause_smtp_connection,same_as_fr
eu,cause_smtp_connection_details,same_as_fr
eu,cause_auth_failed,same_as_fr
eu,cause_auth_failed_details,same_as_fr
eu,cause_app_password_revoked,same_as_fr
eu,cause_app_password_revoked_details,same_as_fr
eu,recommended_actions,same_as_fr
eu,action_if_limit,same_as_fr
eu,action_if_limit_details,same_as_fr
eu,action_check_logs,same_as_fr
eu,action_check_logs_details,same_as_fr
eu,action_test_connection,same_as_fr
eu,action_check_config,same_as_fr
eu,action_check_config_details,same_as_fr
eu,action_regenerate_password,same_as_fr
eu,action_regenerate_password_details,same_as_fr
eu,system_information,same_as_fr
eu,label_smtp_server,same_as_fr
eu,label_port,same_as_fr
eu,label_account,same_as_fr
eu,label_environment,same_as_fr
eu,alert_auto_generated_notice,same_as_fr
eu,account_management_system,same_as_fr
eu,alert_generated_by_safemail,same_as_fr
eu,contact_technical_team,same_as_fr
eu,password_reset_title,same_as_fr
eu,password_reset_heading,same_as_fr
eu,greeting_simple_name,same_as_fr
eu,password_reset_reason,same_as_fr
eu,password_reset_click_link,same_as_fr
eu,password_reset_no_action_needed,same_as_fr
eu,thank_you_using_brand,same_as_fr
fa,compte_created_subject,same_as_fr
fa,compte_created_title,same_as_fr
fa,greeting,same_as_fr
fa,compte_created_message,same_as_fr
fa,credentials_title,same_as_fr
fa,label_email,same_as_fr
fa,label_password,same_as_fr
fa,label_initial_balance,same_as_fr
fa,cta_login,same_as_fr
fa,info_access,same_as_fr
fa,support_contact,same_as_fr
fa,footer_thanks,same_as_fr
fa,footer_brand,same_as_fr
fa,footer_partner,same_as_fr
fa,virement_success_subject,same_as_fr
fa,virement_success_title,same_as_fr
fa,virement_success_message,same_as_fr
fa,virement_failed_subject,same_as_fr
fa,virement_failed_title,same_as_fr
fa,virement_failed_message,same_as_fr
fa,details_title,same_as_fr
fa,label_amount,same_as_fr
fa,label_date,same_as_fr
fa,label_beneficiary,same_as_fr
fa,virement_notice,same_as_fr
fa,thanks,same_as_fr
fa,contact_support_for_info,same_as_fr
fa,regards,same_as_fr
fa,service_client,same_as_fr
fa,auto_generated_notice,same_as_fr
fa,compte_activated_title,same_as_fr
fa,compte_activated_heading,same_as_fr
fa,good_news,same_as_fr
fa,compte_activated_message,same_as_fr
fa,compte_activated_explanation,same_as_fr
fa,label_holder,same_as_fr
fa,label_current_balance,same_as_fr
fa,label_status,same_as_fr
fa,status_active,same_as_fr
fa,you_can_now,same_as_fr
fa,can_make_transfers,same_as_fr
fa,check_balance,same_as_fr
fa,manage_transactions,same_as_fr
fa,access_services,same_as_fr
fa,thanks_welcome,same_as_fr
fa,unlock_code_used_title,same_as_fr
fa,unlock_code_used_heading,same_as_fr
fa,greeting_simple,same_as_fr
fa,info_notification,same_as_fr
fa,unlock_code_used_alert,same_as_fr
fa,unlock_code_used_explanation,same_as_fr
fa,label_date_time,same_as_fr
fa,label_transfer_amount,same_as_fr
fa,label_recipient,same_as_fr
fa,urgent_if_not_you,same_as_fr
fa,contact_support_immediately,same_as_fr
fa,check_recent_transactions,same_as_fr
fa,change_access_codes,same_as_fr
fa,if_legitimate,same_as_fr
fa,client_can_finalize,same_as_fr
fa,transfer_unlock_code_title,same_as_fr
fa,transfer_unlock_heading,same_as_fr
fa,transfer_unlock_message_intro,same_as_fr
fa,transfer_unlock_code_label,same_as_fr
fa,your_unlock_code,same_as_fr
fa,do_not_share_unlock_code,same_as_fr
fa,unlock_code_personal_confidential,same_as_fr
fa,unlock_code_needed_finalize,same_as_fr
fa,contact_support_for_questions,same_as_fr
fa,welcome_title,same_as_fr
fa,welcome_heading,same_as_fr
fa,welcome_message,same_as_fr
fa,login_credentials_title,same_as_fr
fa,access_member_area,same_as_fr
fa,pleasure_to_assist,same_as_fr
fa,balance_decreased_title,same_as_fr
fa,balance_decreased_heading,same_as_fr
fa,balance_decreased_message,same_as_fr
fa,operation_details,same_as_fr
fa,label_amount_deducted,same_as_fr
fa,label_new_balance,same_as_fr
fa,contact_us_if_questions,same_as_fr
fa,balance_increased_title,same_as_fr
fa,balance_increased_heading,same_as_fr
fa,balance_increased_message,same_as_fr
fa,label_amount_added,same_as_fr
fa,thank_you_trust,same_as_fr
fa,refund_title,same_as_fr
fa,refund_heading,same_as_fr
fa,refund_message,same_as_fr
fa,transfer_details,same_as_fr
fa,label_transfer_date,same_as_fr
fa,label_transfer_reason,same_as_fr
fa,refund_amount_text,same_as_fr
fa,refund_apology_contact,same_as_fr
fa,mail_error_alert_title,same_as_fr
fa,system_alert,same_as_fr
fa,mail_send_failure_detected,same_as_fr
fa,email_sending_problem,same_as_fr
fa,email_send_failure_explanation,same_as_fr
fa,error_details,same_as_fr
fa,label_failed_recipient,same_as_fr
fa,label_context,same_as_fr
fa,label_error_message,same_as_fr
fa,possible_causes,same_as_fr
fa,cause_daily_limit,same_as_fr
fa,cause_daily_limit_details,same_as_fr
fa,cause_smtp_connection,same_as_fr
fa,cause_smtp_connection_details,same_as_fr
fa,cause_auth_failed,same_as_fr
fa,cause_auth_failed_details,same_as_fr
fa,cause_app_password_revoked,same_as_fr
fa,cause_app_password_revoked_details,same_as_fr
fa,recommended_actions,same_as_fr
fa,action_if_limit,same_as_fr
fa,action_if_limit_details,same_as_fr
fa,action_check_logs,same_as_fr
fa,action_check_logs_details,same_as_fr
fa,action_test_connection,same_as_fr
fa,action_check_config,same_as_fr
fa,action_check_config_details,same_as_fr
fa,action_regenerate_password,same_as_fr
fa,action_regenerate_password_details,same_as_fr
fa,system_information,same_as_fr
fa,label_smtp_server,same_as_fr
fa,label_port,same_as_fr
fa,label_account,same_as_fr
fa,label_environment,same_as_fr
fa,alert_auto_generated_notice,same_as_fr
fa,account_management_system,same_as_fr
fa,alert_generated_by_safemail,same_as_fr
fa,contact_technical_team,same_as_fr
fa,password_reset_title,same_as_fr
fa,password_reset_heading,same_as_fr
fa,greeting_simple_name,same_as_fr
fa,password_reset_reason,same_as_fr
fa,password_reset_click_link,same_as_fr
fa,password_reset_no_action_needed,same_as_fr
fa,thank_you_using_brand,same_as_fr
fi,label_email,same_as_fr
fi,footer_brand,same_as_fr
fi,label_date,same_as_fr
fi,label_port,same_as_fr
fi,compte_created_subject,same_as_en
fi,compte_created_title,same_as_en
fi,greeting,same_as_en
fi,credentials_title,same_as_en
fi,label_password,same_as_en
fi,label_initial_balance,same_as_en
fi,cta_login,same_as_en
fi,info_access,same_as_en
fi,footer_partner,same_as_en
fi,virement_success_subject,same_as_en
fi,virement_success_title,same_as_en
fi,virement_success_message,same_as_en
fi,virement_failed_subject,same_as_en
fi,virement_failed_title,same_as_en
fi,virement_failed_message,same_as_en
fi,details_title,same_as_en
fi,label_amount,same_as_en
fi,label_beneficiary,same_as_en
fi,virement_notice,same_as_en
fi,thanks,same_as_en
fi,regards,same_as_en
fi,service_client,same_as_en
fi,auto_generated_notice,same_as_en
fi,compte_activated_title,same_as_en
fi,compte_activated_heading,same_as_en
fi,good_news,same_as_en
fi,compte_activated_message,same_as_en
fi,compte_activated_explanation,same_as_en
fi,label_holder,same_as_en
fi,label_current_balance,same_as_en
fi,label_status,same_as_en
fi,status_active,same_as_en
fi,you_can_now,same_as_en
fi,can_make_transfers,same_as_en
fi,check_balance,same_as_en
fi,manage_transactions,same_as_en
fi,access_services,same_as_en
fi,thanks_welcome,same_as_en
fi,unlock_code_used_title,same_as_en
fi,unlock_code_used_heading,same_as_en
fi,greeting_simple,same_as_en
fi,info_notification,same_as_en
fi,label_date_time,same_as_en
fi,label_transfer_amount,same_as_en
fi,label_recipient,same_as_en
fi,contact_support_immediately,same_as_en
fi,check_recent_transactions,same_as_en
fi,if_legitimate,same_as_en
fi,client_can_finalize,same_as_en
fi,transfer_unlock_code_title,same_as_en
fi,transfer_unlock_heading,same_as_en
fi,transfer_unlock_message_intro,same_as_en
fi,transfer_unlock_code_label,same_as_en
fi,your_unlock_code,same_as_en
fi,do_not_share_unlock_code,same_as_en
fi,unlock_code_personal_confidential,same_as_en
fi,unlock_code_needed_finalize,same_as_en
fi,contact_support_for_questions,same_as_en
fi,welcome_title,same_as_en
fi,welcome_heading,same_as_en
fi,login_credentials_title,same_as_en
fi,pleasure_to_assist,same_as_en
fi,balance_decreased_title,same_as_en
fi,balance_decreased_heading,same_as_en
fi,balance_decreased_message,same_as_en
fi,label_amount_deducted,same_as_en
fi,label_new_balance,same_as_en
fi,balance_increased_title,same_as_en
fi,balance_increased_heading,same_as_en
fi,balance_increased_message,same_as_en
fi,label_amount_added,same_as_en
fi,thank_you_trust,same_as_en
fi,refund_title,same_as_en
fi,refund_heading,same_as_en
fi,refund_message,same_as_en
fi,transfer_details,same_as_en
fi,label_transfer_date,same_as_en
fi,label_transfer_reason,same_as_en
fi,refund_amount_text,same_as_en
fi,mail_error_alert_title,same_as_en
fi,system_alert,same_as_en
fi,label_failed_recipient,same_as_en
fi,label_context,same_as_en
fi,possible_causes,same_as_en
fi,cause_daily_limit,same_as_en
fi,cause_smtp_connection,same_as_en
fi,cause_smtp_connection_details,same_as_en
fi,cause_auth_failed,same_as_en
fi,cause_auth_failed_details,same_as_en
fi,recommended_actions,same_as_en
fi,action_if_limit,same_as_en
fi,action_check_logs,same_as_en
fi,action_check_logs_details,same_as_en
fi,action_test_connection,same_as_en
fi,action_check_config,same_as_en
fi,action_check_config_details,same_as_en
fi,action_regenerate_password,same_as_en
fi,system_information,same_as_en
fi,label_smtp_server,same_as_en
fi,label_account,same_as_en
fi,label_environment,same_as_en
fi,account_management_system,same_as_en
fi,alert_generated_by_safemail,same_as_en
fi,contact_technical_team,same_as_en
fi,password_reset_title,same_as_en
fi,password_reset_heading,same_as_en
fi,greeting_simple_name,same_as_en
fi,password_reset_reason,same_as_en
fi,password_reset_click_link,same_as_en
fi,compte_created_message,translated
fi,support_contact,translated
fi,footer_thanks,translated
fi,contact_support_for_info,translated
fi,unlock_code_used_alert,translated
fi,unlock_code_used_explanation,translated
fi,urgent_if_not_you,translated
fi,change_access_codes,translated
fi,welcome_message,translated
fi,access_member_area,translated
fi,operation_details,translated
fi,contact_us_if_questions,translated
fi,refund_apology_contact,translated
fi,mail_send_failure_detected,translated
fi,email_sending_problem,translated
fi,email_send_failure_explanation,translated
fi,error_details,translated
fi,label_error_message,translated
fi,cause_daily_limit_details,translated
fi,cause_app_password_revoked,translated
fi,cause_app_password_revoked_details,translated
fi,action_if_limit_details,translated
fi,action_regenerate_password_details,translated
fi,alert_auto_generated_notice,translated
fi,password_reset_no_action_needed,translated
fi,thank_you_using_brand,translated
fr,compte_created_subject,same_as_fr
fr,compte_created_title,same_as_fr
fr,greeting,same_as_fr
fr,compte_created_message,same_as_fr
fr,credentials_title,same_as_fr
fr,label_email,same_as_fr
fr,label_password,same_as_fr
fr,label_initial_balance,same_as_fr
fr,cta_login,same_as_fr
fr,info_access,same_as_fr
fr,support_contact,same_as_fr
fr,footer_thanks,same_as_fr
fr,footer_brand,same_as_fr
fr,footer_partner,same_as_fr
fr,virement_success_subject,same_as_fr
fr,virement_success_title,same_as_fr
fr,virement_success_message,same_as_fr
fr,virement_failed_subject,same_as_fr
fr,virement_failed_title,same_as_fr
fr,virement_failed_message,same_as_fr
fr,details_title,same_as_fr
fr,label_amount,same_as_fr
fr,label_date,same_as_fr
fr,label_beneficiary,same_as_fr
fr,virement_notice,same_as_fr
fr,thanks,same_as_fr
fr,contact_support_for_info,same_as_fr
fr,regards,same_as_fr
fr,service_client,same_as_fr
fr,auto_generated_notice,same_as_fr
fr,compte_activated_title,same_as_fr
fr,compte_activated_heading,same_as_fr
fr,good_news,same_as_fr
fr,compte_activated_message,same_as_fr
fr,compte_activated_explanation,same_as_fr
fr,label_holder,same_as_fr
fr,label_current_balance,same_as_fr
fr,label_status,same_as_fr
fr,status_active,same_as_fr
fr,you_can_now,same_as_fr
fr,can_make_transfers,same_as_fr
fr,check_balance,same_as_fr
fr,manage_transactions,same_as_fr
fr,access_services,same_as_fr
fr,thanks_welcome,same_as_fr
fr,unlock_code_used_title,same_as_fr
fr,unlock_code_used_heading,same_as_fr
fr,greeting_simple,same_as_fr
fr,info_notification,same_as_fr
fr,unlock_code_used_alert,same_as_fr
fr,unlock_code_used_explanation,same_as_fr
fr,label_date_time,same_as_fr
fr,label_transfer_amount,same_as_fr
fr,label_recipient,same_as_fr
fr,urgent_if_not_you,same_as_fr
fr,contact_support_immediately,same_as_fr
fr,check_recent_transactions,same_as_fr
fr,change_access_codes,same_as_fr
fr,if_legitimate,same_as_fr
fr,client_can_finalize,same_as_fr
fr,transfer_unlock_code_title,same_as_fr
fr,transfer_unlock_heading,same_as_fr
fr,transfer_unlock_message_intro,same_as_fr
fr,transfer_unlock_code_label,same_as_fr
fr,your_unlock_code,same_as_fr
fr,do_not_share_unlock_code,same_as_fr
fr,unlock_code_personal_confidential,same_as_fr
fr,unlock_code_needed_finalize,same_as_fr
fr,contact_support_for_questions,same_as_fr
fr,welcome_title,same_as_fr
fr,welcome_heading,same_as_fr
fr,welcome_message,same_as_fr
fr,login_credentials_title,same_as_fr
fr,access_member_area,same_as_fr
fr,pleasure_to_assist,same_as_fr
fr,balance_decreased_title,same_as_fr
fr,balance_decreased_heading,same_as_fr
fr,balance_decreased_message,same_as_fr
fr,operation_details,same_as_fr
fr,label_amount_deducted,same_as_fr
fr,label_new_balance,same_as_fr
fr,contact_us_if_questions,same_as_fr
fr,balance_increased_title,same_as_fr
fr,balance_increased_heading,same_as_fr
fr,balance_increased_message,same_as_fr
fr,label_amount_added,same_as_fr
fr,thank_you_trust,same_as_fr
fr,refund_title,same_as_fr
fr,refund_heading,same_as_fr
fr,refund_message,same_as_fr
fr,transfer_details,same_as_fr
fr,label_transfer_date,same_as_fr
fr,label_transfer_reason,same_as_fr
fr,refund_amount_text,same_as_fr
fr,refund_apology_contact,same_as_fr
fr,mail_error_alert_title,same_as_fr
fr,system_alert,same_as_fr
fr,mail_send_failure_detected,same_as_fr
fr,email_sending_problem,same_as_fr
fr,email_send_failure_explanation,same_as_fr
fr,error_details,same_as_fr
fr,label_failed_recipient,same_as_fr
fr,label_context,same_as_fr
fr,label_error_message,same_as_fr
fr,possible_causes,same_as_fr
fr,cause_daily_limit,same_as_fr
fr,cause_daily_limit_details,same_as_fr
fr,cause_smtp_connection,same_as_fr
fr,cause_smtp_connection_details,same_as_fr
fr,cause_auth_failed,same_as_fr
fr,cause_auth_failed_details,same_as_fr
fr,cause_app_password_revoked,same_as_fr
fr,cause_app_password_revoked_details,same_as_fr
fr,recommended_actions,same_as_fr
fr,action_if_limit,same_as_fr
fr,action_if_limit_details,same_as_fr
fr,action_check_logs,same_as_fr
fr,action_check_logs_details,same_as_fr
fr,action_test_connection,same_as_fr
fr,action_check_config,same_as_fr
fr,action_check_config_details,same_as_fr
fr,action_regenerate_password,same_as_fr
fr,action_regenerate_password_details,same_as_fr
fr,system_information,same_as_fr
fr,label_smtp_server,same_as_fr
fr,label_port,same_as_fr
fr,label_account,same_as_fr
fr,label_environment,same_as_fr
fr,alert_auto_generated_notice,same_as_fr
fr,account_management_system,same_as_fr
fr,alert_generated_by_safemail,same_as_fr
fr,contact_technical_team,same_as_fr
fr,password_reset_title,same_as_fr
fr,password_reset_heading,same_as_fr
fr,greeting_simple_name,same_as_fr
fr,password_reset_reason,same_as_fr
fr,password_reset_click_link,same_as_fr
fr,password_reset_no_action_needed,same_as_fr
fr,thank_you_using_brand,same_as_fr
fy,compte_created_subject,same_as_fr
fy,compte_created_title,same_as_fr
fy,greeting,same_as_fr
fy,compte_created_message,same_as_fr
fy,credentials_title,same_as_fr
fy,label_email,same_as_fr
fy,label_password,same_as_fr
fy,label_initial_balance,same_as_fr
fy,cta_login,same_as_fr
fy,info_access,same_as_fr
fy,support_contact,same_as_fr
fy,footer_thanks,same_as_fr
fy,footer_brand,same_as_fr
fy,footer_partner,same_as_fr
fy,virement_success_subject,same_as_fr
fy,virement_success_title,same_as_fr
fy,virement_success_message,same_as_fr
fy,virement_failed_subject,same_as_fr
fy,virement_failed_title,same_as_fr
fy,virement_failed_message,same_as_fr
fy,details_title,same_as_fr
fy,label_amount,same_as_fr
fy,label_date,same_as_fr
fy,label_beneficiary,same_as_fr
fy,virement_notice,same_as_fr
fy,thanks,same_as_fr
fy,contact_support_for_info,same_as_fr
fy,regards,same_as_fr
fy,service_client,same_as_fr
fy,auto_generated_notice,same_as_fr
fy,compte_activated_title,same_as_fr
fy,compte_activated_heading,same_as_fr
fy,good_news,same_as_fr
fy,compte_activated_message,same_as_fr
fy,compte_activated_explanation,same_as_fr
fy,label_holder,same_as_fr
fy,label_current_balance,same_as_fr
fy,label_status,same_as_fr
fy,status_active,same_as_fr
fy,you_can_now,same_as_fr
fy,can_make_transfers,same_as_fr
fy,check_balance,same_as_fr
fy,manage_transactions,same_as_fr
fy,access_services,same_as_fr
fy,thanks_welcome,same_as_fr
fy,unlock_code_used_title,same_as_fr
fy,unlock_code_used_heading,same_as_fr
fy,greeting_simple,same_as_fr
fy,info_notification,same_as_fr
fy,unlock_code_used_alert,same_as_fr
fy,unlock_code_used_explanation,same_as_fr
fy,label_date_time,same_as_fr
fy,label_transfer_amount,same_as_fr
fy,label_recipient,same_as_fr
fy,urgent_if_not_you,same_as_fr
fy,contact_support_immediately,same_as_fr
fy,check_recent_transactions,same_as_fr
fy,change_access_codes,same_as_fr
fy,if_legitimate,same_as_fr
fy,client_can_finalize,same_as_fr
fy,transfer_unlock_code_title,same_as_fr
fy,transfer_unlock_heading,same_as_fr
fy,transfer_unlock_message_intro,same_as_fr
fy,transfer_unlock_code_label,same_as_fr
fy,your_unlock_code,same_as_fr
fy,do_not_share_unlock_code,same_as_fr
fy,unlock_code_personal_confidential,same_as_fr
fy,unlock_code_needed_finalize,same_as_fr
fy,contact_support_for_questions,same_as_fr
fy,welcome_title,same_as_fr
fy,welcome_heading,same_as_fr
fy,welcome_message,same_as_fr
fy,login_credentials_title,same_as_fr
fy,access_member_area,same_as_fr
fy,pleasure_to_assist,same_as_fr
fy,balance_decreased_title,same_as_fr
fy,balance_decreased_heading,same_as_fr
fy,balance_decreased_message,same_as_fr
fy,operation_details,same_as_fr
fy,label_amount_deducted,same_as_fr
fy,label_new_balance,same_as_fr
fy,contact_us_if_questions,same_as_fr
fy,balance_increased_title,same_as_fr
fy,balance_increased_heading,same_as_fr
fy,balance_increased_message,same_as_fr
fy,label_amount_added,same_as_fr
fy,thank_you_trust,same_as_fr
fy,refund_title,same_as_fr
fy,refund_heading,same_as_fr
fy,refund_message,same_as_fr
fy,transfer_details,same_as_fr
fy,label_transfer_date,same_as_fr
fy,label_transfer_reason,same_as_fr
fy,refund_amount_text,same_as_fr
fy,refund_apology_contact,same_as_fr
fy,mail_error_alert_title,same_as_fr
fy,system_alert,same_as_fr
fy,mail_send_failure_detected,same_as_fr
fy,email_sending_problem,same_as_fr
fy,email_send_failure_explanation,same_as_fr
fy,error_details,same_as_fr
fy,label_failed_recipient,same_as_fr
fy,label_context,same_as_fr
fy,label_error_message,same_as_fr
fy,possible_causes,same_as_fr
fy,cause_daily_limit,same_as_fr
fy,cause_daily_limit_details,same_as_fr
fy,cause_smtp_connection,same_as_fr
fy,cause_smtp_connection_details,same_as_fr
fy,cause_auth_failed,same_as_fr
fy,cause_auth_failed_details,same_as_fr
fy,cause_app_password_revoked,same_as_fr
fy,cause_app_password_revoked_details,same_as_fr
fy,recommended_actions,same_as_fr
fy,action_if_limit,same_as_fr
fy,action_if_limit_details,same_as_fr
fy,action_check_logs,same_as_fr
fy,action_check_logs_details,same_as_fr
fy,action_test_connection,same_as_fr
fy,action_check_config,same_as_fr
fy,action_check_config_details,same_as_fr
fy,action_regenerate_password,same_as_fr
fy,action_regenerate_password_details,same_as_fr
fy,system_information,same_as_fr
fy,label_smtp_server,same_as_fr
fy,label_port,same_as_fr
fy,label_account,same_as_fr
fy,label_environment,same_as_fr
fy,alert_auto_generated_notice,same_as_fr
fy,account_management_system,same_as_fr
fy,alert_generated_by_safemail,same_as_fr
fy,contact_technical_team,same_as_fr
fy,password_reset_title,same_as_fr
fy,password_reset_heading,same_as_fr
fy,greeting_simple_name,same_as_fr
fy,password_reset_reason,same_as_fr
fy,password_reset_click_link,same_as_fr
fy,password_reset_no_action_needed,same_as_fr
fy,thank_you_using_brand,same_as_fr
ga,compte_created_subject,same_as_fr
ga,compte_created_title,same_as_fr
ga,greeting,same_as_fr
ga,credentials_title,same_as_fr
ga,label_email,same_as_fr
ga,label_password,same_as_fr
ga,label_initial_balance,same_as_fr
ga,cta_login,same_as_fr
ga,info_access,same_as_fr
ga,footer_brand,same_as_fr
ga,footer_partner,same_as_fr
ga,virement_success_subject,same_as_fr
ga,virement_success_title,same_as_fr
ga,virement_success_message,same_as_fr
ga,virement_failed_subject,same_as_fr
ga,virement_failed_title,same_as_fr
ga,virement_failed_message,same_as_fr
ga,details_title,same_as_fr
ga,label_amount,same_as_fr
ga,label_date,same_as_fr
ga,label_beneficiary,same_as_fr
ga,virement_notice,same_as_fr
ga,thanks,same_as_fr
ga,regards,same_as_fr
ga,service_client,same_as_fr
ga,auto_generated_notice,same_as_fr
ga,compte_activated_title,same_as_fr
ga,compte_activated_heading,same_as_fr
ga,good_news,same_as_fr
ga,compte_activated_message,same_as_fr
ga,compte_activated_explanation,same_as_fr
ga,label_holder,same_as_fr
ga,label_current_balance,same_as_fr
ga,label_status,same_as_fr
ga,status_active,same_as_fr
ga,you_can_now,same_as_fr
ga,can_make_transfers,same_as_fr
ga,check_balance,same_as_fr
ga,manage_transactions,same_as_fr
ga,access_services,same_as_fr
ga,thanks_welcome,same_as_fr
ga,unlock_code_used_title,same_as_fr
ga,unlock_code_used_heading,same_as_fr
ga,greeting_simple,same_as_fr
ga,info_notification,same_as_fr
ga,label_date_time,same_as_fr
ga,label_transfer_amount,same_as_fr
ga,label_recipient,same_as_fr
ga,contact_support_immediately,same_as_fr
ga,check_recent_transactions,same_as_fr
ga,if_legitimate,same_as_fr
ga,client_can_finalize,same_as_fr
ga,transfer_unlock_code_title,same_as_fr
ga,transfer_unlock_heading,same_as_fr
ga,transfer_unlock_message_intro,same_as_fr
ga,transfer_unlock_code_label,same_as_fr
ga,your_unlock_code,same_as_fr
ga,do_not_share_unlock_code,same_as_fr
ga,unlock_code_personal_confidential,same_as_fr
ga,unlock_code_needed_finalize,same_as_fr
ga,contact_support_for_questions,same_as_fr
ga,welcome_title,same_as_fr
ga,welcome_heading,same_as_fr
ga,login_credentials_title,same_as_fr
ga,pleasure_to_assist,same_as_fr
ga,balance_decreased_title,same_as_fr
ga,balance_decreased_heading,same_as_fr
ga,balance_decreased_message,same_as_fr
ga,label_amount_deducted,same_as_fr
ga,label_new_balance,same_as_fr
ga,balance_increased_title,same_as_fr
ga,balance_increased_heading,same_as_fr
ga,balance_increased_message,same_as_fr
ga,label_amount_added,same_as_fr
ga,thank_you_trust,same_as_fr
ga,refund_title,same_as_fr
ga,refund_heading,same_as_fr
ga,refund_message,same_as_fr
ga,transfer_details,same_as_fr
ga,label_transfer_date,same_as_fr
ga,label_transfer_reason,same_as_fr
ga,refund_amount_text,same_as_fr
ga,mail_error_alert_title,same_as_fr
ga,system_alert,same_as_fr
ga,label_failed_recipient,same_as_fr
ga,label_context,same_as_fr
ga,possible_causes,same_as_fr
ga,cause_daily_limit,same_as_fr
ga,cause_smtp_connection,same_as_fr
ga,cause_smtp_connection_details,same_as_fr
ga,cause_auth_failed,same_as_fr
ga,cause_auth_failed_details,same_as_fr
ga,recommended_actions,same_as_fr
ga,action_if_limit,same_as_fr
ga,action_check_logs,same_as_fr
ga,action_check_logs_details,same_as_fr
ga,action_test_connection,same_as_fr
ga,action_check_config,same_as_fr
ga,action_check_config_details,same_as_fr
ga,action_regenerate_password,same_as_fr
ga,system_information,same_as_fr
ga,label_smtp_server,same_as_fr
ga,label_port,same_as_fr
ga,label_account,same_as_fr
ga,label_environment,same_as_fr
ga,account_management_system,same_as_fr
ga,alert_generated_by_safemail,same_as_fr
ga,contact_technical_team,same_as_fr
ga,password_reset_title,same_as_fr
ga,password_reset_heading,same_as_fr
ga,greeting_simple_name,same_as_fr
ga,password_reset_reason,same_as_fr
ga,password_reset_click_link,same_as_fr
ga,compte_created_message,translated
ga,support_contact,translated
ga,footer_thanks,translated
ga,contact_support_for_info,translated
ga,unlock_code_used_alert,translated
ga,unlock_code_used_explanation,translated
ga,urgent_if_not_you,translated
ga,change_access_codes,translated
ga,welcome_message,translated
ga,access_member_area,translated
ga,operation_details,translated
ga,contact_us_if_questions,translated
ga,refund_apology_contact,translated
ga,mail_send_failure_detected,translated
ga,email_sending_problem,translated
ga,email_send_failure_explanation,translated
ga,error_details,translated
ga,label_error_message,translated
ga,cause_daily_limit_details,translated
ga,cause_app_password_revoked,translated
ga,cause_app_password_revoked_details,translated
ga,action_if_limit_details,translated
ga,action_regenerate_password_details,translated
ga,alert_auto_generated_notice,translated
ga,password_reset_no_action_needed,translated
ga,thank_you_using_brand,translated
gd,compte_created_subject,same_as_fr
gd,compte_created_title,same_as_fr
gd,greeting,same_as_fr
gd,credentials_title,same_as_fr
gd,label_email,same_as_fr
gd,label_password,same_as_fr
gd,label_initial_balance,same_as_fr
gd,cta_login,same_as_fr
gd,info_access,same_as_fr
gd,footer_brand,same_as_fr
gd,footer_partner,same_as_fr
gd,virement_success_subject,same_as_fr
gd,virement_success_title,same_as_fr
gd,virement_success_message,same_as_fr
gd,virement_failed_subject,same_as_fr
gd,virement_failed_title,same_as_fr
gd,virement_failed_message,same_as_fr
gd,details_title,same_as_fr
gd,label_amount,same_as_fr
gd,label_date,same_as_fr
gd,label_beneficiary,same_as_fr
gd,virement_notice,same_as_fr
gd,thanks,same_as_fr
gd,regards,same_as_fr
gd,service_client,same_as_fr
gd,auto_generated_notice,same_as_fr
gd,compte_activated_title,same_as_fr
gd,compte_activated_heading,same_as_fr
gd,good_news,same_as_fr
gd,compte_activated_message,same_as_fr
gd,compte_activated_explanation,same_as_fr
gd,label_holder,same_as_fr
gd,label_current_balance,same_as_fr
gd,label_status,same_as_fr
gd,status_active,same_as_fr
gd,you_can_now,same_as_fr
gd,can_make_transfers,same_as_fr
gd,check_balance,same_as_fr
gd,manage_transactions,same_as_fr
gd,access_services,same_as_fr
gd,thanks_welcome,same_as_fr
gd,unlock_code_used_title,same_as_fr
gd,unlock_code_used_heading,same_as_fr
gd,greeting_simple,same_as_fr
gd,info_notification,same_as_fr
gd,label_date_time,same_as_fr
gd,label_transfer_amount,same_as_fr
gd,label_recipient,same_as_fr
gd,contact_support_immediately,same_as_fr
gd,check_recent_transactions,same_as_fr
gd,if_legitimate,same_as_fr
gd,client_can_finalize,same_as_fr
gd,transfer_unlock_code_title,same_as_fr
gd,transfer_unlock_heading,same_as_fr
gd,transfer_unlock_message_intro,same_as_fr
gd,transfer_unlock_code_label,same_as_fr
gd,your_unlock_code,same_as_fr
gd,do_not_share_unlock_code,same_as_fr
gd,unlock_code_personal_confidential,same_as_fr
gd,unlock_code_needed_finalize,same_as_fr
gd,contact_support_for_questions,same_as_fr
gd,welcome_title,same_as_fr
gd,welcome_heading,same_as_fr
gd,login_credentials_title,same_as_fr
gd,pleasure_to_assist,same_as_fr
gd,balance_decreased_title,same_as_fr
gd,balance_decreased_heading,same_as_fr
gd,balance_decreased_message,same_as_fr
gd,label_amount_deducted,same_as_fr
gd,label_new_balance,same_as_fr
gd,balance_increased_title,same_as_fr
gd,balance_increased_heading,same_as_fr
gd,balance_increased_message,same_as_fr
gd,label_amount_added,same_as_fr
gd,thank_you_trust,same_as_fr
gd,refund_title,same_as_fr
gd,refund_heading,same_as_fr
gd,refund_message,same_as_fr
gd,transfer_details,same_as_fr
gd,label_transfer_date,same_as_fr
gd,label_transfer_reason,same_as_fr
gd,refund_amount_text,same_as_fr
gd,mail_error_alert_title,same_as_fr
gd,system_alert,same_as_fr
gd,label_failed_recipient,same_as_fr
gd,label_context,same_as_fr
gd,possible_causes,same_as_fr
gd,cause_daily_limit,same_as_fr
gd,cause_smtp_connection,same_as_fr
gd,cause_smtp_connection_details,same_as_fr
gd,cause_auth_failed,same_as_fr
gd,cause_auth_failed_details,same_as_fr
gd,recommended_actions,same_as_fr
gd,action_if_limit,same_as_fr
gd,action_check_logs,same_as_fr
gd,action_check_logs_details,same_as_fr
gd,action_test_connection,same_as_fr
gd,action_check_config,same_as_fr
gd,action_check_config_details,same_as_fr
gd,action_regenerate_password,same_as_fr
gd,system_information,same_as_fr
gd,label_smtp_server,same_as_fr
gd,label_port,same_as_fr
gd,label_account,same_as_fr
gd,label_environment,same_as_fr
gd,account_management_system,same_as_fr
gd,alert_generated_by_safemail,same_as_fr
gd,contact_technical_team,same_as_fr
gd,password_reset_title,same_as_fr
gd,password_reset_heading,same_as_fr
gd,greeting_simple_name,same_as_fr
gd,password_reset_reason,same_as_fr
gd,password_reset_click_link,same_as_fr
gd,compte_created_message,translated
gd,support_contact,translated
gd,footer_thanks,translated
gd,contact_support_for_info,translated
gd,unlock_code_used_alert,translated
gd,unlock_code_used_explanation,translated
gd,urgent_if_not_you,translated
gd,change_access_codes,translated
gd,welcome_message,translated
gd,access_member_area,translated
gd,operation_details,translated
gd,contact_us_if_questions,translated
gd,refund_apology_contact,translated
gd,mail_send_failure_detected,translated
gd,email_sending_problem,translated
gd,email_send_failure_explanation,translated
gd,error_details,translated
gd,label_error_message,translated
gd,cause_daily_limit_details,translated
gd,cause_app_password_revoked,translated
gd,cause_app_password_revoked_details,translated
gd,action_if_limit_details,translated
gd,action_regenerate_password_details,translated
gd,alert_auto_generated_notice,translated
gd,password_reset_no_action_needed,translated
gd,thank_you_using_brand,translated
gl,compte_created_subject,same_as_fr
gl,compte_created_title,same_as_fr
gl,greeting,same_as_fr
gl,credentials_title,same_as_fr
gl,label_email,same_as_fr
gl,label_password,same_as_fr
gl,label_initial_balance,same_as_fr
gl,cta_login,same_as_fr
gl,info_access,same_as_fr
gl,footer_brand,same_as_fr
gl,footer_partner,same_as_fr
gl,virement_success_subject,same_as_fr
gl,virement_success_title,same_as_fr
gl,virement_success_message,same_as_fr
gl,virement_failed_subject,same_as_fr
gl,virement_failed_title,same_as_fr
gl,virement_failed_message,same_as_fr
gl,details_title,same_as_fr
gl,label_amount,same_as_fr
gl,label_date,same_as_fr
gl,label_beneficiary,same_as_fr
gl,virement_notice,same_as_fr
gl,thanks,same_as_fr
gl,regards,same_as_fr
gl,service_client,same_as_fr
gl,auto_generated_notice,same_as_fr
gl,compte_activated_title,same_as_fr
gl,compte_activated_heading,same_as_fr
gl,good_news,same_as_fr
gl,compte_activated_message,same_as_fr
gl,compte_activated_explanation,same_as_fr
gl,label_holder,same_as_fr
gl,label_current_balance,same_as_fr
gl,label_status,same_as_fr
gl,status_active,same_as_fr
gl,you_can_now,same_as_fr
gl,can_make_transfers,same_as_fr
gl,check_balance,same_as_fr
gl,manage_transactions,same_as_fr
gl,access_services,same_as_fr
gl,thanks_welcome,same_as_fr
gl,unlock_code_used_title,same_as_fr
gl,unlock_code_used_heading,same_as_fr
gl,greeting_simple,same_as_fr
gl,info_notification,same_as_fr
gl,label_date_time,same_as_fr
gl,label_transfer_amount,same_as_fr
gl,label_recipient,same_as_fr
gl,contact_support_immediately,same_as_fr
gl,check_recent_transactions,same_as_fr
gl,if_legitimate,same_as_fr
gl,client_can_finalize,same_as_fr
gl,transfer_unlock_code_title,same_as_fr
gl,transfer_unlock_heading,same_as_fr
gl,transfer_unlock_message_intro,same_as_fr
gl,transfer_unlock_code_label,same_as_fr
gl,your_unlock_code,same_as_fr
gl,do_not_share_unlock_code,same_as_fr
gl,unlock_code_personal_confidential,same_as_fr
gl,unlock_code_needed_finalize,same_as_fr
gl,contact_support_for_questions,same_as_fr
gl,welcome_title,same_as_fr
gl,welcome_heading,same_as_fr
gl,login_credentials_title,same_as_fr
gl,pleasure_to_assist,same_as_fr
gl,balance_decreased_title,same_as_fr
gl,balance_decreased_heading,same_as_fr
gl,balance_decreased_message,same_as_fr
gl,label_amount_deducted,same_as_fr
gl,label_new_balance,same_as_fr
gl,balance_increased_title,same_as_fr
gl,balance_increased_heading,same_as_fr
gl,balance_increased_message,same_as_fr
gl,label_amount_added,same_as_fr
gl,thank_you_trust,same_as_fr
gl,refund_title,same_as_fr
gl,refund_heading,same_as_fr
gl,refund_message,same_as_fr
gl,transfer_details,same_as_fr
gl,label_transfer_date,same_as_fr
gl,label_transfer_reason,same_as_fr
gl,refund_amount_text,same_as_fr
gl,mail_error_alert_title,same_as_fr
gl,system_alert,same_as_fr
gl,label_failed_recipient,same_as_fr
gl,label_context,same_as_fr
gl,possible_causes,same_as_fr
gl,cause_daily_limit,same_as_fr
gl,cause_smtp_connection,same_as_fr
gl,cause_smtp_connection_details,same_as_fr
gl,cause_auth_failed,same_as_fr
gl,cause_auth_failed_details,same_as_fr
gl,recommended_actions,same_as_fr
gl,action_if_limit,same_as_fr
gl,action_check_logs,same_as_fr
gl,action_check_logs_details,same_as_fr
gl,action_test_connection,same_as_fr
gl,action_check_config,same_as_fr
gl,action_check_config_details,same_as_fr
gl,action_regenerate_password,same_as_fr
gl,system_information,same_as_fr
gl,label_smtp_server,same_as_fr
gl,label_port,same_as_fr
gl,label_account,same_as_fr
gl,label_environment,same_as_fr
gl,account_management_system,same_as_fr
gl,alert_generated_by_safemail,same_as_fr
gl,contact_technical_team,same_as_fr
gl,password_reset_title,same_as_fr
gl,password_reset_heading,same_as_fr
gl,greeting_simple_name,same_as_fr
gl,password_reset_reason,same_as_fr
gl,password_reset_click_link,same_as_fr
gl,compte_created_message,translated
gl,support_contact,translated
gl,footer_thanks,translated
gl,contact_support_for_info,translated
gl,unlock_code_used_alert,translated
gl,unlock_code_used_explanation,translated
gl,urgent_if_not_you,translated
gl,change_access_codes,translated
gl,welcome_message,translated
gl,access_member_area,translated
gl,operation_details,translated
gl,contact_us_if_questions,translated
gl,refund_apology_contact,translated
gl,mail_send_failure_detected,translated
gl,email_sending_problem,translated
gl,email_send_failure_explanation,translated
gl,error_details,translated
gl,label_error_message,translated
gl,cause_daily_limit_details,translated
gl,cause_app_password_revoked,translated
gl,cause_app_password_revoked_details,translated
gl,action_if_limit_details,translated
gl,action_regenerate_password_details,translated
gl,alert_auto_generated_notice,translated
gl,password_reset_no_action_needed,translated
gl,thank_you_using_brand,translated
gu,compte_created_subject,same_as_fr
gu,compte_created_title,same_as_fr
gu,greeting,same_as_fr
gu,compte_created_message,same_as_fr
gu,credentials_title,same_as_fr
gu,label_email,same_as_fr
gu,label_password,same_as_fr
gu,label_initial_balance,same_as_fr
gu,cta_login,same_as_fr
gu,info_access,same_as_fr
gu,support_contact,same_as_fr
gu,footer_thanks,same_as_fr
gu,footer_brand,same_as_fr
gu,footer_partner,same_as_fr
gu,virement_success_subject,same_as_fr
gu,virement_success_title,same_as_fr
gu,virement_success_message,same_as_fr
gu,virement_failed_subject,same_as_fr
gu,virement_failed_title,same_as_fr
gu,virement_failed_message,same_as_fr
gu,details_title,same_as_fr
gu,label_amount,same_as_fr
gu,label_date,same_as_fr
gu,label_beneficiary,same_as_fr
gu,virement_notice,same_as_fr
gu,thanks,same_as_fr
gu,contact_support_for_info,same_as_fr
gu,regards,same_as_fr
gu,service_client,same_as_fr
gu,auto_generated_notice,same_as_fr
gu,compte_activated_title,same_as_fr
gu,compte_activated_heading,same_as_fr
gu,good_news,same_as_fr
gu,compte_activated_message,same_as_fr
gu,compte_activated_explanation,same_as_fr
gu,label_holder,same_as_fr
gu,label_current_balance,same_as_fr
gu,label_status,same_as_fr
gu,status_active,same_as_fr
gu,you_can_now,same_as_fr
gu,can_make_transfers,same_as_fr
gu,check_balance,same_as_fr
gu,manage_transactions,same_as_fr
gu,access_services,same_as_fr
gu,thanks_welcome,same_as_fr
gu,unlock_code_used_title,same_as_fr
gu,unlock_code_used_heading,same_as_fr
gu,greeting_simple,same_as_fr
gu,info_notification,same_as_fr
gu,unlock_code_used_alert,same_as_fr
gu,unlock_code_used_explanation,same_as_fr
gu,label_date_time,same_as_fr
gu,label_transfer_amount,same_as_fr
gu,label_recipient,same_as_fr
gu,urgent_if_not_you,same_as_fr
gu,contact_support_immediately,same_as_fr
gu,check_recent_transactions,same_as_fr
gu,change_access_codes,same_as_fr
gu,if_legitimate,same_as_fr
gu,client_can_finalize,same_as_fr
gu,transfer_unlock_code_title,same_as_fr
gu,transfer_unlock_heading,same_as_fr
gu,transfer_unlock_message_intro,same_as_fr
gu,transfer_unlock_code_label,same_as_fr
gu,your_unlock_code,same_as_fr
gu,do_not_share_unlock_code,same_as_fr
gu,unlock_code_personal_confidential,same_as_fr
gu,unlock_code_needed_finalize,same_as_fr
gu,contact_support_for_questions,same_as_fr
gu,welcome_title,same_as_fr
gu,welcome_heading,same_as_fr
gu,welcome_message,same_as_fr
gu,login_credentials_title,same_as_fr
gu,access_member_area,same_as_fr
gu,pleasure_to_assist,same_as_fr
gu,balance_decreased_title,same_as_fr
gu,balance_decreased_heading,same_as_fr
gu,balance_decreased_message,same_as_fr
gu,operation_details,same_as_fr
gu,label_amount_deducted,same_as_fr
gu,label_new_balance,same_as_fr
gu,contact_us_if_questions,same_as_fr
gu,balance_increased_title,same_as_fr
gu,balance_increased_heading,same_as_fr
gu,balance_increased_message,same_as_fr
gu,label_amount_added,same_as_fr
gu,thank_you_trust,same_as_fr
gu,refund_title,same_as_fr
gu,refund_heading,same_as_fr
gu,refund_message,same_as_fr
gu,transfer_details,same_as_fr
gu,label_transfer_date,same_as_fr
gu,label_transfer_reason,same_as_fr
gu,refund_amount_text,same_as_fr
gu,refund_apology_contact,same_as_fr
gu,mail_error_alert_title,same_as_fr
gu,system_alert,same_as_fr
gu,mail_send_failure_detected,same_as_fr
gu,email_sending_problem,same_as_fr
gu,email_send_failure_explanation,same_as_fr
gu,error_details,same_as_fr
gu,label_failed_recipient,same_as_fr
gu,label_context,same_as_fr
gu,label_error_message,same_as_fr
gu,possible_causes,same_as_fr
gu,cause_daily_limit,same_as_fr
gu,cause_daily_limit_details,same_as_fr
gu,cause_smtp_connection,same_as_fr
gu,cause_smtp_connection_details,same_as_fr
gu,cause_auth_failed,same_as_fr
gu,cause_auth_failed_details,same_as_fr
gu,cause_app_password_revoked,same_as_fr
gu,cause_app_password_revoked_details,same_as_fr
gu,recommended_actions,same_as_fr
gu,action_if_limit,same_as_fr
gu,action_if_limit_details,same_as_fr
gu,action_check_logs,same_as_fr
gu,action_check_logs_details,same_as_fr
gu,action_test_connection,same_as_fr
gu,action_check_config,same_as_fr
gu,action_check_config_details,same_as_fr
gu,action_regenerate_password,same_as_fr
gu,action_regenerate_password_details,same_as_fr
gu,system_information,same_as_fr
gu,label_smtp_server,same_as_fr
gu,label_port,same_as_fr
gu,label_account,same_as_fr
gu,label_environment,same_as_fr
gu,alert_auto_generated_notice,same_as_fr
gu,account_management_system,same_as_fr
gu,alert_generated_by_safemail,same_as_fr
gu,contact_technical_team,same_as_fr
gu,password_reset_title,same_as_fr
gu,password_reset_heading,same_as_fr
gu,greeting_simple_name,same_as_fr
gu,password_reset_reason,same_as_fr
gu,password_reset_click_link,same_as_fr
gu,password_reset_no_action_needed,same_as_fr
gu,thank_you_using_brand,same_as_fr
ha,compte_created_subject,same_as_fr
ha,compte_created_title,same_as_fr
ha,greeting,same_as_fr
ha,compte_created_message,same_as_fr
ha,credentials_title,same_as_fr
ha,label_email,same_as_fr
ha,label_password,same_as_fr
ha,label_initial_balance,same_as_fr
ha,cta_login,same_as_fr
ha,info_access,same_as_fr
ha,support_contact,same_as_fr
ha,footer_thanks,same_as_fr
ha,footer_brand,same_as_fr
ha,footer_partner,same_as_fr
ha,virement_success_subject,same_as_fr
ha,virement_success_title,same_as_fr
ha,virement_success_message,same_as_fr
ha,virement_failed_subject,same_as_fr
ha,virement_failed_title,same_as_fr
ha,virement_failed_message,same_as_fr
ha,details_title,same_as_fr
ha,label_amount,same_as_fr
ha,label_date,same_as_fr
ha,label_beneficiary,same_as_fr
ha,virement_notice,same_as_fr
ha,thanks,same_as_fr
ha,contact_support_for_info,same_as_fr
ha,regards,same_as_fr
ha,service_client,same_as_fr
ha,auto_generated_notice,same_as_fr
ha,compte_activated_title,same_as_fr
ha,compte_activated_heading,same_as_fr
ha,good_news,same_as_fr
ha,compte_activated_message,same_as_fr
ha,compte_activated_explanation,same_as_fr
ha,label_holder,same_as_fr
ha,label_current_balance,same_as_fr
ha,label_status,same_as_fr
ha,status_active,same_as_fr
ha,you_can_now,same_as_fr
ha,can_make_transfers,same_as_fr
ha,check_balance,same_as_fr
ha,manage_transactions,same_as_fr
ha,access_services,same_as_fr
ha,thanks_welcome,same_as_fr
ha,unlock_code_used_title,same_as_fr
ha,unlock_code_used_heading,same_as_fr
ha,greeting_simple,same_as_fr
ha,info_notification,same_as_fr
ha,unlock_code_used_alert,same_as_fr
ha,unlock_code_used_explanation,same_as_fr
ha,label_date_time,same_as_fr
ha,label_transfer_amount,same_as_fr
ha,label_recipient,same_as_fr
ha,urgent_if_not_you,same_as_fr
ha,contact_support_immediately,same_as_fr
ha,check_recent_transactions,same_as_fr
ha,change_access_codes,same_as_fr
ha,if_legitimate,same_as_fr
ha,client_can_finalize,same_as_fr
ha,transfer_unlock_code_title,same_as_fr
ha,transfer_unlock_heading,same_as_fr
ha,transfer_unlock_message_intro,same_as_fr
ha,transfer_unlock_code_label,same_as_fr
ha,your_unlock_code,same_as_fr
ha,do_not_share_unlock_code,same_as_fr
ha,unlock_code_personal_confidential,same_as_fr
ha,unlock_code_needed_finalize,same_as_fr
ha,contact_support_for_questions,same_as_fr
ha,welcome_title,same_as_fr
ha,welcome_heading,same_as_fr
ha,welcome_message,same_as_fr
ha,login_credentials_title,same_as_fr
ha,access_member_area,same_as_fr
ha,pleasure_to_assist,same_as_fr
ha,balance_decreased_title,same_as_fr
ha,balance_decreased_heading,same_as_fr
ha,balance_decreased_message,same_as_fr
ha,operation_details,same_as_fr
ha,label_amount_deducted,same_as_fr
ha,label_new_balance,same_as_fr
ha,contact_us_if_questions,same_as_fr
ha,balance_increased_title,same_as_fr
ha,balance_increased_heading,same_as_fr
ha,balance_increased_message,same_as_fr
ha,label_amount_added,same_as_fr
ha,thank_you_trust,same_as_fr
ha,refund_title,same_as_fr
ha,refund_heading,same_as_fr
ha,refund_message,same_as_fr
ha,transfer_details,same_as_fr
ha,label_transfer_date,same_as_fr
ha,label_transfer_reason,same_as_fr
ha,refund_amount_text,same_as_fr
ha,refund_apology_contact,same_as_fr
ha,mail_error_alert_title,same_as_fr
ha,system_alert,same_as_fr
ha,mail_send_failure_detected,same_as_fr
ha,email_sending_problem,same_as_fr
ha,email_send_failure_explanation,same_as_fr
ha,error_details,same_as_fr
ha,label_failed_recipient,same_as_fr
ha,label_context,same_as_fr
ha,label_error_message,same_as_fr
ha,possible_causes,same_as_fr
ha,cause_daily_limit,same_as_fr
ha,cause_daily_limit_details,same_as_fr
ha,cause_smtp_connection,same_as_fr
ha,cause_smtp_connection_details,same_as_fr
ha,cause_auth_failed,same_as_fr
ha,cause_auth_failed_details,same_as_fr
ha,cause_app_password_revoked,same_as_fr
ha,cause_app_password_revoked_details,same_as_fr
ha,recommended_actions,same_as_fr
ha,action_if_limit,same_as_fr
ha,action_if_limit_details,same_as_fr
ha,action_check_logs,same_as_fr
ha,action_check_logs_details,same_as_fr
ha,action_test_connection,same_as_fr
ha,action_check_config,same_as_fr
ha,action_check_config_details,same_as_fr
ha,action_regenerate_password,same_as_fr
ha,action_regenerate_password_details,same_as_fr
ha,system_information,same_as_fr
ha,label_smtp_server,same_as_fr
ha,label_port,same_as_fr
ha,label_account,same_as_fr
ha,label_environment,same_as_fr
ha,alert_auto_generated_notice,same_as_fr
ha,account_management_system,same_as_fr
ha,alert_generated_by_safemail,same_as_fr
ha,contact_technical_team,same_as_fr
ha,password_reset_title,same_as_fr
ha,password_reset_heading,same_as_fr
ha,greeting_simple_name,same_as_fr
ha,password_reset_reason,same_as_fr
ha,password_reset_click_link,same_as_fr
ha,password_reset_no_action_needed,same_as_fr
ha,thank_you_using_brand,same_as_fr
haw,compte_created_subject,same_as_fr
haw,compte_created_title,same_as_fr
haw,greeting,same_as_fr
haw,compte_created_message,same_as_fr
haw,credentials_title,same_as_fr
haw,label_email,same_as_fr
haw,label_password,same_as_fr
haw,label_initial_balance,same_as_fr
haw,cta_login,same_as_fr
haw,info_access,same_as_fr
haw,support_contact,same_as_fr
haw,footer_thanks,same_as_fr
haw,footer_brand,same_as_fr
haw,footer_partner,same_as_fr
haw,virement_success_subject,same_as_fr
haw,virement_success_title,same_as_fr
haw,virement_success_message,same_as_fr
haw,virement_failed_subject,same_as_fr
haw,virement_failed_title,same_as_fr
haw,virement_failed_message,same_as_fr
haw,details_title,same_as_fr
haw,label_amount,same_as_fr
haw,label_date,same_as_fr
haw,label_beneficiary,same_as_fr
haw,virement_notice,same_as_fr
haw,thanks,same_as_fr
haw,contact_support_for_info,same_as_fr
haw,regards,same_as_fr
haw,service_client,same_as_fr
haw,auto_generated_notice,same_as_fr
haw,compte_activated_title,same_as_fr
haw,compte_activated_heading,same_as_fr
haw,good_news,same_as_fr
haw,compte_activated_message,same_as_fr
haw,compte_activated_explanation,same_as_fr
haw,label_holder,same_as_fr
haw,label_current_balance,same_as_fr
haw,label_status,same_as_fr
haw,status_active,same_as_fr
haw,you_can_now,same_as_fr
haw,can_make_transfers,same_as_fr
haw,check_balance,same_as_fr
haw,manage_transactions,same_as_fr
haw,access_services,same_as_fr
haw,thanks_welcome,same_as_fr
haw,unlock_code_used_title,same_as_fr
haw,unlock_code_used_heading,same_as_fr
haw,greeting_simple,same_as_fr
haw,info_notification,same_as_fr
haw,unlock_code_used_alert,same_as_fr
haw,unlock_code_used_explanation,same_as_fr
haw,label_date_time,same_as_fr
haw,label_transfer_amount,same_as_fr
haw,label_recipient,same_as_fr
haw,urgent_if_not_you,same_as_fr
haw,contact_support_immediately,same_as_fr
haw,check_recent_transactions,same_as_fr
haw,change_access_codes,same_as_fr
haw,if_legitimate,same_as_fr
haw,client_can_finalize,same_as_fr
haw,transfer_unlock_code_title,same_as_fr
haw,transfer_unlock_heading,same_as_fr
haw,transfer_unlock_message_intro,same_as_fr
haw,transfer_unlock_code_label,same_as_fr
haw,your_unlock_code,same_as_fr
haw,do_not_share_unlock_code,same_as_fr
haw,unlock_code_personal_confidential,same_as_fr
haw,unlock_code_needed_finalize,same_as_fr
haw,contact_support_for_questions,same_as_fr
haw,welcome_title,same_as_fr
haw,welcome_heading,same_as_fr
haw,welcome_message,same_as_fr
haw,login_credentials_title,same_as_fr
haw,access_member_area,same_as_fr
haw,pleasure_to_assist,same_as_fr
haw,balance_decreased_title,same_as_fr
haw,balance_decreased_heading,same_as_fr
haw,balance_decreased_message,same_as_fr
haw,operation_details,same_as_fr
haw,label_amount_deducted,same_as_fr
haw,label_new_balance,same_as_fr
haw,contact_us_if_questions,same_as_fr
haw,balance_increased_title,same_as_fr
haw,balance_increased_heading,same_as_fr
haw,balance_increased_message,same_as_fr
haw,label_amount_added,same_as_fr
haw,thank_you_trust,same_as_fr
haw,refund_title,same_as_fr
haw,refund_heading,same_as_fr
haw,refund_message,same_as_fr
haw,transfer_details,same_as_fr
haw,label_transfer_date,same_as_fr
haw,label_transfer_reason,same_as_fr
haw,refund_amount_text,same_as_fr
haw,refund_apology_contact,same_as_fr
haw,mail_error_alert_title,same_as_fr
haw,system_alert,same_as_fr
haw,mail_send_failure_detected,same_as_fr
haw,email_sending_problem,same_as_fr
haw,email_send_failure_explanation,same_as_fr
haw,error_details,same_as_fr
haw,label_failed_recipient,same_as_fr
haw,label_context,same_as_fr
haw,label_error_message,same_as_fr
haw,possible_causes,same_as_fr
haw,cause_daily_limit,same_as_fr
haw,cause_daily_limit_details,same_as_fr
haw,cause_smtp_connection,same_as_fr
haw,cause_smtp_connection_details,same_as_fr
haw,cause_auth_failed,same_as_fr
haw,cause_auth_failed_details,same_as_fr
haw,cause_app_password_revoked,same_as_fr
haw,cause_app_password_revoked_details,same_as_fr
haw,recommended_actions,same_as_fr
haw,action_if_limit,same_as_fr
haw,action_if_limit_details,same_as_fr
haw,action_check_logs,same_as_fr
haw,action_check_logs_details,same_as_fr
haw,action_test_connection,same_as_fr
haw,action_check_config,same_as_fr
haw,action_check_config_details,same_as_fr
haw,action_regenerate_password,same_as_fr
haw,action_regenerate_password_details,same_as_fr
haw,system_information,same_as_fr
haw,label_smtp_server,same_as_fr
haw,label_port,same_as_fr
haw,label_account,same_as_fr
haw,label_environment,same_as_fr
haw,alert_auto_generated_notice,same_as_fr
haw,account_management_system,same_as_fr
haw,alert_generated_by_safemail,same_as_fr
haw,contact_technical_team,same_as_fr
haw,password_reset_title,same_as_fr
haw,password_reset_heading,same_as_fr
haw,greeting_simple_name,same_as_fr
haw,password_reset_reason,same_as_fr
haw,password_reset_click_link,same_as_fr
haw,password_reset_no_action_needed,same_as_fr
haw,thank_you_using_brand,same_as_fr
hi,compte_created_subject,same_as_fr
hi,compte_created_title,same_as_fr
hi,greeting,same_as_fr
hi,compte_created_message,same_as_fr
hi,credentials_title,same_as_fr
hi,label_email,same_as_fr
hi,label_password,same_as_fr
hi,label_initial_balance,same_as_fr
hi,cta_login,same_as_fr
hi,info_access,same_as_fr
hi,support_contact,same_as_fr
hi,footer_thanks,same_as_fr
hi,footer_brand,same_as_fr
hi,footer_partner,same_as_fr
hi,virement_success_subject,same_as_fr
hi,virement_success_title,same_as_fr
hi,virement_success_message,same_as_fr
hi,virement_failed_subject,same_as_fr
hi,virement_failed_title,same_as_fr
hi,virement_failed_message,same_as_fr
hi,details_title,same_as_fr
hi,label_amount,same_as_fr
hi,label_date,same_as_fr
hi,label_beneficiary,same_as_fr
hi,virement_notice,same_as_fr
hi,thanks,same_as_fr
hi,contact_support_for_info,same_as_fr
hi,regards,same_as_fr
hi,service_client,same_as_fr
hi,auto_generated_notice,same_as_fr
hi,compte_activated_title,same_as_fr
hi,compte_activated_heading,same_as_fr
hi,good_news,same_as_fr
hi,compte_activated_message,same_as_fr
hi,compte_activated_explanation,same_as_fr
hi,label_holder,same_as_fr
hi,label_current_balance,same_as_fr
hi,label_status,same_as_fr
hi,status_active,same_as_fr
hi,you_can_now,same_as_fr
hi,can_make_transfers,same_as_fr
hi,check_balance,same_as_fr
hi,manage_transactions,same_as_fr
hi,access_services,same_as_fr
hi,thanks_welcome,same_as_fr
hi,unlock_code_used_title,same_as_fr
hi,unlock_code_used_heading,same_as_fr
hi,greeting_simple,same_as_fr
hi,info_notification,same_as_fr
hi,unlock_code_used_alert,same_as_fr
hi,unlock_code_used_explanation,same_as_fr
hi,label_date_time,same_as_fr
hi,label_transfer_amount,same_as_fr
hi,label_recipient,same_as_fr
hi,urgent_if_not_you,same_as_fr
hi,contact_support_immediately,same_as_fr
hi,check_recent_transactions,same_as_fr
hi,change_access_codes,same_as_fr
hi,if_legitimate,same_as_fr
hi,client_can_finalize,same_as_fr
hi,transfer_unlock_code_title,same_as_fr
hi,transfer_unlock_heading,same_as_fr
hi,transfer_unlock_message_intro,same_as_fr
hi,transfer_unlock_code_label,same_as_fr
hi,your_unlock_code,same_as_fr
hi,do_not_share_unlock_code,same_as_fr
hi,unlock_code_personal_confidential,same_as_fr
hi,unlock_code_needed_finalize,same_as_fr
hi,contact_support_for_questions,same_as_fr
hi,welcome_title,same_as_fr
hi,welcome_heading,same_as_fr
hi,welcome_message,same_as_fr
hi,login_credentials_title,same_as_fr
hi,access_member_area,same_as_fr
hi,pleasure_to_assist,same_as_fr
hi,balance_decreased_title,same_as_fr
hi,balance_decreased_heading,same_as_fr
hi,balance_decreased_message,same_as_fr
hi,operation_details,same_as_fr
hi,label_amount_deducted,same_as_fr
hi,label_new_balance,same_as_fr
hi,contact_us_if_questions,same_as_fr
hi,balance_increased_title,same_as_fr
hi,balance_increased_heading,same_as_fr
hi,balance_increased_message,same_as_fr
hi,label_amount_added,same_as_fr
hi,thank_you_trust,same_as_fr
hi,refund_title,same_as_fr
hi,refund_heading,same_as_fr
hi,refund_message,same_as_fr
hi,transfer_details,same_as_fr
hi,label_transfer_date,same_as_fr
hi,label_transfer_reason,same_as_fr
hi,refund_amount_text,same_as_fr
hi,refund_apology_contact,same_as_fr
hi,mail_error_alert_title,same_as_fr
hi,system_alert,same_as_fr
hi,mail_send_failure_detected,same_as_fr
hi,email_sending_problem,same_as_fr
hi,email_send_failure_explanation,same_as_fr
hi,error_details,same_as_fr
hi,label_failed_recipient,same_as_fr
hi,label_context,same_as_fr
hi,label_error_message,same_as_fr
hi,possible_causes,same_as_fr
hi,cause_daily_limit,same_as_fr
hi,cause_daily_limit_details,same_as_fr
hi,cause_smtp_connection,same_as_fr
hi,cause_smtp_connection_details,same_as_fr
hi,cause_auth_failed,same_as_fr
hi,cause_auth_failed_details,same_as_fr
hi,cause_app_password_revoked,same_as_fr
hi,cause_app_password_revoked_details,same_as_fr
hi,recommended_actions,same_as_fr
hi,action_if_limit,same_as_fr
hi,action_if_limit_details,same_as_fr
hi,action_check_logs,same_as_fr
hi,action_check_logs_details,same_as_fr
hi,action_test_connection,same_as_fr
hi,action_check_config,same_as_fr
hi,action_check_config_details,same_as_fr
hi,action_regenerate_password,same_as_fr
hi,action_regenerate_password_details,same_as_fr
hi,system_information,same_as_fr
hi,label_smtp_server,same_as_fr
hi,label_port,same_as_fr
hi,label_account,same_as_fr
hi,label_environment,same_as_fr
hi,alert_auto_generated_notice,same_as_fr
hi,account_management_system,same_as_fr
hi,alert_generated_by_safemail,same_as_fr
hi,contact_technical_team,same_as_fr
hi,password_reset_title,same_as_fr
hi,password_reset_heading,same_as_fr
hi,greeting_simple_name,same_as_fr
hi,password_reset_reason,same_as_fr
hi,password_reset_click_link,same_as_fr
hi,password_reset_no_action_needed,same_as_fr
hi,thank_you_using_brand,same_as_fr
hmn,compte_created_subject,same_as_fr
hmn,compte_created_title,same_as_fr
hmn,greeting,same_as_fr
hmn,compte_created_message,same_as_fr
hmn,credentials_title,same_as_fr
hmn,label_email,same_as_fr
hmn,label_password,same_as_fr
hmn,label_initial_balance,same_as_fr
hmn,cta_login,same_as_fr
hmn,info_access,same_as_fr
hmn,support_contact,same_as_fr
hmn,footer_thanks,same_as_fr
hmn,footer_brand,same_as_fr
hmn,footer_partner,same_as_fr
hmn,virement_success_subject,same_as_fr
hmn,virement_success_title,same_as_fr
hmn,virement_success_message,same_as_fr
hmn,virement_failed_subject,same_as_fr
hmn,virement_failed_title,same_as_fr
hmn,virement_failed_message,same_as_fr
hmn,details_title,same_as_fr
hmn,label_amount,same_as_fr
hmn,label_date,same_as_fr
hmn,label_beneficiary,same_as_fr
hmn,virement_notice,same_as_fr
hmn,thanks,same_as_fr
hmn,contact_support_for_info,same_as_fr
hmn,regards,same_as_fr
hmn,service_client,same_as_fr
hmn,auto_generated_notice,same_as_fr
hmn,compte_activated_title,same_as_fr
hmn,compte_activated_heading,same_as_fr
hmn,good_news,same_as_fr
hmn,compte_activated_message,same_as_fr
hmn,compte_activated_explanation,same_as_fr
hmn,label_holder,same_as_fr
hmn,label_current_balance,same_as_fr
hmn,label_status,same_as_fr
hmn,status_active,same_as_fr
hmn,you_can_now,same_as_fr
hmn,can_make_transfers,same_as_fr
hmn,check_balance,same_as_fr
hmn,manage_transactions,same_as_fr
hmn,access_services,same_as_fr
hmn,thanks_welcome,same_as_fr
hmn,unlock_code_used_title,same_as_fr
hmn,unlock_code_used_heading,same_as_fr
hmn,greeting_simple,same_as_fr
hmn,info_notification,same_as_fr
hmn,unlock_code_used_alert,same_as_fr
hmn,unlock_code_used_explanation,same_as_fr
hmn,label_date_time,same_as_fr
hmn,label_transfer_amount,same_as_fr
hmn,label_recipient,same_as_fr
hmn,urgent_if_not_you,same_as_fr
hmn,contact_support_immediately,same_as_fr
hmn,check_recent_transactions,same_as_fr
hmn,change_access_codes,same_as_fr
hmn,if_legitimate,same_as_fr
hmn,client_can_finalize,same_as_fr
hmn,transfer_unlock_code_title,same_as_fr
hmn,transfer_unlock_heading,same_as_fr
hmn,transfer_unlock_message_intro,same_as_fr
hmn,transfer_unlock_code_label,same_as_fr
hmn,your_unlock_code,same_as_fr
hmn,do_not_share_unlock_code,same_as_fr
hmn,unlock_code_personal_confidential,same_as_fr
hmn,unlock_code_needed_finalize,same_as_fr
hmn,contact_support_for_questions,same_as_fr
hmn,welcome_title,same_as_fr
hmn,welcome_heading,same_as_fr
hmn,welcome_message,same_as_fr
hmn,login_credentials_title,same_as_fr
hmn,access_member_area,same_as_fr
hmn,pleasure_to_assist,same_as_fr
hmn,balance_decreased_title,same_as_fr
hmn,balance_decreased_heading,same_as_fr
hmn,balance_decreased_message,same_as_fr
hmn,operation_details,same_as_fr
hmn,label_amount_deducted,same_as_fr
hmn,label_new_balance,same_as_fr
hmn,contact_us_if_questions,same_as_fr
hmn,balance_increased_title,same_as_fr
hmn,balance_increased_heading,same_as_fr
hmn,balance_increased_message,same_as_fr
hmn,label_amount_added,same_as_fr
hmn,thank_you_trust,same_as_fr
hmn,refund_title,same_as_fr
hmn,refund_heading,same_as_fr
hmn,refund_message,same_as_fr
hmn,transfer_details,same_as_fr
hmn,label_transfer_date,same_as_fr
hmn,label_transfer_reason,same_as_fr
hmn,refund_amount_text,same_as_fr
hmn,refund_apology_contact,same_as_fr
hmn,mail_error_alert_title,same_as_fr
hmn,system_alert,same_as_fr
hmn,mail_send_failure_detected,same_as_fr
hmn,email_sending_problem,same_as_fr
hmn,email_send_failure_explanation,same_as_fr
hmn,error_details,same_as_fr
hmn,label_failed_recipient,same_as_fr
hmn,label_context,same_as_fr
hmn,label_error_message,same_as_fr
hmn,possible_causes,same_as_fr
hmn,cause_daily_limit,same_as_fr
hmn,cause_daily_limit_details,same_as_fr
hmn,cause_smtp_connection,same_as_fr
hmn,cause_smtp_connection_details,same_as_fr
hmn,cause_auth_failed,same_as_fr
hmn,cause_auth_failed_details,same_as_fr
hmn,cause_app_password_revoked,same_as_fr
hmn,cause_app_password_revoked_details,same_as_fr
hmn,recommended_actions,same_as_fr
hmn,action_if_limit,same_as_fr
hmn,action_if_limit_details,same_as_fr
hmn,action_check_logs,same_as_fr
hmn,action_check_logs_details,same_as_fr
hmn,action_test_connection,same_as_fr
hmn,action_check_config,same_as_fr
hmn,action_check_config_details,same_as_fr
hmn,action_regenerate_password,same_as_fr
hmn,action_regenerate_password_details,same_as_fr
hmn,system_information,same_as_fr
hmn,label_smtp_server,same_as_fr
hmn,label_port,same_as_fr
hmn,label_account,same_as_fr
hmn,label_environment,same_as_fr
hmn,alert_auto_generated_notice,same_as_fr
hmn,account_management_system,same_as_fr
hmn,alert_generated_by_safemail,same_as_fr
hmn,contact_technical_team,same_as_fr
hmn,password_reset_title,same_as_fr
hmn,password_reset_heading,same_as_fr
hmn,greeting_simple_name,same_as_fr
hmn,password_reset_reason,same_as_fr
hmn,password_reset_click_link,same_as_fr
hmn,password_reset_no_action_needed,same_as_fr
hmn,thank_you_using_brand,same_as_fr
hr,footer_brand,same_as_fr
hr,label_date,same_as_fr
hr,label_port,same_as_fr
hr,compte_created_subject,same_as_en
hr,compte_created_title,same_as_en
hr,greeting,same_as_en
hr,credentials_title,same_as_en
hr,label_initial_balance,same_as_en
hr,cta_login,same_as_en
hr,info_access,same_as_en
hr,footer_partner,same_as_en
hr,virement_success_subject,same_as_en
hr,virement_success_title,same_as_en
hr,virement_success_message,same_as_en
hr,virement_failed_subject,same_as_en
hr,virement_failed_title,same_as_en
hr,virement_failed_message,same_as_en
hr,details_title,same_as_en
hr,label_amount,same_as_en
hr,label_beneficiary,same_as_en
hr,virement_notice,same_as_en
hr,thanks,same_as_en
hr,regards,same_as_en
hr,service_client,same_as_en
hr,auto_generated_notice,same_as_en
hr,compte_activated_title,same_as_en
hr,compte_activated_heading,same_as_en
hr,good_news,same_as_en
hr,compte_activated_message,same_as_en
hr,compte_activated_explanation,same_as_en
hr,label_holder,same_as_en
hr,label_current_balance,same_as_en
hr,label_status,same_as_en
hr,status_active,same_as_en
hr,you_can_now,same_as_en
hr,can_make_transfers,same_as_en
hr,check_balance,same_as_en
hr,manage_transactions,same_as_en
hr,access_services,same_as_en
hr,thanks_welcome,same_as_en
hr,unlock_code_used_title,same_as_en
hr,unlock_code_used_heading,same_as_en
hr,greeting_simple,same_as_en
hr,info_notification,same_as_en
hr,label_date_time,same_as_en
hr,label_transfer_amount,same_as_en
hr,label_recipient,same_as_en
hr,contact_support_immediately,same_as_en
hr,check_recent_transactions,same_as_en
hr,if_legitimate,same_as_en
hr,client_can_finalize,same_as_en
hr,transfer_unlock_code_title,same_as_en
hr,transfer_unlock_heading,same_as_en
hr,transfer_unlock_message_intro,same_as_en
hr,transfer_unlock_code_label,same_as_en
hr,your_unlock_code,same_as_en
hr,do_not_share_unlock_code,same_as_en
hr,unlock_code_personal_confidential,same_as_en
hr,unlock_code_needed_finalize,same_as_en
hr,contact_support_for_questions,same_as_en
hr,welcome_title,same_as_en
hr,welcome_heading,same_as_en
hr,login_credentials_title,same_as_en
hr,pleasure_to_assist,same_as_en
hr,balance_decreased_title,same_as_en
hr,balance_decreased_heading,same_as_en
hr,balance_decreased_message,same_as_en
hr,label_amount_deducted,same_as_en
hr,label_new_balance,same_as_en
hr,balance_increased_title,same_as_en
hr,balance_increased_heading,same_as_en
hr,balance_increased_message,same_as_en
hr,label_amount_added,same_as_en
hr,thank_you_trust,same_as_en
hr,refund_title,same_as_en
hr,refund_heading,same_as_en
hr,refund_message,same_as_en
hr,transfer_details,same_as_en
hr,label_transfer_date,same_as_en
hr,label_transfer_reason,same_as_en
hr,refund_amount_text,same_as_en
hr,mail_error_alert_title,same_as_en
hr,system_alert,same_as_en
hr,label_failed_recipient,same_as_en
hr,label_context,same_as_en
hr,possible_causes,same_as_en
hr,cause_daily_limit,same_as_en
hr,cause_smtp_connection,same_as_en
hr,cause_smtp_connection_details,same_as_en
hr,cause_auth_failed,same_as_en
hr,cause_auth_failed_details,same_as_en
hr,recommended_actions,same_as_en
hr,action_if_limit,same_as_en
hr,action_check_logs,same_as_en
hr,action_check_logs_details,same_as_en
hr,action_test_connection,same_as_en
hr,action_check_config,same_as_en
hr,action_check_config_details,same_as_en
hr,action_regenerate_password,same_as_en
hr,system_information,same_as_en
hr,label_smtp_server,same_as_en
hr,label_account,same_as_en
hr,label_environment,same_as_en
hr,account_management_system,same_as_en
hr,alert_generated_by_safemail,same_as_en
hr,contact_technical_team,same_as_en
hr,password_reset_title,same_as_en
hr,password_reset_heading,same_as_en
hr,greeting_simple_name,same_as_en
hr,password_reset_reason,same_as_en
hr,password_reset_click_link,same_as_en
hr,compte_created_message,translated
hr,label_email,translated
hr,label_password,translated
hr,support_contact,translated
hr,footer_thanks,translated
hr,contact_support_for_info,translated
hr,unlock_code_used_alert,translated
hr,unlock_code_used_explanation,translated
hr,urgent_if_not_you,translated
hr,change_access_codes,translated
hr,welcome_message,translated
hr,access_member_area,translated
hr,operation_details,translated
hr,contact_us_if_questions,translated
hr,refund_apology_contact,translated
hr,mail_send_failure_detected,translated
hr,email_sending_problem,translated
hr,email_send_failure_explanation,translated
hr,error_details,translated
hr,label_error_message,translated
hr,cause_daily_limit_details,translated
hr,cause_app_password_revoked,translated
hr,cause_app_password_revoked_details,translated
hr,action_if_limit_details,translated
hr,action_regenerate_password_details,translated
hr,alert_auto_generated_notice,translated
hr,password_reset_no_action_needed,translated
hr,thank_you_using_brand,translated
ht,compte_created_subject,same_as_fr
ht,compte_created_title,same_as_fr
ht,greeting,same_as_fr
ht,compte_created_message,same_as_fr
ht,credentials_title,same_as_fr
ht,label_email,same_as_fr
ht,label_password,same_as_fr
ht,label_initial_balance,same_as_fr
ht,cta_login,same_as_fr
ht,info_access,same_as_fr
ht,support_contact,same_as_fr
ht,footer_thanks,same_as_fr
ht,footer_brand,same_as_fr
ht,footer_partner,same_as_fr
ht,virement_success_subject,same_as_fr
ht,virement_success_title,same_as_fr
ht,virement_success_message,same_as_fr
ht,virement_failed_subject,same_as_fr
ht,virement_failed_title,same_as_fr
ht,virement_failed_message,same_as_fr
ht,details_title,same_as_fr
ht,label_amount,same_as_fr
ht,label_date,same_as_fr
ht,label_beneficiary,same_as_fr
ht,virement_notice,same_as_fr
ht,thanks,same_as_fr
ht,contact_support_for_info,same_as_fr
ht,regards,same_as_fr
ht,service_client,same_as_fr
ht,auto_generated_notice,same_as_fr
ht,compte_activated_title,same_as_fr
ht,compte_activated_heading,same_as_fr
ht,good_news,same_as_fr
ht,compte_activated_message,same_as_fr
ht,compte_activated_explanation,same_as_fr
ht,label_holder,same_as_fr
ht,label_current_balance,same_as_fr
ht,label_status,same_as_fr
ht,status_active,same_as_fr
ht,you_can_now,same_as_fr
ht,can_make_transfers,same_as_fr
ht,check_balance,same_as_fr
ht,manage_transactions,same_as_fr
ht,access_services,same_as_fr
ht,thanks_welcome,same_as_fr
ht,unlock_code_used_title,same_as_fr
ht,unlock_code_used_heading,same_as_fr
ht,greeting_simple,same_as_fr
ht,info_notification,same_as_fr
ht,unlock_code_used_alert,same_as_fr
ht,unlock_code_used_explanation,same_as_fr
ht,label_date_time,same_as_fr
ht,label_transfer_amount,same_as_fr
ht,label_recipient,same_as_fr
ht,urgent_if_not_you,same_as_fr
ht,contact_support_immediately,same_as_fr
ht,check_recent_transactions,same_as_fr
ht,change_access_codes,same_as_fr
ht,if_legitimate,same_as_fr
ht,client_can_finalize,same_as_fr
ht,transfer_unlock_code_title,same_as_fr
ht,transfer_unlock_heading,same_as_fr
ht,transfer_unlock_message_intro,same_as_fr
ht,transfer_unlock_code_label,same_as_fr
ht,your_unlock_code,same_as_fr
ht,do_not_share_unlock_code,same_as_fr
ht,unlock_code_personal_confidential,same_as_fr
ht,unlock_code_needed_finalize,same_as_fr
ht,contact_support_for_questions,same_as_fr
ht,welcome_title,same_as_fr
ht,welcome_heading,same_as_fr
ht,welcome_message,same_as_fr
ht,login_credentials_title,same_as_fr
ht,access_member_area,same_as_fr
ht,pleasure_to_assist,same_as_fr
ht,balance_decreased_title,same_as_fr
ht,balance_decreased_heading,same_as_fr
ht,balance_decreased_message,same_as_fr
ht,operation_details,same_as_fr
ht,label_amount_deducted,same_as_fr
ht,label_new_balance,same_as_fr
ht,contact_us_if_questions,same_as_fr
ht,balance_increased_title,same_as_fr
ht,balance_increased_heading,same_as_fr
ht,balance_increased_message,same_as_fr
ht,label_amount_added,same_as_fr
ht,thank_you_trust,same_as_fr
ht,refund_title,same_as_fr
ht,refund_heading,same_as_fr
ht,refund_message,same_as_fr
ht,transfer_details,same_as_fr
ht,label_transfer_date,same_as_fr
ht,label_transfer_reason,same_as_fr
ht,refund_amount_text,same_as_fr
ht,refund_apology_contact,same_as_fr
ht,mail_error_alert_title,same_as_fr
ht,system_alert,same_as_fr
ht,mail_send_failure_detected,same_as_fr
ht,email_sending_problem,same_as_fr
ht,email_send_failure_explanation,same_as_fr
ht,error_details,same_as_fr
ht,label_failed_recipient,same_as_fr
ht,label_context,same_as_fr
ht,label_error_message,same_as_fr
ht,possible_causes,same_as_fr
ht,cause_daily_limit,same_as_fr
ht,cause_daily_limit_details,same_as_fr
ht,cause_smtp_connection,same_as_fr
ht,cause_smtp_connection_details,same_as_fr
ht,cause_auth_failed,same_as_fr
ht,cause_auth_failed_details,same_as_fr
ht,cause_app_password_revoked,same_as_fr
ht,cause_app_password_revoked_details,same_as_fr
ht,recommended_actions,same_as_fr
ht,action_if_limit,same_as_fr
ht,action_if_limit_details,same_as_fr
ht,action_check_logs,same_as_fr
ht,action_check_logs_details,same_as_fr
ht,action_test_connection,same_as_fr
ht,action_check_config,same_as_fr
ht,action_check_config_details,same_as_fr
ht,action_regenerate_password,same_as_fr
ht,action_regenerate_password_details,same_as_fr
ht,system_information,same_as_fr
ht,label_smtp_server,same_as_fr
ht,label_port,same_as_fr
ht,label_account,same_as_fr
ht,label_environment,same_as_fr
ht,alert_auto_generated_notice,same_as_fr
ht,account_management_system,same_as_fr
ht,alert_generated_by_safemail,same_as_fr
ht,contact_technical_team,same_as_fr
ht,password_reset_title,same_as_fr
ht,password_reset_heading,same_as_fr
ht,greeting_simple_name,same_as_fr
ht,password_reset_reason,same_as_fr
ht,password_reset_click_link,same_as_fr
ht,password_reset_no_action_needed,same_as_fr
ht,thank_you_using_brand,same_as_fr
hu,footer_brand,same_as_fr
hu,label_date,same_as_fr
hu,label_port,same_as_fr
hu,compte_created_subject,same_as_en
hu,compte_created_title,same_as_en
hu,greeting,same_as_en
hu,credentials_title,same_as_en
hu,label_initial_balance,same_as_en
hu,cta_login,same_as_en
hu,info_access,same_as_en
hu,footer_partner,same_as_en
hu,virement_success_subject,same_as_en
hu,virement_success_title,same_as_en
hu,virement_success_message,same_as_en
hu,virement_failed_subject,same_as_en
hu,virement_failed_title,same_as_en
hu,virement_failed_message,same_as_en
hu,details_title,same_as_en
hu,label_amount,same_as_en
hu,label_beneficiary,same_as_en
hu,virement_notice,same_as_en
hu,thanks,same_as_en
hu,regards,same_as_en
hu,service_client,same_as_en
hu,auto_generated_notice,same_as_en
hu,compte_activated_title,same_as_en
hu,compte_activated_heading,same_as_en
hu,good_news,same_as_en
hu,compte_activated_message,same_as_en
hu,compte_activated_explanation,same_as_en
hu,label_holder,same_as_en
hu,label_current_balance,same_as_en
hu,label_status,same_as_en
hu,status_active,same_as_en
hu,you_can_now,same_as_en
hu,can_make_transfers,same_as_en
hu,check_balance,same_as_en
hu,manage_transactions,same_as_en
hu,access_services,same_as_en
hu,thanks_welcome,same_as_en
hu,unlock_code_used_title,same_as_en
hu,unlock_code_used_heading,same_as_en
hu,greeting_simple,same_as_en
hu,info_notification,same_as_en
hu,label_date_time,same_as_en
hu,label_transfer_amount,same_as_en
hu,label_recipient,same_as_en
hu,contact_support_immediately,same_as_en
hu,check_recent_transactions,same_as_en
hu,if_legitimate,same_as_en
hu,client_can_finalize,same_as_en
hu,transfer_unlock_code_title,same_as_en
hu,transfer_unlock_heading,same_as_en
hu,transfer_unlock_message_intro,same_as_en
hu,transfer_unlock_code_label,same_as_en
hu,your_unlock_code,same_as_en
hu,do_not_share_unlock_code,same_as_en
hu,unlock_code_personal_confidential,same_as_en
hu,unlock_code_needed_finalize,same_as_en
hu,contact_support_for_questions,same_as_en
hu,welcome_title,same_as_en
hu,welcome_heading,same_as_en
hu,login_credentials_title,same_as_en
hu,pleasure_to_assist,same_as_en
hu,balance_decreased_title,same_as_en
hu,balance_decreased_heading,same_as_en
hu,balance_decreased_message,same_as_en
hu,label_amount_deducted,same_as_en
hu,label_new_balance,same_as_en
hu,balance_increased_title,same_as_en
hu,balance_increased_heading,same_as_en
hu,balance_increased_message,same_as_en
hu,label_amount_added,same_as_en
hu,thank_you_trust,same_as_en
hu,refund_title,same_as_en
hu,refund_heading,same_as_en
hu,refund_message,same_as_en
hu,transfer_details,same_as_en
hu,label_transfer_date,same_as_en
hu,label_transfer_reason,same_as_en
hu,refund_amount_text,same_as_en
hu,mail_error_alert_title,same_as_en
hu,system_alert,same_as_en
hu,label_failed_recipient,same_as_en
hu,label_context,same_as_en
hu,possible_causes,same_as_en
hu,cause_daily_limit,same_as_en
hu,cause_smtp_connection,same_as_en
hu,cause_smtp_connection_details,same_as_en
hu,cause_auth_failed,same_as_en
hu,cause_auth_failed_details,same_as_en
hu,recommended_actions,same_as_en
hu,action_if_limit,same_as_en
hu,action_check_logs,same_as_en
hu,action_check_logs_details,same_as_en
hu,action_test_connection,same_as_en
hu,action_check_config,same_as_en
hu,action_check_config_details,same_as_en
hu,action_regenerate_password,same_as_en
hu,system_information,same_as_en
hu,label_smtp_server,same_as_en
hu,label_account,same_as_en
hu,label_environment,same_as_en
hu,account_management_system,same_as_en
hu,alert_generated_by_safemail,same_as_en
hu,contact_technical_team,same_as_en
hu,password_reset_title,same_as_en
hu,password_reset_heading,same_as_en
hu,greeting_simple_name,same_as_en
hu,password_reset_reason,same_as_en
hu,password_reset_click_link,same_as_en
hu,compte_created_message,translated
hu,label_email,translated
hu,label_password,translated
hu,support_contact,translated
hu,footer_thanks,translated
hu,contact_support_for_info,translated
hu,unlock_code_used_alert,translated
hu,unlock_code_used_explanation,translated
hu,urgent_if_not_you,translated
hu,change_access_codes,translated
hu,welcome_message,translated
hu,access_member_area,translated
hu,operation_details,translated
hu,contact_us_if_questions,translated
hu,refund_apology_contact,translated
hu,mail_send_failure_detected,translated
hu,email_sending_problem,translated
hu,email_send_failure_explanation,translated
hu,error_details,translated
hu,label_error_message,translated
hu,cause_daily_limit_details,translated
hu,cause_app_password_revoked,translated
hu,cause_app_password_revoked_details,translated
hu,action_if_limit_details,translated
hu,action_regenerate_password_details,translated
hu,alert_auto_generated_notice,translated
hu,password_reset_no_action_needed,translated
hu,thank_you_using_brand,translated
hy,compte_created_subject,same_as_fr
hy,compte_created_title,same_as_fr
hy,greeting,same_as_fr
hy,compte_created_message,same_as_fr
hy,credentials_title,same_as_fr
hy,label_email,same_as_fr
hy,label_password,same_as_fr
hy,label_initial_balance,same_as_fr
hy,cta_login,same_as_fr
hy,info_access,same_as_fr
hy,support_contact,same_as_fr
hy,footer_thanks,same_as_fr
hy,footer_brand,same_as_fr
hy,footer_partner,same_as_fr
hy,virement_success_subject,same_as_fr
hy,virement_success_title,same_as_fr
hy,virement_success_message,same_as_fr
hy,virement_failed_subject,same_as_fr
hy,virement_failed_title,same_as_fr
hy,virement_failed_message,same_as_fr
hy,details_title,same_as_fr
hy,label_amount,same_as_fr
hy,label_date,same_as_fr
hy,label_beneficiary,same_as_fr
hy,virement_notice,same_as_fr
hy,thanks,same_as_fr
hy,contact_support_for_info,same_as_fr
hy,regards,same_as_fr
hy,service_client,same_as_fr
hy,auto_generated_notice,same_as_fr
hy,compte_activated_title,same_as_fr
hy,compte_activated_heading,same_as_fr
hy,good_news,same_as_fr
hy,compte_activated_message,same_as_fr
hy,compte_activated_explanation,same_as_fr
hy,label_holder,same_as_fr
hy,label_current_balance,same_as_fr
hy,label_status,same_as_fr
hy,status_active,same_as_fr
hy,you_can_now,same_as_fr
hy,can_make_transfers,same_as_fr
hy,check_balance,same_as_fr
hy,manage_transactions,same_as_fr
hy,access_services,same_as_fr
hy,thanks_welcome,same_as_fr
hy,unlock_code_used_title,same_as_fr
hy,unlock_code_used_heading,same_as_fr
hy,greeting_simple,same_as_fr
hy,info_notification,same_as_fr
hy,unlock_code_used_alert,same_as_fr
hy,unlock_code_used_explanation,same_as_fr
hy,label_date_time,same_as_fr
hy,label_transfer_amount,same_as_fr
hy,label_recipient,same_as_fr
hy,urgent_if_not_you,same_as_fr
hy,contact_support_immediately,same_as_fr
hy,check_recent_transactions,same_as_fr
hy,change_access_codes,same_as_fr
hy,if_legitimate,same_as_fr
hy,client_can_finalize,same_as_fr
hy,transfer_unlock_code_title,same_as_fr
hy,transfer_unlock_heading,same_as_fr
hy,transfer_unlock_message_intro,same_as_fr
hy,transfer_unlock_code_label,same_as_fr
hy,your_unlock_code,same_as_fr
hy,do_not_share_unlock_code,same_as_fr
hy,unlock_code_personal_confidential,same_as_fr
hy,unlock_code_needed_finalize,same_as_fr
hy,contact_support_for_questions,same_as_fr
hy,welcome_title,same_as_fr
hy,welcome_heading,same_as_fr
hy,welcome_message,same_as_fr
hy,login_credentials_title,same_as_fr
hy,access_member_area,same_as_fr
hy,pleasure_to_assist,same_as_fr
hy,balance_decreased_title,same_as_fr
hy,balance_decreased_heading,same_as_fr
hy,balance_decreased_message,same_as_fr
hy,operation_details,same_as_fr
hy,label_amount_deducted,same_as_fr
hy,label_new_balance,same_as_fr
hy,contact_us_if_questions,same_as_fr
hy,balance_increased_title,same_as_fr
hy,balance_increased_heading,same_as_fr
hy,balance_increased_message,same_as_fr
hy,label_amount_added,same_as_fr
hy,thank_you_trust,same_as_fr
hy,refund_title,same_as_fr
hy,refund_heading,same_as_fr
hy,refund_message,same_as_fr
hy,transfer_details,same_as_fr
hy,label_transfer_date,same_as_fr
hy,label_transfer_reason,same_as_fr
hy,refund_amount_text,same_as_fr
hy,refund_apology_contact,same_as_fr
hy,mail_error_alert_title,same_as_fr
hy,system_alert,same_as_fr
hy,mail_send_failure_detected,same_as_fr
hy,email_sending_problem,same_as_fr
hy,email_send_failure_explanation,same_as_fr
hy,error_details,same_as_fr
hy,label_failed_recipient,same_as_fr
hy,label_context,same_as_fr
hy,label_error_message,same_as_fr
hy,possible_causes,same_as_fr
hy,cause_daily_limit,same_as_fr
hy,cause_daily_limit_details,same_as_fr
hy,cause_smtp_connection,same_as_fr
hy,cause_smtp_connection_details,same_as_fr
hy,cause_auth_failed,same_as_fr
hy,cause_auth_failed_details,same_as_fr
hy,cause_app_password_revoked,same_as_fr
hy,cause_app_password_revoked_details,same_as_fr
hy,recommended_actions,same_as_fr
hy,action_if_limit,same_as_fr
hy,action_if_limit_details,same_as_fr
hy,action_check_logs,same_as_fr
hy,action_check_logs_details,same_as_fr
hy,action_test_connection,same_as_fr
hy,action_check_config,same_as_fr
hy,action_check_config_details,same_as_fr
hy,action_regenerate_password,same_as_fr
hy,action_regenerate_password_details,same_as_fr
hy,system_information,same_as_fr
hy,label_smtp_server,same_as_fr
hy,label_port,same_as_fr
hy,label_account,same_as_fr
hy,label_environment,same_as_fr
hy,alert_auto_generated_notice,same_as_fr
hy,account_management_system,same_as_fr
hy,alert_generated_by_safemail,same_as_fr
hy,contact_technical_team,same_as_fr
hy,password_reset_title,same_as_fr
hy,password_reset_heading,same_as_fr
hy,greeting_simple_name,same_as_fr
hy,password_reset_reason,same_as_fr
hy,password_reset_click_link,same_as_fr
hy,password_reset_no_action_needed,same_as_fr
hy,thank_you_using_brand,same_as_fr
id,compte_created_subject,same_as_fr
id,compte_created_title,same_as_fr
id,greeting,same_as_fr
id,compte_created_message,same_as_fr
id,credentials_title,same_as_fr
id,label_email,same_as_fr
id,label_password,same_as_fr
id,label_initial_balance,same_as_fr
id,cta_login,same_as_fr
id,info_access,same_as_fr
id,support_contact,same_as_fr
id,footer_thanks,same_as_fr
id,footer_brand,same_as_fr
id,footer_partner,same_as_fr
id,virement_success_subject,same_as_fr
id,virement_success_title,same_as_fr
id,virement_success_message,same_as_fr
id,virement_failed_subject,same_as_fr
id,virement_failed_title,same_as_fr
id,virement_failed_message,same_as_fr
id,details_title,same_as_fr
id,label_amount,same_as_fr
id,label_date,same_as_fr
id,label_beneficiary,same_as_fr
id,virement_notice,same_as_fr
id,thanks,same_as_fr
id,contact_support_for_info,same_as_fr
id,regards,same_as_fr
id,service_client,same_as_fr
id,auto_generated_notice,same_as_fr
id,compte_activated_title,same_as_fr
id,compte_activated_heading,same_as_fr
id,good_news,same_as_fr
id,compte_activated_message,same_as_fr
id,compte_activated_explanation,same_as_fr
id,label_holder,same_as_fr
id,label_current_balance,same_as_fr
id,label_status,same_as_fr
id,status_active,same_as_fr
id,you_can_now,same_as_fr
id,can_make_transfers,same_as_fr
id,check_balance,same_as_fr
id,manage_transactions,same_as_fr
id,access_services,same_as_fr
id,thanks_welcome,same_as_fr
id,unlock_code_used_title,same_as_fr
id,unlock_code_used_heading,same_as_fr
id,greeting_simple,same_as_fr
id,info_notification,same_as_fr
id,unlock_code_used_alert,same_as_fr
id,unlock_code_used_explanation,same_as_fr
id,label_date_time,same_as_fr
id,label_transfer_amount,same_as_fr
id,label_recipient,same_as_fr
id,urgent_if_not_you,same_as_fr
id,contact_support_immediately,same_as_fr
id,check_recent_transactions,same_as_fr
id,change_access_codes,same_as_fr
id,if_legitimate,same_as_fr
id,client_can_finalize,same_as_fr
id,transfer_unlock_code_title,same_as_fr
id,transfer_unlock_heading,same_as_fr
id,transfer_unlock_message_intro,same_as_fr
id,transfer_unlock_code_label,same_as_fr
id,your_unlock_code,same_as_fr
id,do_not_share_unlock_code,same_as_fr
id,unlock_code_personal_confidential,same_as_fr
id,unlock_code_needed_finalize,same_as_fr
id,contact_support_for_questions,same_as_fr
id,welcome_title,same_as_fr
id,welcome_heading,same_as_fr
id,welcome_message,same_as_fr
id,login_credentials_title,same_as_fr
id,access_member_area,same_as_fr
id,pleasure_to_assist,same_as_fr
id,balance_decreased_title,same_as_fr
id,balance_decreased_heading,same_as_fr
id,balance_decreased_message,same_as_fr
id,operation_details,same_as_fr
id,label_amount_deducted,same_as_fr
id,label_new_balance,same_as_fr
id,contact_us_if_questions,same_as_fr
id,balance_increased_title,same_as_fr
id,balance_increased_heading,same_as_fr
id,balance_increased_message,same_as_fr
id,label_amount_added,same_as_fr
id,thank_you_trust,same_as_fr
id,refund_title,same_as_fr
id,refund_heading,same_as_fr
id,refund_message,same_as_fr
id,transfer_details,same_as_fr
id,label_transfer_date,same_as_fr
id,label_transfer_reason,same_as_fr
id,refund_amount_text,same_as_fr
id,refund_apology_contact,same_as_fr
id,mail_error_alert_title,same_as_fr
id,system_alert,same_as_fr
id,mail_send_failure_detected,same_as_fr
id,email_sending_problem,same_as_fr
id,email_send_failure_explanation,same_as_fr
id,error_details,same_as_fr
id,label_failed_recipient,same_as_fr
id,label_context,same_as_fr
id,label_error_message,same_as_fr
id,possible_causes,same_as_fr
id,cause_daily_limit,same_as_fr
id,cause_daily_limit_details,same_as_fr
id,cause_smtp_connection,same_as_fr
id,cause_smtp_connection_details,same_as_fr
id,cause_auth_failed,same_as_fr
id,cause_auth_failed_details,same_as_fr
id,cause_app_password_revoked,same_as_fr
id,cause_app_password_revoked_details,same_as_fr
id,recommended_actions,same_as_fr
id,action_if_limit,same_as_fr
id,action_if_limit_details,same_as_fr
id,action_check_logs,same_as_fr
id,action_check_logs_details,same_as_fr
id,action_test_connection,same_as_fr
id,action_check_config,same_as_fr
id,action_check_config_details,same_as_fr
id,action_regenerate_password,same_as_fr
id,action_regenerate_password_details,same_as_fr
id,system_information,same_as_fr
id,label_smtp_server,same_as_fr
id,label_port,same_as_fr
id,label_account,same_as_fr
id,label_environment,same_as_fr
id,alert_auto_generated_notice,same_as_fr
id,account_management_system,same_as_fr
id,alert_generated_by_safemail,same_as_fr
id,contact_technical_team,same_as_fr
id,password_reset_title,same_as_fr
id,password_reset_heading,same_as_fr
id,greeting_simple_name,same_as_fr
id,password_reset_reason,same_as_fr
id,password_reset_click_link,same_as_fr
id,password_reset_no_action_needed,same_as_fr
id,thank_you_using_brand,same_as_fr
ig,compte_created_subject,same_as_fr
ig,compte_created_title,same_as_fr
ig,greeting,same_as_fr
ig,compte_created_message,same_as_fr
ig,credentials_title,same_as_fr
ig,label_email,same_as_fr
ig,label_password,same_as_fr
ig,label_initial_balance,same_as_fr
ig,cta_login,same_as_fr
ig,info_access,same_as_fr
ig,support_contact,same_as_fr
ig,footer_thanks,same_as_fr
ig,footer_brand,same_as_fr
ig,footer_partner,same_as_fr
ig,virement_success_subject,same_as_fr
ig,virement_success_title,same_as_fr
ig,virement_success_message,same_as_fr
ig,virement_failed_subject,same_as_fr
ig,virement_failed_title,same_as_fr
ig,virement_failed_message,same_as_fr
ig,details_title,same_as_fr
ig,label_amount,same_as_fr
ig,label_date,same_as_fr
ig,label_beneficiary,same_as_fr
ig,virement_notice,same_as_fr
ig,thanks,same_as_fr
ig,contact_support_for_info,same_as_fr
ig,regards,same_as_fr
ig,service_client,same_as_fr
ig,auto_generated_notice,same_as_fr
ig,compte_activated_title,same_as_fr
ig,compte_activated_heading,same_as_fr
ig,good_news,same_as_fr
ig,compte_activated_message,same_as_fr
ig,compte_activated_explanation,same_as_fr
ig,label_holder,same_as_fr
ig,label_current_balance,same_as_fr
ig,label_status,same_as_fr
ig,status_active,same_as_fr
ig,you_can_now,same_as_fr
ig,can_make_transfers,same_as_fr
ig,check_balance,same_as_fr
ig,manage_transactions,same_as_fr
ig,access_services,same_as_fr
ig,thanks_welcome,same_as_fr
ig,unlock_code_used_title,same_as_fr
ig,unlock_code_used_heading,same_as_fr
ig,greeting_simple,same_as_fr
ig,info_notification,same_as_fr
ig,unlock_code_used_alert,same_as_fr
ig,unlock_code_used_explanation,same_as_fr
ig,label_date_time,same_as_fr
ig,label_transfer_amount,same_as_fr
ig,label_recipient,same_as_fr
ig,urgent_if_not_you,same_as_fr
ig,contact_support_immediately,same_as_fr
ig,check_recent_transactions,same_as_fr
ig,change_access_codes,same_as_fr
ig,if_legitimate,same_as_fr
ig,client_can_finalize,same_as_fr
ig,transfer_unlock_code_title,same_as_fr
ig,transfer_unlock_heading,same_as_fr
ig,transfer_unlock_message_intro,same_as_fr
ig,transfer_unlock_code_label,same_as_fr
ig,your_unlock_code,same_as_fr
ig,do_not_share_unlock_code,same_as_fr
ig,unlock_code_personal_confidential,same_as_fr
ig,unlock_code_needed_finalize,same_as_fr
ig,contact_support_for_questions,same_as_fr
ig,welcome_title,same_as_fr
ig,welcome_heading,same_as_fr
ig,welcome_message,same_as_fr
ig,login_credentials_title,same_as_fr
ig,access_member_area,same_as_fr
ig,pleasure_to_assist,same_as_fr
ig,balance_decreased_title,same_as_fr
ig,balance_decreased_heading,same_as_fr
ig,balance_decreased_message,same_as_fr
ig,operation_details,same_as_fr
ig,label_amount_deducted,same_as_fr
ig,label_new_balance,same_as_fr
ig,contact_us_if_questions,same_as_fr
ig,balance_increased_title,same_as_fr
ig,balance_increased_heading,same_as_fr
ig,balance_increased_message,same_as_fr
ig,label_amount_added,same_as_fr
ig,thank_you_trust,same_as_fr
ig,refund_title,same_as_fr
ig,refund_heading,same_as_fr
ig,refund_message,same_as_fr
ig,transfer_details,same_as_fr
ig,label_transfer_date,same_as_fr
ig,label_transfer_reason,same_as_fr
ig,refund_amount_text,same_as_fr
ig,refund_apology_contact,same_as_fr
ig,mail_error_alert_title,same_as_fr
ig,system_alert,same_as_fr
ig,mail_send_failure_detected,same_as_fr
ig,email_sending_problem,same_as_fr
ig,email_send_failure_explanation,same_as_fr
ig,error_details,same_as_fr
ig,label_failed_recipient,same_as_fr
ig,label_context,same_as_fr
ig,label_error_message,same_as_fr
ig,possible_causes,same_as_fr
ig,cause_daily_limit,same_as_fr
ig,cause_daily_limit_details,same_as_fr
ig,cause_smtp_connection,same_as_fr
ig,cause_smtp_connection_details,same_as_fr
ig,cause_auth_failed,same_as_fr
ig,cause_auth_failed_details,same_as_fr
ig,cause_app_password_revoked,same_as_fr
ig,cause_app_password_revoked_details,same_as_fr
ig,recommended_actions,same_as_fr
ig,action_if_limit,same_as_fr
ig,action_if_limit_details,same_as_fr
ig,action_check_logs,same_as_fr
ig,action_check_logs_details,same_as_fr
ig,action_test_connection,same_as_fr
ig,action_check_config,same_as_fr
ig,action_check_config_details,same_as_fr
ig,action_regenerate_password,same_as_fr
ig,action_regenerate_password_details,same_as_fr
ig,system_information,same_as_fr
ig,label_smtp_server,same_as_fr
ig,label_port,same_as_fr
ig,label_account,same_as_fr
ig,label_environment,same_as_fr
ig,alert_auto_generated_notice,same_as_fr
ig,account_management_system,same_as_fr
ig,alert_generated_by_safemail,same_as_fr
ig,contact_technical_team,same_as_fr
ig,password_reset_title,same_as_fr
ig,password_reset_heading,same_as_fr
ig,greeting_simple_name,same_as_fr
ig,password_reset_reason,same_as_fr
ig,password_reset_click_link,same_as_fr
ig,password_reset_no_action_needed,same_as_fr
ig,thank_you_using_brand,same_as_fr
is,label_email,same_as_fr
is,footer_brand,same_as_fr
is,label_date,same_as_fr
is,label_port,same_as_fr
is,compte_created_subject,same_as_en
is,compte_created_title,same_as_en
is,greeting,same_as_en
is,credentials_title,same_as_en
is,label_password,same_as_en
is,label_initial_balance,same_as_en
is,cta_login,same_as_en
is,info_access,same_as_en
is,footer_partner,same_as_en
is,virement_success_subject,same_as_en
is,virement_success_title,same_as_en
is,virement_success_message,same_as_en
is,virement_failed_subject,same_as_en
is,virement_failed_title,same_as_en
is,virement_failed_message,same_as_en
is,details_title,same_as_en
is,label_amount,same_as_en
is,label_beneficiary,same_as_en
is,virement_notice,same_as_en
is,thanks,same_as_en
is,regards,same_as_en
is,service_client,same_as_en
is,auto_generated_notice,same_as_en
is,compte_activated_title,same_as_en
is,compte_activated_heading,same_as_en
is,good_news,same_as_en
is,compte_activated_message,same_as_en
is,compte_activated_explanation,same_as_en
is,label_holder,same_as_en
is,label_current_balance,same_as_en
is,label_status,same_as_en
is,status_active,same_as_en
is,you_can_now,same_as_en
is,can_make_transfers,same_as_en
is,check_balance,same_as_en
is,manage_transactions,same_as_en
is,access_services,same_as_en
is,thanks_welcome,same_as_en
is,unlock_code_used_title,same_as_en
is,unlock_code_used_heading,same_as_en
is,greeting_simple,same_as_en
is,info_notification,same_as_en
is,label_date_time,same_as_en
is,label_transfer_amount,same_as_en
is,label_recipient,same_as_en
is,contact_support_immediately,same_as_en
is,check_recent_transactions,same_as_en
is,if_legitimate,same_as_en
is,client_can_finalize,same_as_en
is,transfer_unlock_code_title,same_as_en
is,transfer_unlock_heading,same_as_en
is,transfer_unlock_message_intro,same_as_en
is,transfer_unlock_code_label,same_as_en
is,your_unlock_code,same_as_en
is,do_not_share_unlock_code,same_as_en
is,unlock_code_personal_confidential,same_as_en
is,unlock_code_needed_finalize,same_as_en
is,contact_support_for_questions,same_as_en
is,welcome_title,same_as_en
is,welcome_heading,same_as_en
is,login_credentials_title,same_as_en
is,pleasure_to_assist,same_as_en
is,balance_decreased_title,same_as_en
is,balance_decreased_heading,same_as_en
is,balance_decreased_message,same_as_en
is,label_amount_deducted,same_as_en
is,label_new_balance,same_as_en
is,balance_increased_title,same_as_en
is,balance_increased_heading,same_as_en
is,balance_increased_message,same_as_en
is,label_amount_added,same_as_en
is,thank_you_trust,same_as_en
is,refund_title,same_as_en
is,refund_heading,same_as_en
is,refund_message,same_as_en
is,transfer_details,same_as_en
is,label_transfer_date,same_as_en
is,label_transfer_reason,same_as_en
is,refund_amount_text,same_as_en
is,mail_error_alert_title,same_as_en
is,system_alert,same_as_en
is,label_failed_recipient,same_as_en
is,label_context,same_as_en
is,possible_causes,same_as_en
is,cause_daily_limit,same_as_en
is,cause_smtp_connection,same_as_en
is,cause_smtp_connection_details,same_as_en
is,cause_auth_failed,same_as_en
is,cause_auth_failed_details,same_as_en
is,recommended_actions,same_as_en
is,action_if_limit,same_as_en
is,action_check_logs,same_as_en
is,action_check_logs_details,same_as_en
is,action_test_connection,same_as_en
is,action_check_config,same_as_en
is,action_check_config_details,same_as_en
is,action_regenerate_password,same_as_en
is,system_information,same_as_en
is,label_smtp_server,same_as_en
is,label_account,same_as_en
is,label_environment,same_as_en
is,account_management_system,same_as_en
is,alert_generated_by_safemail,same_as_en
is,contact_technical_team,same_as_en
is,password_reset_title,same_as_en
is,password_reset_heading,same_as_en
is,greeting_simple_name,same_as_en
is,password_reset_reason,same_as_en
is,password_reset_click_link,same_as_en
is,compte_created_message,translated
is,support_contact,translated
is,footer_thanks,translated
is,contact_support_for_info,translated
is,unlock_code_used_alert,translated
is,unlock_code_used_explanation,translated
is,urgent_if_not_you,translated
is,change_access_codes,translated
is,welcome_message,translated
is,access_member_area,translated
is,operation_details,translated
is,contact_us_if_questions,translated
is,refund_apology_contact,translated
is,mail_send_failure_detected,translated
is,email_sending_problem,translated
is,email_send_failure_explanation,translated
is,error_details,translated
is,label_error_message,translated
is,cause_daily_limit_details,translated
is,cause_app_password_revoked,translated
is,cause_app_password_revoked_details,translated
is,action_if_limit_details,translated
is,action_regenerate_password_details,translated
is,alert_auto_generated_notice,translated
is,password_reset_no_action_needed,translated
is,thank_you_using_brand,translated
it,footer_brand,same_as_fr
it,label_date,same_as_fr
it,label_port,same_as_fr
it,footer_partner,same_as_en
it,details_title,same_as_en
it,label_amount,same_as_en
it,label_beneficiary,same_as_en
it,virement_notice,same_as_en
it,thanks,same_as_en
it,service_client,same_as_en
it,auto_generated_notice,same_as_en
it,compte_activated_title,same_as_en
it,compte_activated_heading,same_as_en
it,good_news,same_as_en
it,compte_activated_message,same_as_en
it,compte_activated_explanation,same_as_en
it,label_holder,same_as_en
it,label_current_balance,same_as_en
it,label_status,same_as_en
it,status_active,same_as_en
it,you_can_now,same_as_en
it,can_make_transfers,same_as_en
it,check_balance,same_as_en
it,manage_transactions,same_as_en
it,access_services,same_as_en
it,thanks_welcome,same_as_en
it,unlock_code_used_title,same_as_en
it,unlock_code_used_heading,same_as_en
it,greeting_simple,same_as_en
it,info_notification,same_as_en
it,label_date_time,same_as_en
it,label_transfer_amount,same_as_en
it,label_recipient,same_as_en
it,contact_support_immediately,same_as_en
it,check_recent_transactions,same_as_en
it,if_legitimate,same_as_en
it,client_can_finalize,same_as_en
it,your_unlock_code,same_as_en
it,do_not_share_unlock_code,same_as_en
it,unlock_code_personal_confidential,same_as_en
it,unlock_code_needed_finalize,same_as_en
it,contact_support_for_questions,same_as_en
it,welcome_title,same_as_en
it,welcome_heading,same_as_en
it,login_credentials_title,same_as_en
it,pleasure_to_assist,same_as_en
it,balance_decreased_heading,same_as_en
it,label_amount_deducted,same_as_en
it,label_new_balance,same_as_en
it,balance_increased_heading,same_as_en
it,label_amount_added,same_as_en
it,thank_you_trust,same_as_en
it,refund_heading,same_as_en
it,transfer_details,same_as_en
it,label_transfer_date,same_as_en
it,label_transfer_reason,same_as_en
it,refund_amount_text,same_as_en
it,system_alert,same_as_en
it,label_failed_recipient,same_as_en
it,label_context,same_as_en
it,possible_causes,same_as_en
it,cause_daily_limit,same_as_en
it,cause_smtp_connection,same_as_en
it,cause_smtp_connection_details,same_as_en
it,cause_auth_failed,same_as_en
it,cause_auth_failed_details,same_as_en
it,recommended_actions,same_as_en
it,action_if_limit,same_as_en
it,action_check_logs,same_as_en
it,action_check_logs_details,same_as_en
it,action_test_connection,same_as_en
it,action_check_config,same_as_en
it,action_check_config_details,same_as_en
it,action_regenerate_password,same_as_en
it,system_information,same_as_en
it,label_smtp_server,same_as_en
it,label_account,same_as_en
it,label_environment,same_as_en
it,account_management_system,same_as_en
it,alert_generated_by_safemail,same_as_en
it,contact_technical_team,same_as_en
it,greeting_simple_name,same_as_en
it,password_reset_reason,same_as_en
it,compte_created_subject,translated
it,compte_created_title,translated
it,greeting,translated
it,compte_created_message,translated
it,credentials_title,translated
it,label_email,translated
it,label_password,translated
it,label_initial_balance,translated
it,cta_login,translated
it,info_access,translated
it,support_contact,translated
it,footer_thanks,translated
it,virement_success_subject,translated
it,virement_success_title,translated
it,virement_success_message,translated
it,virement_failed_subject,translated
it,virement_failed_title,translated
it,virement_failed_message,translated
it,contact_support_for_info,translated
it,regards,translated
it,unlock_code_used_alert,translated
it,unlock_code_used_explanation,translated
it,urgent_if_not_you,translated
it,change_access_codes,translated
it,transfer_unlock_code_title,translated
it,transfer_unlock_heading,translated
it,transfer_unlock_message_intro,translated
it,transfer_unlock_code_label,translated
it,welcome_message,translated
it,access_member_area,translated
it,balance_decreased_title,translated
it,balance_decreased_message,translated
it,operation_details,translated
it,contact_us_if_questions,translated
it,balance_increased_title,translated
it,balance_increased_message,translated
it,refund_title,translated
it,refund_message,translated
it,refund_apology_contact,translated
it,mail_error_alert_title,translated
it,mail_send_failure_detected,translated
it,email_sending_problem,translated
it,email_send_failure_explanation,translated
it,error_details,translated
it,label_error_message,translated
it,cause_daily_limit_details,translated
it,cause_app_password_revoked,translated
it,cause_app_password_revoked_details,translated
it,action_if_limit_details,translated
it,action_regenerate_password_details,translated
it,alert_auto_generated_notice,translated
it,password_reset_title,translated
it,password_reset_heading,translated
it,password_reset_click_link,translated
it,password_reset_no_action_needed,translated
it,thank_you_using_brand,translated
iw,compte_created_subject,same_as_fr
iw,compte_created_title,same_as_fr
iw,greeting,same_as_fr
iw,compte_created_message,same_as_fr
iw,credentials_title,same_as_fr
iw,label_email,same_as_fr
iw,label_password,same_as_fr
iw,label_initial_balance,same_as_fr
iw,cta_login,same_as_fr
iw,info_access,same_as_fr
iw,support_contact,same_as_fr
iw,footer_thanks,same_as_fr
iw,footer_brand,same_as_fr
iw,footer_partner,same_as_fr
iw,virement_success_subject,same_as_fr
iw,virement_success_title,same_as_fr
iw,virement_success_message,same_as_fr
iw,virement_failed_subject,same_as_fr
iw,virement_failed_title,same_as_fr
iw,virement_failed_message,same_as_fr
iw,details_title,same_as_fr
iw,label_amount,same_as_fr
iw,label_date,same_as_fr
iw,label_beneficiary,same_as_fr
iw,virement_notice,same_as_fr
iw,thanks,same_as_fr
iw,contact_support_for_info,same_as_fr
iw,regards,same_as_fr
iw,service_client,same_as_fr
iw,auto_generated_notice,same_as_fr
iw,compte_activated_title,same_as_fr
iw,compte_activated_heading,same_as_fr
iw,good_news,same_as_fr
iw,compte_activated_message,same_as_fr
iw,compte_activated_explanation,same_as_fr
iw,label_holder,same_as_fr
iw,label_current_balance,same_as_fr
iw,label_status,same_as_fr
iw,status_active,same_as_fr
iw,you_can_now,same_as_fr
iw,can_make_transfers,same_as_fr
iw,check_balance,same_as_fr
iw,manage_transactions,same_as_fr
iw,access_services,same_as_fr
iw,thanks_welcome,same_as_fr
iw,unlock_code_used_title,same_as_fr
iw,unlock_code_used_heading,same_as_fr
iw,greeting_simple,same_as_fr
iw,info_notification,same_as_fr
iw,unlock_code_used_alert,same_as_fr
iw,unlock_code_used_explanation,same_as_fr
iw,label_date_time,same_as_fr
iw,label_transfer_amount,same_as_fr
iw,label_recipient,same_as_fr
iw,urgent_if_not_you,same_as_fr
iw,contact_support_immediately,same_as_fr
iw,check_recent_transactions,same_as_fr
iw,change_access_codes,same_as_fr
iw,if_legitimate,same_as_fr
iw,client_can_finalize,same_as_fr
iw,transfer_unlock_code_title,same_as_fr
iw,transfer_unlock_heading,same_as_fr
iw,transfer_unlock_message_intro,same_as_fr
iw,transfer_unlock_code_label,same_as_fr
iw,your_unlock_code,same_as_fr
iw,do_not_share_unlock_code,same_as_fr
iw,unlock_code_personal_confidential,same_as_fr
iw,unlock_code_needed_finalize,same_as_fr
iw,contact_support_for_questions,same_as_fr
iw,welcome_title,same_as_fr
iw,welcome_heading,same_as_fr
iw,welcome_message,same_as_fr
iw,login_credentials_title,same_as_fr
iw,access_member_area,same_as_fr
iw,pleasure_to_assist,same_as_fr
iw,balance_decreased_title,same_as_fr
iw,balance_decreased_heading,same_as_fr
iw,balance_decreased_message,same_as_fr
iw,operation_details,same_as_fr
iw,label_amount_deducted,same_as_fr
iw,label_new_balance,same_as_fr
iw,contact_us_if_questions,same_as_fr
iw,balance_increased_title,same_as_fr
iw,balance_increased_heading,same_as_fr
iw,balance_increased_message,same_as_fr
iw,label_amount_added,same_as_fr
iw,thank_you_trust,same_as_fr
iw,refund_title,same_as_fr
iw,refund_heading,same_as_fr
iw,refund_message,same_as_fr
iw,transfer_details,same_as_fr
iw,label_transfer_date,same_as_fr
iw,label_transfer_reason,same_as_fr
iw,refund_amount_text,same_as_fr
iw,refund_apology_contact,same_as_fr
iw,mail_error_alert_title,same_as_fr
iw,system_alert,same_as_fr
iw,mail_send_failure_detected,same_as_fr
iw,email_sending_problem,same_as_fr
iw,email_send_failure_explanation,same_as_fr
iw,error_details,same_as_fr
iw,label_failed_recipient,same_as_fr
iw,label_context,same_as_fr
iw,label_error_message,same_as_fr
iw,possible_causes,same_as_fr
iw,cause_daily_limit,same_as_fr
iw,cause_daily_limit_details,same_as_fr
iw,cause_smtp_connection,same_as_fr
iw,cause_smtp_connection_details,same_as_fr
iw,cause_auth_failed,same_as_fr
iw,cause_auth_failed_details,same_as_fr
iw,cause_app_password_revoked,same_as_fr
iw,cause_app_password_revoked_details,same_as_fr
iw,recommended_actions,same_as_fr
iw,action_if_limit,same_as_fr
iw,action_if_limit_details,same_as_fr
iw,action_check_logs,same_as_fr
iw,action_check_logs_details,same_as_fr
iw,action_test_connection,same_as_fr
iw,action_check_config,same_as_fr
iw,action_check_config_details,same_as_fr
iw,action_regenerate_password,same_as_fr
iw,action_regenerate_password_details,same_as_fr
iw,system_information,same_as_fr
iw,label_smtp_server,same_as_fr
iw,label_port,same_as_fr
iw,label_account,same_as_fr
iw,label_environment,same_as_fr
iw,alert_auto_generated_notice,same_as_fr
iw,account_management_system,same_as_fr
iw,alert_generated_by_safemail,same_as_fr
iw,contact_technical_team,same_as_fr
iw,password_reset_title,same_as_fr
iw,password_reset_heading,same_as_fr
iw,greeting_simple_name,same_as_fr
iw,password_reset_reason,same_as_fr
iw,password_reset_click_link,same_as_fr
iw,password_reset_no_action_needed,same_as_fr
iw,thank_you_using_brand,same_as_fr
ja,compte_created_subject,same_as_fr
ja,compte_created_title,same_as_fr
ja,greeting,same_as_fr
ja,compte_created_message,same_as_fr
ja,credentials_title,same_as_fr
ja,label_email,same_as_fr
ja,label_password,same_as_fr
ja,label_initial_balance,same_as_fr
ja,cta_login,same_as_fr
ja,info_access,same_as_fr
ja,support_contact,same_as_fr
ja,footer_thanks,same_as_fr
ja,footer_brand,same_as_fr
ja,footer_partner,same_as_fr
ja,virement_success_subject,same_as_fr
ja,virement_success_title,same_as_fr
ja,virement_success_message,same_as_fr
ja,virement_failed_subject,same_as_fr
ja,virement_failed_title,same_as_fr
ja,virement_failed_message,same_as_fr
ja,details_title,same_as_fr
ja,label_amount,same_as_fr
ja,label_date,same_as_fr
ja,label_beneficiary,same_as_fr
ja,virement_notice,same_as_fr
ja,thanks,same_as_fr
ja,contact_support_for_info,same_as_fr
ja,regards,same_as_fr
ja,service_client,same_as_fr
ja,auto_generated_notice,same_as_fr
ja,compte_activated_title,same_as_fr
ja,compte_activated_heading,same_as_fr
ja,good_news,same_as_fr
ja,compte_activated_message,same_as_fr
ja,compte_activated_explanation,same_as_fr
ja,label_holder,same_as_fr
ja,label_current_balance,same_as_fr
ja,label_status,same_as_fr
ja,status_active,same_as_fr
ja,you_can_now,same_as_fr
ja,can_make_transfers,same_as_fr
ja,check_balance,same_as_fr
ja,manage_transactions,same_as_fr
ja,access_services,same_as_fr
ja,thanks_welcome,same_as_fr
ja,unlock_code_used_title,same_as_fr
ja,unlock_code_used_heading,same_as_fr
ja,greeting_simple,same_as_fr
ja,info_notification,same_as_fr
ja,unlock_code_used_alert,same_as_fr
ja,unlock_code_used_explanation,same_as_fr
ja,label_date_time,same_as_fr
ja,label_transfer_amount,same_as_fr
ja,label_recipient,same_as_fr
ja,urgent_if_not_you,same_as_fr
ja,contact_support_immediately,same_as_fr
ja,check_recent_transactions,same_as_fr
ja,change_access_codes,same_as_fr
ja,if_legitimate,same_as_fr
ja,client_can_finalize,same_as_fr
ja,transfer_unlock_code_title,same_as_fr
ja,transfer_unlock_heading,same_as_fr
ja,transfer_unlock_message_intro,same_as_fr
ja,transfer_unlock_code_label,same_as_fr
ja,your_unlock_code,same_as_fr
ja,do_not_share_unlock_code,same_as_fr
ja,unlock_code_personal_confidential,same_as_fr
ja,unlock_code_needed_finalize,same_as_fr
ja,contact_support_for_questions,same_as_fr
ja,welcome_title,same_as_fr
ja,welcome_heading,same_as_fr
ja,welcome_message,same_as_fr
ja,login_credentials_title,same_as_fr
ja,access_member_area,same_as_fr
ja,pleasure_to_assist,same_as_fr
ja,balance_decreased_title,same_as_fr
ja,balance_decreased_heading,same_as_fr
ja,balance_decreased_message,same_as_fr
ja,operation_details,same_as_fr
ja,label_amount_deducted,same_as_fr
ja,label_new_balance,same_as_fr
ja,contact_us_if_questions,same_as_fr
ja,balance_increased_title,same_as_fr
ja,balance_increased_heading,same_as_fr
ja,balance_increased_message,same_as_fr
ja,label_amount_added,same_as_fr
ja,thank_you_trust,same_as_fr
ja,refund_title,same_as_fr
ja,refund_heading,same_as_fr
ja,refund_message,same_as_fr
ja,transfer_details,same_as_fr
ja,label_transfer_date,same_as_fr
ja,label_transfer_reason,same_as_fr
ja,refund_amount_text,same_as_fr
ja,refund_apology_contact,same_as_fr
ja,mail_error_alert_title,same_as_fr
ja,system_alert,same_as_fr
ja,mail_send_failure_detected,same_as_fr
ja,email_sending_problem,same_as_fr
ja,email_send_failure_explanation,same_as_fr
ja,error_details,same_as_fr
ja,label_failed_recipient,same_as_fr
ja,label_context,same_as_fr
ja,label_error_message,same_as_fr
ja,possible_causes,same_as_fr
ja,cause_daily_limit,same_as_fr
ja,cause_daily_limit_details,same_as_fr
ja,cause_smtp_connection,same_as_fr
ja,cause_smtp_connection_details,same_as_fr
ja,cause_auth_failed,same_as_fr
ja,cause_auth_failed_details,same_as_fr
ja,cause_app_password_revoked,same_as_fr
ja,cause_app_password_revoked_details,same_as_fr
ja,recommended_actions,same_as_fr
ja,action_if_limit,same_as_fr
ja,action_if_limit_details,same_as_fr
ja,action_check_logs,same_as_fr
ja,action_check_logs_details,same_as_fr
ja,action_test_connection,same_as_fr
ja,action_check_config,same_as_fr
ja,action_check_config_details,same_as_fr
ja,action_regenerate_password,same_as_fr
ja,action_regenerate_password_details,same_as_fr
ja,system_information,same_as_fr
ja,label_smtp_server,same_as_fr
ja,label_port,same_as_fr
ja,label_account,same_as_fr
ja,label_environment,same_as_fr
ja,alert_auto_generated_notice,same_as_fr
ja,account_management_system,same_as_fr
ja,alert_generated_by_safemail,same_as_fr
ja,contact_technical_team,same_as_fr
ja,password_reset_title,same_as_fr
ja,password_reset_heading,same_as_fr
ja,greeting_simple_name,same_as_fr
ja,password_reset_reason,same_as_fr
ja,password_reset_click_link,same_as_fr
ja,password_reset_no_action_needed,same_as_fr
ja,thank_you_using_brand,same_as_fr
jw,compte_created_subject,same_as_fr
jw,compte_created_title,same_as_fr
jw,greeting,same_as_fr
jw,compte_created_message,same_as_fr
jw,credentials_title,same_as_fr
jw,label_email,same_as_fr
jw,label_password,same_as_fr
jw,label_initial_balance,same_as_fr
jw,cta_login,same_as_fr
jw,info_access,same_as_fr
jw,support_contact,same_as_fr
jw,footer_thanks,same_as_fr
jw,footer_brand,same_as_fr
jw,footer_partner,same_as_fr
jw,virement_success_subject,same_as_fr
jw,virement_success_title,same_as_fr
jw,virement_success_message,same_as_fr
jw,virement_failed_subject,same_as_fr
jw,virement_failed_title,same_as_fr
jw,virement_failed_message,same_as_fr
jw,details_title,same_as_fr
jw,label_amount,same_as_fr
jw,label_date,same_as_fr
jw,label_beneficiary,same_as_fr
jw,virement_notice,same_as_fr
jw,thanks,same_as_fr
jw,contact_support_for_info,same_as_fr
jw,regards,same_as_fr
jw,service_client,same_as_fr
jw,auto_generated_notice,same_as_fr
jw,compte_activated_title,same_as_fr
jw,compte_activated_heading,same_as_fr
jw,good_news,same_as_fr
jw,compte_activated_message,same_as_fr
jw,compte_activated_explanation,same_as_fr
jw,label_holder,same_as_fr
jw,label_current_balance,same_as_fr
jw,label_status,same_as_fr
jw,status_active,same_as_fr
jw,you_can_now,same_as_fr
jw,can_make_transfers,same_as_fr
jw,check_balance,same_as_fr
jw,manage_transactions,same_as_fr
jw,access_services,same_as_fr
jw,thanks_welcome,same_as_fr
jw,unlock_code_used_title,same_as_fr
jw,unlock_code_used_heading,same_as_fr
jw,greeting_simple,same_as_fr
jw,info_notification,same_as_fr
jw,unlock_code_used_alert,same_as_fr
jw,unlock_code_used_explanation,same_as_fr
jw,label_date_time,same_as_fr
jw,label_transfer_amount,same_as_fr
jw,label_recipient,same_as_fr
jw,urgent_if_not_you,same_as_fr
jw,contact_support_immediately,same_as_fr
jw,check_recent_transactions,same_as_fr
jw,change_access_codes,same_as_fr
jw,if_legitimate,same_as_fr
jw,client_can_finalize,same_as_fr
jw,transfer_unlock_code_title,same_as_fr
jw,transfer_unlock_heading,same_as_fr
jw,transfer_unlock_message_intro,same_as_fr
jw,transfer_unlock_code_label,same_as_fr
jw,your_unlock_code,same_as_fr
jw,do_not_share_unlock_code,same_as_fr
jw,unlock_code_personal_confidential,same_as_fr
jw,unlock_code_needed_finalize,same_as_fr
jw,contact_support_for_questions,same_as_fr
jw,welcome_title,same_as_fr
jw,welcome_heading,same_as_fr
jw,welcome_message,same_as_fr
jw,login_credentials_title,same_as_fr
jw,access_member_area,same_as_fr
jw,pleasure_to_assist,same_as_fr
jw,balance_decreased_title,same_as_fr
jw,balance_decreased_heading,same_as_fr
jw,balance_decreased_message,same_as_fr
jw,operation_details,same_as_fr
jw,label_amount_deducted,same_as_fr
jw,label_new_balance,same_as_fr
jw,contact_us_if_questions,same_as_fr
jw,balance_increased_title,same_as_fr
jw,balance_increased_heading,same_as_fr
jw,balance_increased_message,same_as_fr
jw,label_amount_added,same_as_fr
jw,thank_you_trust,same_as_fr
jw,refund_title,same_as_fr
jw,refund_heading,same_as_fr
jw,refund_message,same_as_fr
jw,transfer_details,same_as_fr
jw,label_transfer_date,same_as_fr
jw,label_transfer_reason,same_as_fr
jw,refund_amount_text,same_as_fr
jw,refund_apology_contact,same_as_fr
jw,mail_error_alert_title,same_as_fr
jw,system_alert,same_as_fr
jw,mail_send_failure_detected,same_as_fr
jw,email_sending_problem,same_as_fr
jw,email_send_failure_explanation,same_as_fr
jw,error_details,same_as_fr
jw,label_failed_recipient,same_as_fr
jw,label_context,same_as_fr
jw,label_error_message,same_as_fr
jw,possible_causes,same_as_fr
jw,cause_daily_limit,same_as_fr
jw,cause_daily_limit_details,same_as_fr
jw,cause_smtp_connection,same_as_fr
jw,cause_smtp_connection_details,same_as_fr
jw,cause_auth_failed,same_as_fr
jw,cause_auth_failed_details,same_as_fr
jw,cause_app_password_revoked,same_as_fr
jw,cause_app_password_revoked_details,same_as_fr
jw,recommended_actions,same_as_fr
jw,action_if_limit,same_as_fr
jw,action_if_limit_details,same_as_fr
jw,action_check_logs,same_as_fr
jw,action_check_logs_details,same_as_fr
jw,action_test_connection,same_as_fr
jw,action_check_config,same_as_fr
jw,action_check_config_details,same_as_fr
jw,action_regenerate_password,same_as_fr
jw,action_regenerate_password_details,same_as_fr
jw,system_information,same_as_fr
jw,label_smtp_server,same_as_fr
jw,label_port,same_as_fr
jw,label_account,same_as_fr
jw,label_environment,same_as_fr
jw,alert_auto_generated_notice,same_as_fr
jw,account_management_system,same_as_fr
jw,alert_generated_by_safemail,same_as_fr
jw,contact_technical_team,same_as_fr
jw,password_reset_title,same_as_fr
jw,password_reset_heading,same_as_fr
jw,greeting_simple_name,same_as_fr
jw,password_reset_reason,same_as_fr
jw,password_reset_click_link,same_as_fr
jw,password_reset_no_action_needed,same_as_fr
jw,thank_you_using_brand,same_as_fr
ka,compte_created_subject,same_as_fr
ka,compte_created_title,same_as_fr
ka,greeting,same_as_fr
ka,compte_created_message,same_as_fr
ka,credentials_title,same_as_fr
ka,label_email,same_as_fr
ka,label_password,same_as_fr
ka,label_initial_balance,same_as_fr
ka,cta_login,same_as_fr
ka,info_access,same_as_fr
ka,support_contact,same_as_fr
ka,footer_thanks,same_as_fr
ka,footer_brand,same_as_fr
ka,footer_partner,same_as_fr
ka,virement_success_subject,same_as_fr
ka,virement_success_title,same_as_fr
ka,virement_success_message,same_as_fr
ka,virement_failed_subject,same_as_fr
ka,virement_failed_title,same_as_fr
ka,virement_failed_message,same_as_fr
ka,details_title,same_as_fr
ka,label_amount,same_as_fr
ka,label_date,same_as_fr
ka,label_beneficiary,same_as_fr
ka,virement_notice,same_as_fr
ka,thanks,same_as_fr
ka,contact_support_for_info,same_as_fr
ka,regards,same_as_fr
ka,service_client,same_as_fr
ka,auto_generated_notice,same_as_fr
ka,compte_activated_title,same_as_fr
ka,compte_activated_heading,same_as_fr
ka,good_news,same_as_fr
ka,compte_activated_message,same_as_fr
ka,compte_activated_explanation,same_as_fr
ka,label_holder,same_as_fr
ka,label_current_balance,same_as_fr
ka,label_status,same_as_fr
ka,status_active,same_as_fr
ka,you_can_now,same_as_fr
ka,can_make_transfers,same_as_fr
ka,check_balance,same_as_fr
ka,manage_transactions,same_as_fr
ka,access_services,same_as_fr
ka,thanks_welcome,same_as_fr
ka,unlock_code_used_title,same_as_fr
ka,unlock_code_used_heading,same_as_fr
ka,greeting_simple,same_as_fr
ka,info_notification,same_as_fr
ka,unlock_code_used_alert,same_as_fr
ka,unlock_code_used_explanation,same_as_fr
ka,label_date_time,same_as_fr
ka,label_transfer_amount,same_as_fr
ka,label_recipient,same_as_fr
ka,urgent_if_not_you,same_as_fr
ka,contact_support_immediately,same_as_fr
ka,check_recent_transactions,same_as_fr
ka,change_access_codes,same_as_fr
ka,if_legitimate,same_as_fr
ka,client_can_finalize,same_as_fr
ka,transfer_unlock_code_title,same_as_fr
ka,transfer_unlock_heading,same_as_fr
ka,transfer_unlock_message_intro,same_as_fr
ka,transfer_unlock_code_label,same_as_fr
ka,your_unlock_code,same_as_fr
ka,do_not_share_unlock_code,same_as_fr
ka,unlock_code_personal_confidential,same_as_fr
ka,unlock_code_needed_finalize,same_as_fr
ka,contact_support_for_questions,same_as_fr
ka,welcome_title,same_as_fr
ka,welcome_heading,same_as_fr
ka,welcome_message,same_as_fr
ka,login_credentials_title,same_as_fr
ka,access_member_area,same_as_fr
ka,pleasure_to_assist,same_as_fr
ka,balance_decreased_title,same_as_fr
ka,balance_decreased_heading,same_as_fr
ka,balance_decreased_message,same_as_fr
ka,operation_details,same_as_fr
ka,label_amount_deducted,same_as_fr
ka,label_new_balance,same_as_fr
ka,contact_us_if_questions,same_as_fr
ka,balance_increased_title,same_as_fr
ka,balance_increased_heading,same_as_fr
ka,balance_increased_message,same_as_fr
ka,label_amount_added,same_as_fr
ka,thank_you_trust,same_as_fr
ka,refund_title,same_as_fr
ka,refund_heading,same_as_fr
ka,refund_message,same_as_fr
ka,transfer_details,same_as_fr
ka,label_transfer_date,same_as_fr
ka,label_transfer_reason,same_as_fr
ka,refund_amount_text,same_as_fr
ka,refund_apology_contact,same_as_fr
ka,mail_error_alert_title,same_as_fr
ka,system_alert,same_as_fr
ka,mail_send_failure_detected,same_as_fr
ka,email_sending_problem,same_as_fr
ka,email_send_failure_explanation,same_as_fr
ka,error_details,same_as_fr
ka,label_failed_recipient,same_as_fr
ka,label_context,same_as_fr
ka,label_error_message,same_as_fr
ka,possible_causes,same_as_fr
ka,cause_daily_limit,same_as_fr
ka,cause_daily_limit_details,same_as_fr
ka,cause_smtp_connection,same_as_fr
ka,cause_smtp_connection_details,same_as_fr
ka,cause_auth_failed,same_as_fr
ka,cause_auth_failed_details,same_as_fr
ka,cause_app_password_revoked,same_as_fr
ka,cause_app_password_revoked_details,same_as_fr
ka,recommended_actions,same_as_fr
ka,action_if_limit,same_as_fr
ka,action_if_limit_details,same_as_fr
ka,action_check_logs,same_as_fr
ka,action_check_logs_details,same_as_fr
ka,action_test_connection,same_as_fr
ka,action_check_config,same_as_fr
ka,action_check_config_details,same_as_fr
ka,action_regenerate_password,same_as_fr
ka,action_regenerate_password_details,same_as_fr
ka,system_information,same_as_fr
ka,label_smtp_server,same_as_fr
ka,label_port,same_as_fr
ka,label_account,same_as_fr
ka,label_environment,same_as_fr
ka,alert_auto_generated_notice,same_as_fr
ka,account_management_system,same_as_fr
ka,alert_generated_by_safemail,same_as_fr
ka,contact_technical_team,same_as_fr
ka,password_reset_title,same_as_fr
ka,password_reset_heading,same_as_fr
ka,greeting_simple_name,same_as_fr
ka,password_reset_reason,same_as_fr
ka,password_reset_click_link,same_as_fr
ka,password_reset_no_action_needed,same_as_fr
ka,thank_you_using_brand,same_as_fr
kk,compte_created_subject,same_as_fr
kk,compte_created_title,same_as_fr
kk,greeting,same_as_fr
kk,compte_created_message,same_as_fr
kk,credentials_title,same_as_fr
kk,label_email,same_as_fr
kk,label_password,same_as_fr
kk,label_initial_balance,same_as_fr
kk,cta_login,same_as_fr
kk,info_access,same_as_fr
kk,support_contact,same_as_fr
kk,footer_thanks,same_as_fr
kk,footer_brand,same_as_fr
kk,footer_partner,same_as_fr
kk,virement_success_subject,same_as_fr
kk,virement_success_title,same_as_fr
kk,virement_success_message,same_as_fr
kk,virement_failed_subject,same_as_fr
kk,virement_failed_title,same_as_fr
kk,virement_failed_message,same_as_fr
kk,details_title,same_as_fr
kk,label_amount,same_as_fr
kk,label_date,same_as_fr
kk,label_beneficiary,same_as_fr
kk,virement_notice,same_as_fr
kk,thanks,same_as_fr
kk,contact_support_for_info,same_as_fr
kk,regards,same_as_fr
kk,service_client,same_as_fr
kk,auto_generated_notice,same_as_fr
kk,compte_activated_title,same_as_fr
kk,compte_activated_heading,same_as_fr
kk,good_news,same_as_fr
kk,compte_activated_message,same_as_fr
kk,compte_activated_explanation,same_as_fr
kk,label_holder,same_as_fr
kk,label_current_balance,same_as_fr
kk,label_status,same_as_fr
kk,status_active,same_as_fr
kk,you_can_now,same_as_fr
kk,can_make_transfers,same_as_fr
kk,check_balance,same_as_fr
kk,manage_transactions,same_as_fr
kk,access_services,same_as_fr
kk,thanks_welcome,same_as_fr
kk,unlock_code_used_title,same_as_fr
kk,unlock_code_used_heading,same_as_fr
kk,greeting_simple,same_as_fr
kk,info_notification,same_as_fr
kk,unlock_code_used_alert,same_as_fr
kk,unlock_code_used_explanation,same_as_fr
kk,label_date_time,same_as_fr
kk,label_transfer_amount,same_as_fr
kk,label_recipient,same_as_fr
kk,urgent_if_not_you,same_as_fr
kk,contact_support_immediately,same_as_fr
kk,check_recent_transactions,same_as_fr
kk,change_access_codes,same_as_fr
kk,if_legitimate,same_as_fr
kk,client_can_finalize,same_as_fr
kk,transfer_unlock_code_title,same_as_fr
kk,transfer_unlock_heading,same_as_fr
kk,transfer_unlock_message_intro,same_as_fr
kk,transfer_unlock_code_label,same_as_fr
kk,your_unlock_code,same_as_fr
kk,do_not_share_unlock_code,same_as_fr
kk,unlock_code_personal_confidential,same_as_fr
kk,unlock_code_needed_finalize,same_as_fr
kk,contact_support_for_questions,same_as_fr
kk,welcome_title,same_as_fr
kk,welcome_heading,same_as_fr
kk,welcome_message,same_as_fr
kk,login_credentials_title,same_as_fr
kk,access_member_area,same_as_fr
kk,pleasure_to_assist,same_as_fr
kk,balance_decreased_title,same_as_fr
kk,balance_decreased_heading,same_as_fr
kk,balance_decreased_message,same_as_fr
kk,operation_details,same_as_fr
kk,label_amount_deducted,same_as_fr
kk,label_new_balance,same_as_fr
kk,contact_us_if_questions,same_as_fr
kk,balance_increased_title,same_as_fr
kk,balance_increased_heading,same_as_fr
kk,balance_increased_message,same_as_fr
kk,label_amount_added,same_as_fr
kk,thank_you_trust,same_as_fr
kk,refund_title,same_as_fr
kk,refund_heading,same_as_fr
kk,refund_message,same_as_fr
kk,transfer_details,same_as_fr
kk,label_transfer_date,same_as_fr
kk,label_transfer_reason,same_as_fr
kk,refund_amount_text,same_as_fr
kk,refund_apology_contact,same_as_fr
kk,mail_error_alert_title,same_as_fr
kk,system_alert,same_as_fr
kk,mail_send_failure_detected,same_as_fr
kk,email_sending_problem,same_as_fr
kk,email_send_failure_explanation,same_as_fr
kk,error_details,same_as_fr
kk,label_failed_recipient,same_as_fr
kk,label_context,same_as_fr
kk,label_error_message,same_as_fr
kk,possible_causes,same_as_fr
kk,cause_daily_limit,same_as_fr
kk,cause_daily_limit_details,same_as_fr
kk,cause_smtp_connection,same_as_fr
kk,cause_smtp_connection_details,same_as_fr
kk,cause_auth_failed,same_as_fr
kk,cause_auth_failed_details,same_as_fr
kk,cause_app_password_revoked,same_as_fr
kk,cause_app_password_revoked_details,same_as_fr
kk,recommended_actions,same_as_fr
kk,action_if_limit,same_as_fr
kk,action_if_limit_details,same_as_fr
kk,action_check_logs,same_as_fr
kk,action_check_logs_details,same_as_fr
kk,action_test_connection,same_as_fr
kk,action_check_config,same_as_fr
kk,action_check_config_details,same_as_fr
kk,action_regenerate_password,same_as_fr
kk,action_regenerate_password_details,same_as_fr
kk,system_information,same_as_fr
kk,label_smtp_server,same_as_fr
kk,label_port,same_as_fr
kk,label_account,same_as_fr
kk,label_environment,same_as_fr
kk,alert_auto_generated_notice,same_as_fr
kk,account_management_system,same_as_fr
kk,alert_generated_by_safemail,same_as_fr
kk,contact_technical_team,same_as_fr
kk,password_reset_title,same_as_fr
kk,password_reset_heading,same_as_fr
kk,greeting_simple_name,same_as_fr
kk,password_reset_reason,same_as_fr
kk,password_reset_click_link,same_as_fr
kk,password_reset_no_action_needed,same_as_fr
kk,thank_you_using_brand,same_as_fr
km,compte_created_subject,same_as_fr
km,compte_created_title,same_as_fr
km,greeting,same_as_fr
km,compte_created_message,same_as_fr
km,credentials_title,same_as_fr
km,label_email,same_as_fr
km,label_password,same_as_fr
km,label_initial_balance,same_as_fr
km,cta_login,same_as_fr
km,info_access,same_as_fr
km,support_contact,same_as_fr
km,footer_thanks,same_as_fr
km,footer_brand,same_as_fr
km,footer_partner,same_as_fr
km,virement_success_subject,same_as_fr
km,virement_success_title,same_as_fr
km,virement_success_message,same_as_fr
km,virement_failed_subject,same_as_fr
km,virement_failed_title,same_as_fr
km,virement_failed_message,same_as_fr
km,details_title,same_as_fr
km,label_amount,same_as_fr
km,label_date,same_as_fr
km,label_beneficiary,same_as_fr
km,virement_notice,same_as_fr
km,thanks,same_as_fr
km,contact_support_for_info,same_as_fr
km,regards,same_as_fr
km,service_client,same_as_fr
km,auto_generated_notice,same_as_fr
km,compte_activated_title,same_as_fr
km,compte_activated_heading,same_as_fr
km,good_news,same_as_fr
km,compte_activated_message,same_as_fr
km,compte_activated_explanation,same_as_fr
km,label_holder,same_as_fr
km,label_current_balance,same_as_fr
km,label_status,same_as_fr
km,status_active,same_as_fr
km,you_can_now,same_as_fr
km,can_make_transfers,same_as_fr
km,check_balance,same_as_fr
km,manage_transactions,same_as_fr
km,access_services,same_as_fr
km,thanks_welcome,same_as_fr
km,unlock_code_used_title,same_as_fr
km,unlock_code_used_heading,same_as_fr
km,greeting_simple,same_as_fr
km,info_notification,same_as_fr
km,unlock_code_used_alert,same_as_fr
km,unlock_code_used_explanation,same_as_fr
km,label_date_time,same_as_fr
km,label_transfer_amount,same_as_fr
km,label_recipient,same_as_fr
km,urgent_if_not_you,same_as_fr
km,contact_support_immediately,same_as_fr
km,check_recent_transactions,same_as_fr
km,change_access_codes,same_as_fr
km,if_legitimate,same_as_fr
km,client_can_finalize,same_as_fr
km,transfer_unlock_code_title,same_as_fr
km,transfer_unlock_heading,same_as_fr
km,transfer_unlock_message_intro,same_as_fr
km,transfer_unlock_code_label,same_as_fr
km,your_unlock_code,same_as_fr
km,do_not_share_unlock_code,same_as_fr
km,unlock_code_personal_confidential,same_as_fr
km,unlock_code_needed_finalize,same_as_fr
km,contact_support_for_questions,same_as_fr
km,welcome_title,same_as_fr
km,welcome_heading,same_as_fr
km,welcome_message,same_as_fr
km,login_credentials_title,same_as_fr
km,access_member_area,same_as_fr
km,pleasure_to_assist,same_as_fr
km,balance_decreased_title,same_as_fr
km,balance_decreased_heading,same_as_fr
km,balance_decreased_message,same_as_fr
km,operation_details,same_as_fr
km,label_amount_deducted,same_as_fr
km,label_new_balance,same_as_fr
km,contact_us_if_questions,same_as_fr
km,balance_increased_title,same_as_fr
km,balance_increased_heading,same_as_fr
km,balance_increased_message,same_as_fr
km,label_amount_added,same_as_fr
km,thank_you_trust,same_as_fr
km,refund_title,same_as_fr
km,refund_heading,same_as_fr
km,refund_message,same_as_fr
km,transfer_details,same_as_fr
km,label_transfer_date,same_as_fr
km,label_transfer_reason,same_as_fr
km,refund_amount_text,same_as_fr
km,refund_apology_contact,same_as_fr
km,mail_error_alert_title,same_as_fr
km,system_alert,same_as_fr
km,mail_send_failure_detected,same_as_fr
km,email_sending_problem,same_as_fr
km,email_send_failure_explanation,same_as_fr
km,error_details,same_as_fr
km,label_failed_recipient,same_as_fr
km,label_context,same_as_fr
km,label_error_message,same_as_fr
km,possible_causes,same_as_fr
km,cause_daily_limit,same_as_fr
km,cause_daily_limit_details,same_as_fr
km,cause_smtp_connection,same_as_fr
km,cause_smtp_connection_details,same_as_fr
km,cause_auth_failed,same_as_fr
km,cause_auth_failed_details,same_as_fr
km,cause_app_password_revoked,same_as_fr
km,cause_app_password_revoked_details,same_as_fr
km,recommended_actions,same_as_fr
km,action_if_limit,same_as_fr
km,action_if_limit_details,same_as_fr
km,action_check_logs,same_as_fr
km,action_check_logs_details,same_as_fr
km,action_test_connection,same_as_fr
km,action_check_config,same_as_fr
km,action_check_config_details,same_as_fr
km,action_regenerate_password,same_as_fr
km,action_regenerate_password_details,same_as_fr
km,system_information,same_as_fr
km,label_smtp_server,same_as_fr
km,label_port,same_as_fr
km,label_account,same_as_fr
km,label_environment,same_as_fr
km,alert_auto_generated_notice,same_as_fr
km,account_management_system,same_as_fr
km,alert_generated_by_safemail,same_as_fr
km,contact_technical_team,same_as_fr
km,password_reset_title,same_as_fr
km,password_reset_heading,same_as_fr
km,greeting_simple_name,same_as_fr
km,password_reset_reason,same_as_fr
km,password_reset_click_link,same_as_fr
km,password_reset_no_action_needed,same_as_fr
km,thank_you_using_brand,same_as_fr
kn,compte_created_subject,same_as_fr
kn,compte_created_title,same_as_fr
kn,greeting,same_as_fr
kn,compte_created_message,same_as_fr
kn,credentials_title,same_as_fr
kn,label_email,same_as_fr
kn,label_password,same_as_fr
kn,label_initial_balance,same_as_fr
kn,cta_login,same_as_fr
kn,info_access,same_as_fr
kn,support_contact,same_as_fr
kn,footer_thanks,same_as_fr
kn,footer_brand,same_as_fr
kn,footer_partner,same_as_fr
kn,virement_success_subject,same_as_fr
kn,virement_success_title,same_as_fr
kn,virement_success_message,same_as_fr
kn,virement_failed_subject,same_as_fr
kn,virement_failed_title,same_as_fr
kn,virement_failed_message,same_as_fr
kn,details_title,same_as_fr
kn,label_amount,same_as_fr
kn,label_date,same_as_fr
kn,label_beneficiary,same_as_fr
kn,virement_notice,same_as_fr
kn,thanks,same_as_fr
kn,contact_support_for_info,same_as_fr
kn,regards,same_as_fr
kn,service_client,same_as_fr
kn,auto_generated_notice,same_as_fr
kn,compte_activated_title,same_as_fr
kn,compte_activated_heading,same_as_fr
kn,good_news,same_as_fr
kn,compte_activated_message,same_as_fr
kn,compte_activated_explanation,same_as_fr
kn,label_holder,same_as_fr
kn,label_current_balance,same_as_fr
kn,label_status,same_as_fr
kn,status_active,same_as_fr
kn,you_can_now,same_as_fr
kn,can_make_transfers,same_as_fr
kn,check_balance,same_as_fr
kn,manage_transactions,same_as_fr
kn,access_services,same_as_fr
kn,thanks_welcome,same_as_fr
kn,unlock_code_used_title,same_as_fr
kn,unlock_code_used_heading,same_as_fr
kn,greeting_simple,same_as_fr
kn,info_notification,same_as_fr
kn,unlock_code_used_alert,same_as_fr
kn,unlock_code_used_explanation,same_as_fr
kn,label_date_time,same_as_fr
kn,label_transfer_amount,same_as_fr
kn,label_recipient,same_as_fr
kn,urgent_if_not_you,same_as_fr
kn,contact_support_immediately,same_as_fr
kn,check_recent_transactions,same_as_fr
kn,change_access_codes,same_as_fr
kn,if_legitimate,same_as_fr
kn,client_can_finalize,same_as_fr
kn,transfer_unlock_code_title,same_as_fr
kn,transfer_unlock_heading,same_as_fr
kn,transfer_unlock_message_intro,same_as_fr
kn,transfer_unlock_code_label,same_as_fr
kn,your_unlock_code,same_as_fr
kn,do_not_share_unlock_code,same_as_fr
kn,unlock_code_personal_confidential,same_as_fr
kn,unlock_code_needed_finalize,same_as_fr
kn,contact_support_for_questions,same_as_fr
kn,welcome_title,same_as_fr
kn,welcome_heading,same_as_fr
kn,welcome_message,same_as_fr
kn,login_credentials_title,same_as_fr
kn,access_member_area,same_as_fr
kn,pleasure_to_assist,same_as_fr
kn,balance_decreased_title,same_as_fr
kn,balance_decreased_heading,same_as_fr
kn,balance_decreased_message,same_as_fr
kn,operation_details,same_as_fr
kn,label_amount_deducted,same_as_fr
kn,label_new_balance,same_as_fr
kn,contact_us_if_questions,same_as_fr
kn,balance_increased_title,same_as_fr
kn,balance_increased_heading,same_as_fr
kn,balance_increased_message,same_as_fr
kn,label_amount_added,same_as_fr
kn,thank_you_trust,same_as_fr
kn,refund_title,same_as_fr
kn,refund_heading,same_as_fr
kn,refund_message,same_as_fr
kn,transfer_details,same_as_fr
kn,label_transfer_date,same_as_fr
kn,label_transfer_reason,same_as_fr
kn,refund_amount_text,same_as_fr
kn,refund_apology_contact,same_as_fr
kn,mail_error_alert_title,same_as_fr
kn,system_alert,same_as_fr
kn,mail_send_failure_detected,same_as_fr
kn,email_sending_problem,same_as_fr
kn,email_send_failure_explanation,same_as_fr
kn,error_details,same_as_fr
kn,label_failed_recipient,same_as_fr
kn,label_context,same_as_fr
kn,label_error_message,same_as_fr
kn,possible_causes,same_as_fr
kn,cause_daily_limit,same_as_fr
kn,cause_daily_limit_details,same_as_fr
kn,cause_smtp_connection,same_as_fr
kn,cause_smtp_connection_details,same_as_fr
kn,cause_auth_failed,same_as_fr
kn,cause_auth_failed_details,same_as_fr
kn,cause_app_password_revoked,same_as_fr
kn,cause_app_password_revoked_details,same_as_fr
kn,recommended_actions,same_as_fr
kn,action_if_limit,same_as_fr
kn,action_if_limit_details,same_as_fr
kn,action_check_logs,same_as_fr
kn,action_check_logs_details,same_as_fr
kn,action_test_connection,same_as_fr
kn,action_check_config,same_as_fr
kn,action_check_config_details,same_as_fr
kn,action_regenerate_password,same_as_fr
kn,action_regenerate_password_details,same_as_fr
kn,system_information,same_as_fr
kn,label_smtp_server,same_as_fr
kn,label_port,same_as_fr
kn,label_account,same_as_fr
kn,label_environment,same_as_fr
kn,alert_auto_generated_notice,same_as_fr
kn,account_management_system,same_as_fr
kn,alert_generated_by_safemail,same_as_fr
kn,contact_technical_team,same_as_fr
kn,password_reset_title,same_as_fr
kn,password_reset_heading,same_as_fr
kn,greeting_simple_name,same_as_fr
kn,password_reset_reason,same_as_fr
kn,password_reset_click_link,same_as_fr
kn,password_reset_no_action_needed,same_as_fr
kn,thank_you_using_brand,same_as_fr
ko,compte_created_subject,same_as_fr
ko,compte_created_title,same_as_fr
ko,greeting,same_as_fr
ko,compte_created_message,same_as_fr
ko,credentials_title,same_as_fr
ko,label_email,same_as_fr
ko,label_password,same_as_fr
ko,label_initial_balance,same_as_fr
ko,cta_login,same_as_fr
ko,info_access,same_as_fr
ko,support_contact,same_as_fr
ko,footer_thanks,same_as_fr
ko,footer_brand,same_as_fr
ko,footer_partner,same_as_fr
ko,virement_success_subject,same_as_fr
ko,virement_success_title,same_as_fr
ko,virement_success_message,same_as_fr
ko,virement_failed_subject,same_as_fr
ko,virement_failed_title,same_as_fr
ko,virement_failed_message,same_as_fr
ko,details_title,same_as_fr
ko,label_amount,same_as_fr
ko,label_date,same_as_fr
ko,label_beneficiary,same_as_fr
ko,virement_notice,same_as_fr
ko,thanks,same_as_fr
ko,contact_support_for_info,same_as_fr
ko,regards,same_as_fr
ko,service_client,same_as_fr
ko,auto_generated_notice,same_as_fr
ko,compte_activated_title,same_as_fr
ko,compte_activated_heading,same_as_fr
ko,good_news,same_as_fr
ko,compte_activated_message,same_as_fr
ko,compte_activated_explanation,same_as_fr
ko,label_holder,same_as_fr
ko,label_current_balance,same_as_fr
ko,label_status,same_as_fr
ko,status_active,same_as_fr
ko,you_can_now,same_as_fr
ko,can_make_transfers,same_as_fr
ko,check_balance,same_as_fr
ko,manage_transactions,same_as_fr
ko,access_services,same_as_fr
ko,thanks_welcome,same_as_fr
ko,unlock_code_used_title,same_as_fr
ko,unlock_code_used_heading,same_as_fr
ko,greeting_simple,same_as_fr
ko,info_notification,same_as_fr
ko,unlock_code_used_alert,same_as_fr
ko,unlock_code_used_explanation,same_as_fr
ko,label_date_time,same_as_fr
ko,label_transfer_amount,same_as_fr
ko,label_recipient,same_as_fr
ko,urgent_if_not_you,same_as_fr
ko,contact_support_immediately,same_as_fr
ko,check_recent_transactions,same_as_fr
ko,change_access_codes,same_as_fr
ko,if_legitimate,same_as_fr
ko,client_can_finalize,same_as_fr
ko,transfer_unlock_code_title,same_as_fr
ko,transfer_unlock_heading,same_as_fr
ko,transfer_unlock_message_intro,same_as_fr
ko,transfer_unlock_code_label,same_as_fr
ko,your_unlock_code,same_as_fr
ko,do_not_share_unlock_code,same_as_fr
ko,unlock_code_personal_confidential,same_as_fr
ko,unlock_code_needed_finalize,same_as_fr
ko,contact_support_for_questions,same_as_fr
ko,welcome_title,same_as_fr
ko,welcome_heading,same_as_fr
ko,welcome_message,same_as_fr
ko,login_credentials_title,same_as_fr
ko,access_member_area,same_as_fr
ko,pleasure_to_assist,same_as_fr
ko,balance_decreased_title,same_as_fr
ko,balance_decreased_heading,same_as_fr
ko,balance_decreased_message,same_as_fr
ko,operation_details,same_as_fr
ko,label_amount_deducted,same_as_fr
ko,label_new_balance,same_as_fr
ko,contact_us_if_questions,same_as_fr
ko,balance_increased_title,same_as_fr
ko,balance_increased_heading,same_as_fr
ko,balance_increased_message,same_as_fr
ko,label_amount_added,same_as_fr
ko,thank_you_trust,same_as_fr
ko,refund_title,same_as_fr
ko,refund_heading,same_as_fr
ko,refund_message,same_as_fr
ko,transfer_details,same_as_fr
ko,label_transfer_date,same_as_fr
ko,label_transfer_reason,same_as_fr
ko,refund_amount_text,same_as_fr
ko,refund_apology_contact,same_as_fr
ko,mail_error_alert_title,same_as_fr
ko,system_alert,same_as_fr
ko,mail_send_failure_detected,same_as_fr
ko,email_sending_problem,same_as_fr
ko,email_send_failure_explanation,same_as_fr
ko,error_details,same_as_fr
ko,label_failed_recipient,same_as_fr
ko,label_context,same_as_fr
ko,label_error_message,same_as_fr
ko,possible_causes,same_as_fr
ko,cause_daily_limit,same_as_fr
ko,cause_daily_limit_details,same_as_fr
ko,cause_smtp_connection,same_as_fr
ko,cause_smtp_connection_details,same_as_fr
ko,cause_auth_failed,same_as_fr
ko,cause_auth_failed_details,same_as_fr
ko,cause_app_password_revoked,same_as_fr
ko,cause_app_password_revoked_details,same_as_fr
ko,recommended_actions,same_as_fr
ko,action_if_limit,same_as_fr
ko,action_if_limit_details,same_as_fr
ko,action_check_logs,same_as_fr
ko,action_check_logs_details,same_as_fr
ko,action_test_connection,same_as_fr
ko,action_check_config,same_as_fr
ko,action_check_config_details,same_as_fr
ko,action_regenerate_password,same_as_fr
ko,action_regenerate_password_details,same_as_fr
ko,system_information,same_as_fr
ko,label_smtp_server,same_as_fr
ko,label_port,same_as_fr
ko,label_account,same_as_fr
ko,label_environment,same_as_fr
ko,alert_auto_generated_notice,same_as_fr
ko,account_management_system,same_as_fr
ko,alert_generated_by_safemail,same_as_fr
ko,contact_technical_team,same_as_fr
ko,password_reset_title,same_as_fr
ko,password_reset_heading,same_as_fr
ko,greeting_simple_name,same_as_fr
ko,password_reset_reason,same_as_fr
ko,password_reset_click_link,same_as_fr
ko,password_reset_no_action_needed,same_as_fr
ko,thank_you_using_brand,same_as_fr
ku,compte_created_subject,same_as_fr
ku,compte_created_title,same_as_fr
ku,greeting,same_as_fr
ku,compte_created_message,same_as_fr
ku,credentials_title,same_as_fr
ku,label_email,same_as_fr
ku,label_password,same_as_fr
ku,label_initial_balance,same_as_fr
ku,cta_login,same_as_fr
ku,info_access,same_as_fr
ku,support_contact,same_as_fr
ku,footer_thanks,same_as_fr
ku,footer_brand,same_as_fr
ku,footer_partner,same_as_fr
ku,virement_success_subject,same_as_fr
ku,virement_success_title,same_as_fr
ku,virement_success_message,same_as_fr
ku,virement_failed_subject,same_as_fr
ku,virement_failed_title,same_as_fr
ku,virement_failed_message,same_as_fr
ku,details_title,same_as_fr
ku,label_amount,same_as_fr
ku,label_date,same_as_fr
ku,label_beneficiary,same_as_fr
ku,virement_notice,same_as_fr
ku,thanks,same_as_fr
ku,contact_support_for_info,same_as_fr
ku,regards,same_as_fr
ku,service_client,same_as_fr
ku,auto_generated_notice,same_as_fr
ku,compte_activated_title,same_as_fr
ku,compte_activated_heading,same_as_fr
ku,good_news,same_as_fr
ku,compte_activated_message,same_as_fr
ku,compte_activated_explanation,same_as_fr
ku,label_holder,same_as_fr
ku,label_current_balance,same_as_fr
ku,label_status,same_as_fr
ku,status_active,same_as_fr
ku,you_can_now,same_as_fr
ku,can_make_transfers,same_as_fr
ku,check_balance,same_as_fr
ku,manage_transactions,same_as_fr
ku,access_services,same_as_fr
ku,thanks_welcome,same_as_fr
ku,unlock_code_used_title,same_as_fr
ku,unlock_code_used_heading,same_as_fr
ku,greeting_simple,same_as_fr
ku,info_notification,same_as_fr
ku,unlock_code_used_alert,same_as_fr
ku,unlock_code_used_explanation,same_as_fr
ku,label_date_time,same_as_fr
ku,label_transfer_amount,same_as_fr
ku,label_recipient,same_as_fr
ku,urgent_if_not_you,same_as_fr
ku,contact_support_immediately,same_as_fr
ku,check_recent_transactions,same_as_fr
ku,change_access_codes,same_as_fr
ku,if_legitimate,same_as_fr
ku,client_can_finalize,same_as_fr
ku,transfer_unlock_code_title,same_as_fr
ku,transfer_unlock_heading,same_as_fr
ku,transfer_unlock_message_intro,same_as_fr
ku,transfer_unlock_code_label,same_as_fr
ku,your_unlock_code,same_as_fr
ku,do_not_share_unlock_code,same_as_fr
ku,unlock_code_personal_confidential,same_as_fr
ku,unlock_code_needed_finalize,same_as_fr
ku,contact_support_for_questions,same_as_fr
ku,welcome_title,same_as_fr
ku,welcome_heading,same_as_fr
ku,welcome_message,same_as_fr
ku,login_credentials_title,same_as_fr
ku,access_member_area,same_as_fr
ku,pleasure_to_assist,same_as_fr
ku,balance_decreased_title,same_as_fr
ku,balance_decreased_heading,same_as_fr
ku,balance_decreased_message,same_as_fr
ku,operation_details,same_as_fr
ku,label_amount_deducted,same_as_fr
ku,label_new_balance,same_as_fr
ku,contact_us_if_questions,same_as_fr
ku,balance_increased_title,same_as_fr
ku,balance_increased_heading,same_as_fr
ku,balance_increased_message,same_as_fr
ku,label_amount_added,same_as_fr
ku,thank_you_trust,same_as_fr
ku,refund_title,same_as_fr
ku,refund_heading,same_as_fr
ku,refund_message,same_as_fr
ku,transfer_details,same_as_fr
ku,label_transfer_date,same_as_fr
ku,label_transfer_reason,same_as_fr
ku,refund_amount_text,same_as_fr
ku,refund_apology_contact,same_as_fr
ku,mail_error_alert_title,same_as_fr
ku,system_alert,same_as_fr
ku,mail_send_failure_detected,same_as_fr
ku,email_sending_problem,same_as_fr
ku,email_send_failure_explanation,same_as_fr
ku,error_details,same_as_fr
ku,label_failed_recipient,same_as_fr
ku,label_context,same_as_fr
ku,label_error_message,same_as_fr
ku,possible_causes,same_as_fr
ku,cause_daily_limit,same_as_fr
ku,cause_daily_limit_details,same_as_fr
ku,cause_smtp_connection,same_as_fr
ku,cause_smtp_connection_details,same_as_fr
ku,cause_auth_failed,same_as_fr
ku,cause_auth_failed_details,same_as_fr
ku,cause_app_password_revoked,same_as_fr
ku,cause_app_password_revoked_details,same_as_fr
ku,recommended_actions,same_as_fr
ku,action_if_limit,same_as_fr
ku,action_if_limit_details,same_as_fr
ku,action_check_logs,same_as_fr
ku,action_check_logs_details,same_as_fr
ku,action_test_connection,same_as_fr
ku,action_check_config,same_as_fr
ku,action_check_config_details,same_as_fr
ku,action_regenerate_password,same_as_fr
ku,action_regenerate_password_details,same_as_fr
ku,system_information,same_as_fr
ku,label_smtp_server,same_as_fr
ku,label_port,same_as_fr
ku,label_account,same_as_fr
ku,label_environment,same_as_fr
ku,alert_auto_generated_notice,same_as_fr
ku,account_management_system,same_as_fr
ku,alert_generated_by_safemail,same_as_fr
ku,contact_technical_team,same_as_fr
ku,password_reset_title,same_as_fr
ku,password_reset_heading,same_as_fr
ku,greeting_simple_name,same_as_fr
ku,password_reset_reason,same_as_fr
ku,password_reset_click_link,same_as_fr
ku,password_reset_no_action_needed,same_as_fr
ku,thank_you_using_brand,same_as_fr
ky,compte_created_subject,same_as_fr
ky,compte_created_title,same_as_fr
ky,greeting,same_as_fr
ky,compte_created_message,same_as_fr
ky,credentials_title,same_as_fr
ky,label_email,same_as_fr
ky,label_password,same_as_fr
ky,label_initial_balance,same_as_fr
ky,cta_login,same_as_fr
ky,info_access,same_as_fr
ky,support_contact,same_as_fr
ky,footer_thanks,same_as_fr
ky,footer_brand,same_as_fr
ky,footer_partner,same_as_fr
ky,virement_success_subject,same_as_fr
ky,virement_success_title,same_as_fr
ky,virement_success_message,same_as_fr
ky,virement_failed_subject,same_as_fr
ky,virement_failed_title,same_as_fr
ky,virement_failed_message,same_as_fr
ky,details_title,same_as_fr
ky,label_amount,same_as_fr
ky,label_date,same_as_fr
ky,label_beneficiary,same_as_fr
ky,virement_notice,same_as_fr
ky,thanks,same_as_fr
ky,contact_support_for_info,same_as_fr
ky,regards,same_as_fr
ky,service_client,same_as_fr
ky,auto_generated_notice,same_as_fr
ky,compte_activated_title,same_as_fr
ky,compte_activated_heading,same_as_fr
ky,good_news,same_as_fr
ky,compte_activated_message,same_as_fr
ky,compte_activated_explanation,same_as_fr
ky,label_holder,same_as_fr
ky,label_current_balance,same_as_fr
ky,label_status,same_as_fr
ky,status_active,same_as_fr
ky,you_can_now,same_as_fr
ky,can_make_transfers,same_as_fr
ky,check_balance,same_as_fr
ky,manage_transactions,same_as_fr
ky,access_services,same_as_fr
ky,thanks_welcome,same_as_fr
ky,unlock_code_used_title,same_as_fr
ky,unlock_code_used_heading,same_as_fr
ky,greeting_simple,same_as_fr
ky,info_notification,same_as_fr
ky,unlock_code_used_alert,same_as_fr
ky,unlock_code_used_explanation,same_as_fr
ky,label_date_time,same_as_fr
ky,label_transfer_amount,same_as_fr
ky,label_recipient,same_as_fr
ky,urgent_if_not_you,same_as_fr
ky,contact_support_immediately,same_as_fr
ky,check_recent_transactions,same_as_fr
ky,change_access_codes,same_as_fr
ky,if_legitimate,same_as_fr
ky,client_can_finalize,same_as_fr
ky,transfer_unlock_code_title,same_as_fr
ky,transfer_unlock_heading,same_as_fr
ky,transfer_unlock_message_intro,same_as_fr
ky,transfer_unlock_code_label,same_as_fr
ky,your_unlock_code,same_as_fr
ky,do_not_share_unlock_code,same_as_fr
ky,unlock_code_personal_confidential,same_as_fr
ky,unlock_code_needed_finalize,same_as_fr
ky,contact_support_for_questions,same_as_fr
ky,welcome_title,same_as_fr
ky,welcome_heading,same_as_fr
ky,welcome_message,same_as_fr
ky,login_credentials_title,same_as_fr
ky,access_member_area,same_as_fr
ky,pleasure_to_assist,same_as_fr
ky,balance_decreased_title,same_as_fr
ky,balance_decreased_heading,same_as_fr
ky,balance_decreased_message,same_as_fr
ky,operation_details,same_as_fr
ky,label_amount_deducted,same_as_fr
ky,label_new_balance,same_as_fr
ky,contact_us_if_questions,same_as_fr
ky,balance_increased_title,same_as_fr
ky,balance_increased_heading,same_as_fr
ky,balance_increased_message,same_as_fr
ky,label_amount_added,same_as_fr
ky,thank_you_trust,same_as_fr
ky,refund_title,same_as_fr
ky,refund_heading,same_as_fr
ky,refund_message,same_as_fr
ky,transfer_details,same_as_fr
ky,label_transfer_date,same_as_fr
ky,label_transfer_reason,same_as_fr
ky,refund_amount_text,same_as_fr
ky,refund_apology_contact,same_as_fr
ky,mail_error_alert_title,same_as_fr
ky,system_alert,same_as_fr
ky,mail_send_failure_detected,same_as_fr
ky,email_sending_problem,same_as_fr
ky,email_send_failure_explanation,same_as_fr
ky,error_details,same_as_fr
ky,label_failed_recipient,same_as_fr
ky,label_context,same_as_fr
ky,label_error_message,same_as_fr
ky,possible_causes,same_as_fr
ky,cause_daily_limit,same_as_fr
ky,cause_daily_limit_details,same_as_fr
ky,cause_smtp_connection,same_as_fr
ky,cause_smtp_connection_details,same_as_fr
ky,cause_auth_failed,same_as_fr
ky,cause_auth_failed_details,same_as_fr
ky,cause_app_password_revoked,same_as_fr
ky,cause_app_password_revoked_details,same_as_fr
ky,recommended_actions,same_as_fr
ky,action_if_limit,same_as_fr
ky,action_if_limit_details,same_as_fr
ky,action_check_logs,same_as_fr
ky,action_check_logs_details,same_as_fr
ky,action_test_connection,same_as_fr
ky,action_check_config,same_as_fr
ky,action_check_config_details,same_as_fr
ky,action_regenerate_password,same_as_fr
ky,action_regenerate_password_details,same_as_fr
ky,system_information,same_as_fr
ky,label_smtp_server,same_as_fr
ky,label_port,same_as_fr
ky,label_account,same_as_fr
ky,label_environment,same_as_fr
ky,alert_auto_generated_notice,same_as_fr
ky,account_management_system,same_as_fr
ky,alert_generated_by_safemail,same_as_fr
ky,contact_technical_team,same_as_fr
ky,password_reset_title,same_as_fr
ky,password_reset_heading,same_as_fr
ky,greeting_simple_name,same_as_fr
ky,password_reset_reason,same_as_fr
ky,password_reset_click_link,same_as_fr
ky,password_reset_no_action_needed,same_as_fr
ky,thank_you_using_brand,same_as_fr
la,compte_created_subject,same_as_fr
la,compte_created_title,same_as_fr
la,greeting,same_as_fr
la,compte_created_message,same_as_fr
la,credentials_title,same_as_fr
la,label_email,same_as_fr
la,label_password,same_as_fr
la,label_initial_balance,same_as_fr
la,cta_login,same_as_fr
la,info_access,same_as_fr
la,support_contact,same_as_fr
la,footer_thanks,same_as_fr
la,footer_brand,same_as_fr
la,footer_partner,same_as_fr
la,virement_success_subject,same_as_fr
la,virement_success_title,same_as_fr
la,virement_success_message,same_as_fr
la,virement_failed_subject,same_as_fr
la,virement_failed_title,same_as_fr
la,virement_failed_message,same_as_fr
la,details_title,same_as_fr
la,label_amount,same_as_fr
la,label_date,same_as_fr
la,label_beneficiary,same_as_fr
la,virement_notice,same_as_fr
la,thanks,same_as_fr
la,contact_support_for_info,same_as_fr
la,regards,same_as_fr
la,service_client,same_as_fr
la,auto_generated_notice,same_as_fr
la,compte_activated_title,same_as_fr
la,compte_activated_heading,same_as_fr
la,good_news,same_as_fr
la,compte_activated_message,same_as_fr
la,compte_activated_explanation,same_as_fr
la,label_holder,same_as_fr
la,label_current_balance,same_as_fr
la,label_status,same_as_fr
la,status_active,same_as_fr
la,you_can_now,same_as_fr
la,can_make_transfers,same_as_fr
la,check_balance,same_as_fr
la,manage_transactions,same_as_fr
la,access_services,same_as_fr
la,thanks_welcome,same_as_fr
la,unlock_code_used_title,same_as_fr
la,unlock_code_used_heading,same_as_fr
la,greeting_simple,same_as_fr
la,info_notification,same_as_fr
la,unlock_code_used_alert,same_as_fr
la,unlock_code_used_explanation,same_as_fr
la,label_date_time,same_as_fr
la,label_transfer_amount,same_as_fr
la,label_recipient,same_as_fr
la,urgent_if_not_you,same_as_fr
la,contact_support_immediately,same_as_fr
la,check_recent_transactions,same_as_fr
la,change_access_codes,same_as_fr
la,if_legitimate,same_as_fr
la,client_can_finalize,same_as_fr
la,transfer_unlock_code_title,same_as_fr
la,transfer_unlock_heading,same_as_fr
la,transfer_unlock_message_intro,same_as_fr
la,transfer_unlock_code_label,same_as_fr
la,your_unlock_code,same_as_fr
la,do_not_share_unlock_code,same_as_fr
la,unlock_code_personal_confidential,same_as_fr
la,unlock_code_needed_finalize,same_as_fr
la,contact_support_for_questions,same_as_fr
la,welcome_title,same_as_fr
la,welcome_heading,same_as_fr
la,welcome_message,same_as_fr
la,login_credentials_title,same_as_fr
la,access_member_area,same_as_fr
la,pleasure_to_assist,same_as_fr
la,balance_decreased_title,same_as_fr
la,balance_decreased_heading,same_as_fr
la,balance_decreased_message,same_as_fr
la,operation_details,same_as_fr
la,label_amount_deducted,same_as_fr
la,label_new_balance,same_as_fr
la,contact_us_if_questions,same_as_fr
la,balance_increased_title,same_as_fr
la,balance_increased_heading,same_as_fr
la,balance_increased_message,same_as_fr
la,label_amount_added,same_as_fr
la,thank_you_trust,same_as_fr
la,refund_title,same_as_fr
la,refund_heading,same_as_fr
la,refund_message,same_as_fr
la,transfer_details,same_as_fr
la,label_transfer_date,same_as_fr
la,label_transfer_reason,same_as_fr
la,refund_amount_text,same_as_fr
la,refund_apology_contact,same_as_fr
la,mail_error_alert_title,same_as_fr
la,system_alert,same_as_fr
la,mail_send_failure_detected,same_as_fr
la,email_sending_problem,same_as_fr
la,email_send_failure_explanation,same_as_fr
la,error_details,same_as_fr
la,label_failed_recipient,same_as_fr
la,label_context,same_as_fr
la,label_error_message,same_as_fr
la,possible_causes,same_as_fr
la,cause_daily_limit,same_as_fr
la,cause_daily_limit_details,same_as_fr
la,cause_smtp_connection,same_as_fr
la,cause_smtp_connection_details,same_as_fr
la,cause_auth_failed,same_as_fr
la,cause_auth_failed_details,same_as_fr
la,cause_app_password_revoked,same_as_fr
la,cause_app_password_revoked_details,same_as_fr
la,recommended_actions,same_as_fr
la,action_if_limit,same_as_fr
la,action_if_limit_details,same_as_fr
la,action_check_logs,same_as_fr
la,action_check_logs_details,same_as_fr
la,action_test_connection,same_as_fr
la,action_check_config,same_as_fr
la,action_check_config_details,same_as_fr
la,action_regenerate_password,same_as_fr
la,action_regenerate_password_details,same_as_fr
la,system_information,same_as_fr
la,label_smtp_server,same_as_fr
la,label_port,same_as_fr
la,label_account,same_as_fr
la,label_environment,same_as_fr
la,alert_auto_generated_notice,same_as_fr
la,account_management_system,same_as_fr
la,alert_generated_by_safemail,same_as_fr
la,contact_technical_team,same_as_fr
la,password_reset_title,same_as_fr
la,password_reset_heading,same_as_fr
la,greeting_simple_name,same_as_fr
la,password_reset_reason,same_as_fr
la,password_reset_click_link,same_as_fr
la,password_reset_no_action_needed,same_as_fr
la,thank_you_using_brand,same_as_fr
lb,compte_created_subject,same_as_fr
lb,compte_created_title,same_as_fr
lb,greeting,same_as_fr
lb,compte_created_message,same_as_fr
lb,credentials_title,same_as_fr
lb,label_email,same_as_fr
lb,label_password,same_as_fr
lb,label_initial_balance,same_as_fr
lb,cta_login,same_as_fr
lb,info_access,same_as_fr
lb,support_contact,same_as_fr
lb,footer_thanks,same_as_fr
lb,footer_brand,same_as_fr
lb,footer_partner,same_as_fr
lb,virement_success_subject,same_as_fr
lb,virement_success_title,same_as_fr
lb,virement_success_message,same_as_fr
lb,virement_failed_subject,same_as_fr
lb,virement_failed_title,same_as_fr
lb,virement_failed_message,same_as_fr
lb,details_title,same_as_fr
lb,label_amount,same_as_fr
lb,label_date,same_as_fr
lb,label_beneficiary,same_as_fr
lb,virement_notice,same_as_fr
lb,thanks,same_as_fr
lb,contact_support_for_info,same_as_fr
lb,regards,same_as_fr
lb,service_client,same_as_fr
lb,auto_generated_notice,same_as_fr
lb,compte_activated_title,same_as_fr
lb,compte_activated_heading,same_as_fr
lb,good_news,same_as_fr
lb,compte_activated_message,same_as_fr
lb,compte_activated_explanation,same_as_fr
lb,label_holder,same_as_fr
lb,label_current_balance,same_as_fr
lb,label_status,same_as_fr
lb,status_active,same_as_fr
lb,you_can_now,same_as_fr
lb,can_make_transfers,same_as_fr
lb,check_balance,same_as_fr
lb,manage_transactions,same_as_fr
lb,access_services,same_as_fr
lb,thanks_welcome,same_as_fr
lb,unlock_code_used_title,same_as_fr
lb,unlock_code_used_heading,same_as_fr
lb,greeting_simple,same_as_fr
lb,info_notification,same_as_fr
lb,unlock_code_used_alert,same_as_fr
lb,unlock_code_used_explanation,same_as_fr
lb,label_date_time,same_as_fr
lb,label_transfer_amount,same_as_fr
lb,label_recipient,same_as_fr
lb,urgent_if_not_you,same_as_fr
lb,contact_support_immediately,same_as_fr
lb,check_recent_transactions,same_as_fr
lb,change_access_codes,same_as_fr
lb,if_legitimate,same_as_fr
lb,client_can_finalize,same_as_fr
lb,transfer_unlock_code_title,same_as_fr
lb,transfer_unlock_heading,same_as_fr
lb,transfer_unlock_message_intro,same_as_fr
lb,transfer_unlock_code_label,same_as_fr
lb,your_unlock_code,same_as_fr
lb,do_not_share_unlock_code,same_as_fr
lb,unlock_code_personal_confidential,same_as_fr
lb,unlock_code_needed_finalize,same_as_fr
lb,contact_support_for_questions,same_as_fr
lb,welcome_title,same_as_fr
lb,welcome_heading,same_as_fr
lb,welcome_message,same_as_fr
lb,login_credentials_title,same_as_fr
lb,access_member_area,same_as_fr
lb,pleasure_to_assist,same_as_fr
lb,balance_decreased_title,same_as_fr
lb,balance_decreased_heading,same_as_fr
lb,balance_decreased_message,same_as_fr
lb,operation_details,same_as_fr
lb,label_amount_deducted,same_as_fr
lb,label_new_balance,same_as_fr
lb,contact_us_if_questions,same_as_fr
lb,balance_increased_title,same_as_fr
lb,balance_increased_heading,same_as_fr
lb,balance_increased_message,same_as_fr
lb,label_amount_added,same_as_fr
lb,thank_you_trust,same_as_fr
lb,refund_title,same_as_fr
lb,refund_heading,same_as_fr
lb,refund_message,same_as_fr
lb,transfer_details,same_as_fr
lb,label_transfer_date,same_as_fr
lb,label_transfer_reason,same_as_fr
lb,refund_amount_text,same_as_fr
lb,refund_apology_contact,same_as_fr
lb,mail_error_alert_title,same_as_fr
lb,system_alert,same_as_fr
lb,mail_send_failure_detected,same_as_fr
lb,email_sending_problem,same_as_fr
lb,email_send_failure_explanation,same_as_fr
lb,error_details,same_as_fr
lb,label_failed_recipient,same_as_fr
lb,label_context,same_as_fr
lb,label_error_message,same_as_fr
lb,possible_causes,same_as_fr
lb,cause_daily_limit,same_as_fr
lb,cause_daily_limit_details,same_as_fr
lb,cause_smtp_connection,same_as_fr
lb,cause_smtp_connection_details,same_as_fr
lb,cause_auth_failed,same_as_fr
lb,cause_auth_failed_details,same_as_fr
lb,cause_app_password_revoked,same_as_fr
lb,cause_app_password_revoked_details,same_as_fr
lb,recommended_actions,same_as_fr
lb,action_if_limit,same_as_fr
lb,action_if_limit_details,same_as_fr
lb,action_check_logs,same_as_fr
lb,action_check_logs_details,same_as_fr
lb,action_test_connection,same_as_fr
lb,action_check_config,same_as_fr
lb,action_check_config_details,same_as_fr
lb,action_regenerate_password,same_as_fr
lb,action_regenerate_password_details,same_as_fr
lb,system_information,same_as_fr
lb,label_smtp_server,same_as_fr
lb,label_port,same_as_fr
lb,label_account,same_as_fr
lb,label_environment,same_as_fr
lb,alert_auto_generated_notice,same_as_fr
lb,account_management_system,same_as_fr
lb,alert_generated_by_safemail,same_as_fr
lb,contact_technical_team,same_as_fr
lb,password_reset_title,same_as_fr
lb,password_reset_heading,same_as_fr
lb,greeting_simple_name,same_as_fr
lb,password_reset_reason,same_as_fr
lb,password_reset_click_link,same_as_fr
lb,password_reset_no_action_needed,same_as_fr
lb,thank_you_using_brand,same_as_fr
lo,compte_created_subject,same_as_fr
lo,compte_created_title,same_as_fr
lo,greeting,same_as_fr
lo,compte_created_message,same_as_fr
lo,credentials_title,same_as_fr
lo,label_email,same_as_fr
lo,label_password,same_as_fr
lo,label_initial_balance,same_as_fr
lo,cta_login,same_as_fr
lo,info_access,same_as_fr
lo,support_contact,same_as_fr
lo,footer_thanks,same_as_fr
lo,footer_brand,same_as_fr
lo,footer_partner,same_as_fr
lo,virement_success_subject,same_as_fr
lo,virement_success_title,same_as_fr
lo,virement_success_message,same_as_fr
lo,virement_failed_subject,same_as_fr
lo,virement_failed_title,same_as_fr
lo,virement_failed_message,same_as_fr
lo,details_title,same_as_fr
lo,label_amount,same_as_fr
lo,label_date,same_as_fr
lo,label_beneficiary,same_as_fr
lo,virement_notice,same_as_fr
lo,thanks,same_as_fr
lo,contact_support_for_info,same_as_fr
lo,regards,same_as_fr
lo,service_client,same_as_fr
lo,auto_generated_notice,same_as_fr
lo,compte_activated_title,same_as_fr
lo,compte_activated_heading,same_as_fr
lo,good_news,same_as_fr
lo,compte_activated_message,same_as_fr
lo,compte_activated_explanation,same_as_fr
lo,label_holder,same_as_fr
lo,label_current_balance,same_as_fr
lo,label_status,same_as_fr
lo,status_active,same_as_fr
lo,you_can_now,same_as_fr
lo,can_make_transfers,same_as_fr
lo,check_balance,same_as_fr
lo,manage_transactions,same_as_fr
lo,access_services,same_as_fr
lo,thanks_welcome,same_as_fr
lo,unlock_code_used_title,same_as_fr
lo,unlock_code_used_heading,same_as_fr
lo,greeting_simple,same_as_fr
lo,info_notification,same_as_fr
lo,unlock_code_used_alert,same_as_fr
lo,unlock_code_used_explanation,same_as_fr
lo,label_date_time,same_as_fr
lo,label_transfer_amount,same_as_fr
lo,label_recipient,same_as_fr
lo,urgent_if_not_you,same_as_fr
lo,contact_support_immediately,same_as_fr
lo,check_recent_transactions,same_as_fr
lo,change_access_codes,same_as_fr
lo,if_legitimate,same_as_fr
lo,client_can_finalize,same_as_fr
lo,transfer_unlock_code_title,same_as_fr
lo,transfer_unlock_heading,same_as_fr
lo,transfer_unlock_message_intro,same_as_fr
lo,transfer_unlock_code_label,same_as_fr
lo,your_unlock_code,same_as_fr
lo,do_not_share_unlock_code,same_as_fr
lo,unlock_code_personal_confidential,same_as_fr
lo,unlock_code_needed_finalize,same_as_fr
lo,contact_support_for_questions,same_as_fr
lo,welcome_title,same_as_fr
lo,welcome_heading,same_as_fr
lo,welcome_message,same_as_fr
lo,login_credentials_title,same_as_fr
lo,access_member_area,same_as_fr
lo,pleasure_to_assist,same_as_fr
lo,balance_decreased_title,same_as_fr
lo,balance_decreased_heading,same_as_fr
lo,balance_decreased_message,same_as_fr
lo,operation_details,same_as_fr
lo,label_amount_deducted,same_as_fr
lo,label_new_balance,same_as_fr
lo,contact_us_if_questions,same_as_fr
lo,balance_increased_title,same_as_fr
lo,balance_increased_heading,same_as_fr
lo,balance_increased_message,same_as_fr
lo,label_amount_added,same_as_fr
lo,thank_you_trust,same_as_fr
lo,refund_title,same_as_fr
lo,refund_heading,same_as_fr
lo,refund_message,same_as_fr
lo,transfer_details,same_as_fr
lo,label_transfer_date,same_as_fr
lo,label_transfer_reason,same_as_fr
lo,refund_amount_text,same_as_fr
lo,refund_apology_contact,same_as_fr
lo,mail_error_alert_title,same_as_fr
lo,system_alert,same_as_fr
lo,mail_send_failure_detected,same_as_fr
lo,email_sending_problem,same_as_fr
lo,email_send_failure_explanation,same_as_fr
lo,error_details,same_as_fr
lo,label_failed_recipient,same_as_fr
lo,label_context,same_as_fr
lo,label_error_message,same_as_fr
lo,possible_causes,same_as_fr
lo,cause_daily_limit,same_as_fr
lo,cause_daily_limit_details,same_as_fr
lo,cause_smtp_connection,same_as_fr
lo,cause_smtp_connection_details,same_as_fr
lo,cause_auth_failed,same_as_fr
lo,cause_auth_failed_details,same_as_fr
lo,cause_app_password_revoked,same_as_fr
lo,cause_app_password_revoked_details,same_as_fr
lo,recommended_actions,same_as_fr
lo,action_if_limit,same_as_fr
lo,action_if_limit_details,same_as_fr
lo,action_check_logs,same_as_fr
lo,action_check_logs_details,same_as_fr
lo,action_test_connection,same_as_fr
lo,action_check_config,same_as_fr
lo,action_check_config_details,same_as_fr
lo,action_regenerate_password,same_as_fr
lo,action_regenerate_password_details,same_as_fr
lo,system_information,same_as_fr
lo,label_smtp_server,same_as_fr
lo,label_port,same_as_fr
lo,label_account,same_as_fr
lo,label_environment,same_as_fr
lo,alert_auto_generated_notice,same_as_fr
lo,account_management_system,same_as_fr
lo,alert_generated_by_safemail,same_as_fr
lo,contact_technical_team,same_as_fr
lo,password_reset_title,same_as_fr
lo,password_reset_heading,same_as_fr
lo,greeting_simple_name,same_as_fr
lo,password_reset_reason,same_as_fr
lo,password_reset_click_link,same_as_fr
lo,password_reset_no_action_needed,same_as_fr
lo,thank_you_using_brand,same_as_fr
lt,label_email,same_as_fr
lt,footer_brand,same_as_fr
lt,label_date,same_as_fr
lt,label_port,same_as_fr
lt,compte_created_subject,same_as_en
lt,compte_created_title,same_as_en
lt,greeting,same_as_en
lt,credentials_title,same_as_en
lt,label_password,same_as_en
lt,label_initial_balance,same_as_en
lt,cta_login,same_as_en
lt,info_access,same_as_en
lt,footer_partner,same_as_en
lt,virement_success_subject,same_as_en
lt,virement_success_title,same_as_en
lt,virement_success_message,same_as_en
lt,virement_failed_subject,same_as_en
lt,virement_failed_title,same_as_en
lt,virement_failed_message,same_as_en
lt,details_title,same_as_en
lt,label_amount,same_as_en
lt,label_beneficiary,same_as_en
lt,virement_notice,same_as_en
lt,thanks,same_as_en
lt,regards,same_as_en
lt,service_client,same_as_en
lt,auto_generated_notice,same_as_en
lt,compte_activated_title,same_as_en
lt,compte_activated_heading,same_as_en
lt,good_news,same_as_en
lt,compte_activated_message,same_as_en
lt,compte_activated_explanation,same_as_en
lt,label_holder,same_as_en
lt,label_current_balance,same_as_en
lt,label_status,same_as_en
lt,status_active,same_as_en
lt,you_can_now,same_as_en
lt,can_make_transfers,same_as_en
lt,check_balance,same_as_en
lt,manage_transactions,same_as_en
lt,access_services,same_as_en
lt,thanks_welcome,same_as_en
lt,unlock_code_used_title,same_as_en
lt,unlock_code_used_heading,same_as_en
lt,greeting_simple,same_as_en
lt,info_notification,same_as_en
lt,label_date_time,same_as_en
lt,label_transfer_amount,same_as_en
lt,label_recipient,same_as_en
lt,contact_support_immediately,same_as_en
lt,check_recent_transactions,same_as_en
lt,if_legitimate,same_as_en
lt,client_can_finalize,same_as_en
lt,transfer_unlock_code_title,same_as_en
lt,transfer_unlock_heading,same_as_en
lt,transfer_unlock_message_intro,same_as_en
lt,transfer_unlock_code_label,same_as_en
lt,your_unlock_code,same_as_en
lt,do_not_share_unlock_code,same_as_en
lt,unlock_code_personal_confidential,same_as_en
lt,unlock_code_needed_finalize,same_as_en
lt,contact_support_for_questions,same_as_en
lt,welcome_title,same_as_en
lt,welcome_heading,same_as_en
lt,login_credentials_title,same_as_en
lt,pleasure_to_assist,same_as_en
lt,balance_decreased_title,same_as_en
lt,balance_decreased_heading,same_as_en
lt,balance_decreased_message,same_as_en
lt,label_amount_deducted,same_as_en
lt,label_new_balance,same_as_en
lt,balance_increased_title,same_as_en
lt,balance_increased_heading,same_as_en
lt,balance_increased_message,same_as_en
lt,label_amount_added,same_as_en
lt,thank_you_trust,same_as_en
lt,refund_title,same_as_en
lt,refund_heading,same_as_en
lt,refund_message,same_as_en
lt,transfer_details,same_as_en
lt,label_transfer_date,same_as_en
lt,label_transfer_reason,same_as_en
lt,refund_amount_text,same_as_en
lt,mail_error_alert_title,same_as_en
lt,system_alert,same_as_en
lt,label_failed_recipient,same_as_en
lt,label_context,same_as_en
lt,possible_causes,same_as_en
lt,cause_daily_limit,same_as_en
lt,cause_smtp_connection,same_as_en
lt,cause_smtp_connection_details,same_as_en
lt,cause_auth_failed,same_as_en
lt,cause_auth_failed_details,same_as_en
lt,recommended_actions,same_as_en
lt,action_if_limit,same_as_en
lt,action_check_logs,same_as_en
lt,action_check_logs_details,same_as_en
lt,action_test_connection,same_as_en
lt,action_check_config,same_as_en
lt,action_check_config_details,same_as_en
lt,action_regenerate_password,same_as_en
lt,system_information,same_as_en
lt,label_smtp_server,same_as_en
lt,label_account,same_as_en
lt,label_environment,same_as_en
lt,account_management_system,same_as_en
lt,alert_generated_by_safemail,same_as_en
lt,contact_technical_team,same_as_en
lt,password_reset_title,same_as_en
lt,password_reset_heading,same_as_en
lt,greeting_simple_name,same_as_en
lt,password_reset_reason,same_as_en
lt,password_reset_click_link,same_as_en
lt,compte_created_message,translated
lt,support_contact,translated
lt,footer_thanks,translated
lt,contact_support_for_info,translated
lt,unlock_code_used_alert,translated
lt,unlock_code_used_explanation,translated
lt,urgent_if_not_you,translated
lt,change_access_codes,translated
lt,welcome_message,translated
lt,access_member_area,translated
lt,operation_details,translated
lt,contact_us_if_questions,translated
lt,refund_apology_contact,translated
lt,mail_send_failure_detected,translated
lt,email_sending_problem,translated
lt,email_send_failure_explanation,translated
lt,error_details,translated
lt,label_error_message,translated
lt,cause_daily_limit_details,translated
lt,cause_app_password_revoked,translated
lt,cause_app_password_revoked_details,translated
lt,action_if_limit_details,translated
lt,action_regenerate_password_details,translated
lt,alert_auto_generated_notice,translated
lt,password_reset_no_action_needed,translated
lt,thank_you_using_brand,translated
lv,label_email,same_as_fr
lv,footer_brand,same_as_fr
lv,label_date,same_as_fr
lv,label_port,same_as_fr
lv,compte_created_subject,same_as_en
lv,compte_created_title,same_as_en
lv,greeting,same_as_en
lv,credentials_title,same_as_en
lv,label_password,same_as_en
lv,label_initial_balance,same_as_en
lv,cta_login,same_as_en
lv,info_access,same_as_en
lv,footer_partner,same_as_en
lv,virement_success_subject,same_as_en
lv,virement_success_title,same_as_en
lv,virement_success_message,same_as_en
lv,virement_failed_subject,same_as_en
lv,virement_failed_title,same_as_en
lv,virement_failed_message,same_as_en
lv,details_title,same_as_en
lv,label_amount,same_as_en
lv,label_beneficiary,same_as_en
lv,virement_notice,same_as_en
lv,thanks,same_as_en
lv,regards,same_as_en
lv,service_client,same_as_en
lv,auto_generated_notice,same_as_en
lv,compte_activated_title,same_as_en
lv,compte_activated_heading,same_as_en
lv,good_news,same_as_en
lv,compte_activated_message,same_as_en
lv,compte_activated_explanation,same_as_en
lv,label_holder,same_as_en
lv,label_current_balance,same_as_en
lv,label_status,same_as_en
lv,status_active,same_as_en
lv,you_can_now,same_as_en
lv,can_make_transfers,same_as_en
lv,check_balance,same_as_en
lv,manage_transactions,same_as_en
lv,access_services,same_as_en
lv,thanks_welcome,same_as_en
lv,unlock_code_used_title,same_as_en
lv,unlock_code_used_heading,same_as_en
lv,greeting_simple,same_as_en
lv,info_notification,same_as_en
lv,label_date_time,same_as_en
lv,label_transfer_amount,same_as_en
lv,label_recipient,same_as_en
lv,contact_support_immediately,same_as_en
lv,check_recent_transactions,same_as_en
lv,if_legitimate,same_as_en
lv,client_can_finalize,same_as_en
lv,transfer_unlock_code_title,same_as_en
lv,transfer_unlock_heading,same_as_en
lv,transfer_unlock_message_intro,same_as_en
lv,transfer_unlock_code_label,same_as_en
lv,your_unlock_code,same_as_en
lv,do_not_share_unlock_code,same_as_en
lv,unlock_code_personal_confidential,same_as_en
lv,unlock_code_needed_finalize,same_as_en
lv,contact_support_for_questions,same_as_en
lv,welcome_title,same_as_en
lv,welcome_heading,same_as_en
lv,login_credentials_title,same_as_en
lv,pleasure_to_assist,same_as_en
lv,balance_decreased_title,same_as_en
lv,balance_decreased_heading,same_as_en
lv,balance_decreased_message,same_as_en
lv,label_amount_deducted,same_as_en
lv,label_new_balance,same_as_en
lv,balance_increased_title,same_as_en
lv,balance_increased_heading,same_as_en
lv,balance_increased_message,same_as_en
lv,label_amount_added,same_as_en
lv,thank_you_trust,same_as_en
lv,refund_title,same_as_en
lv,refund_heading,same_as_en
lv,refund_message,same_as_en
lv,transfer_details,same_as_en
lv,label_transfer_date,same_as_en
lv,label_transfer_reason,same_as_en
lv,refund_amount_text,same_as_en
lv,mail_error_alert_title,same_as_en
lv,system_alert,same_as_en
lv,label_failed_recipient,same_as_en
lv,label_context,same_as_en
lv,possible_causes,same_as_en
lv,cause_daily_limit,same_as_en
lv,cause_smtp_connection,same_as_en
lv,cause_smtp_connection_details,same_as_en
lv,cause_auth_failed,same_as_en
lv,cause_auth_failed_details,same_as_en
lv,recommended_actions,same_as_en
lv,action_if_limit,same_as_en
lv,action_check_logs,same_as_en
lv,action_check_logs_details,same_as_en
lv,action_test_connection,same_as_en
lv,action_check_config,same_as_en
lv,action_check_config_details,same_as_en
lv,action_regenerate_password,same_as_en
lv,system_information,same_as_en
lv,label_smtp_server,same_as_en
lv,label_account,same_as_en
lv,label_environment,same_as_en
lv,account_management_system,same_as_en
lv,alert_generated_by_safemail,same_as_en
lv,contact_technical_team,same_as_en
lv,password_reset_title,same_as_en
lv,password_reset_heading,same_as_en
lv,greeting_simple_name,same_as_en
lv,password_reset_reason,same_as_en
lv,password_reset_click_link,same_as_en
lv,compte_created_message,translated
lv,support_contact,translated
lv,footer_thanks,translated
lv,contact_support_for_info,translated
lv,unlock_code_used_alert,translated
lv,unlock_code_used_explanation,translated
lv,urgent_if_not_you,translated
lv,change_access_codes,translated
lv,welcome_message,translated
lv,access_member_area,translated
lv,operation_details,translated
lv,contact_us_if_questions,translated
lv,refund_apology_contact,translated
lv,mail_send_failure_detected,translated
lv,email_sending_problem,translated
lv,email_send_failure_explanation,translated
lv,error_details,translated
lv,label_error_message,translated
lv,cause_daily_limit_details,translated
lv,cause_app_password_revoked,translated
lv,cause_app_password_revoked_details,translated
lv,action_if_limit_details,translated
lv,action_regenerate_password_details,translated
lv,alert_auto_generated_notice,translated
lv,password_reset_no_action_needed,translated
lv,thank_you_using_brand,translated
mg,compte_created_subject,same_as_fr
mg,compte_created_title,same_as_fr
mg,greeting,same_as_fr
mg,compte_created_message,same_as_fr
mg,credentials_title,same_as_fr
mg,label_email,same_as_fr
mg,label_password,same_as_fr
mg,label_initial_balance,same_as_fr
mg,cta_login,same_as_fr
mg,info_access,same_as_fr
mg,support_contact,same_as_fr
mg,footer_thanks,same_as_fr
mg,footer_brand,same_as_fr
mg,footer_partner,same_as_fr
mg,virement_success_subject,same_as_fr
mg,virement_success_title,same_as_fr
mg,virement_success_message,same_as_fr
mg,virement_failed_subject,same_as_fr
mg,virement_failed_title,same_as_fr
mg,virement_failed_message,same_as_fr
mg,details_title,same_as_fr
mg,label_amount,same_as_fr
mg,label_date,same_as_fr
mg,label_beneficiary,same_as_fr
mg,virement_notice,same_as_fr
mg,thanks,same_as_fr
mg,contact_support_for_info,same_as_fr
mg,regards,same_as_fr
mg,service_client,same_as_fr
mg,auto_generated_notice,same_as_fr
mg,compte_activated_title,same_as_fr
mg,compte_activated_heading,same_as_fr
mg,good_news,same_as_fr
mg,compte_activated_message,same_as_fr
mg,compte_activated_explanation,same_as_fr
mg,label_holder,same_as_fr
mg,label_current_balance,same_as_fr
mg,label_status,same_as_fr
mg,status_active,same_as_fr
mg,you_can_now,same_as_fr
mg,can_make_transfers,same_as_fr
mg,check_balance,same_as_fr
mg,manage_transactions,same_as_fr
mg,access_services,same_as_fr
mg,thanks_welcome,same_as_fr
mg,unlock_code_used_title,same_as_fr
mg,unlock_code_used_heading,same_as_fr
mg,greeting_simple,same_as_fr
mg,info_notification,same_as_fr
mg,unlock_code_used_alert,same_as_fr
mg,unlock_code_used_explanation,same_as_fr
mg,label_date_time,same_as_fr
mg,label_transfer_amount,same_as_fr
mg,label_recipient,same_as_fr
mg,urgent_if_not_you,same_as_fr
mg,contact_support_immediately,same_as_fr
mg,check_recent_transactions,same_as_fr
mg,change_access_codes,same_as_fr
mg,if_legitimate,same_as_fr
mg,client_can_finalize,same_as_fr
mg,transfer_unlock_code_title,same_as_fr
mg,transfer_unlock_heading,same_as_fr
mg,transfer_unlock_message_intro,same_as_fr
mg,transfer_unlock_code_label,same_as_fr
mg,your_unlock_code,same_as_fr
mg,do_not_share_unlock_code,same_as_fr
mg,unlock_code_personal_confidential,same_as_fr
mg,unlock_code_needed_finalize,same_as_fr
mg,contact_support_for_questions,same_as_fr
mg,welcome_title,same_as_fr
mg,welcome_heading,same_as_fr
mg,welcome_message,same_as_fr
mg,login_credentials_title,same_as_fr
mg,access_member_area,same_as_fr
mg,pleasure_to_assist,same_as_fr
mg,balance_decreased_title,same_as_fr
mg,balance_decreased_heading,same_as_fr
mg,balance_decreased_message,same_as_fr
mg,operation_details,same_as_fr
mg,label_amount_deducted,same_as_fr
mg,label_new_balance,same_as_fr
mg,contact_us_if_questions,same_as_fr
mg,balance_increased_title,same_as_fr
mg,balance_increased_heading,same_as_fr
mg,balance_increased_message,same_as_fr
mg,label_amount_added,same_as_fr
mg,thank_you_trust,same_as_fr
mg,refund_title,same_as_fr
mg,refund_heading,same_as_fr
mg,refund_message,same_as_fr
mg,transfer_details,same_as_fr
mg,label_transfer_date,same_as_fr
mg,label_transfer_reason,same_as_fr
mg,refund_amount_text,same_as_fr
mg,refund_apology_contact,same_as_fr
mg,mail_error_alert_title,same_as_fr
mg,system_alert,same_as_fr
mg,mail_send_failure_detected,same_as_fr
mg,email_sending_problem,same_as_fr
mg,email_send_failure_explanation,same_as_fr
mg,error_details,same_as_fr
mg,label_failed_recipient,same_as_fr
mg,label_context,same_as_fr
mg,label_error_message,same_as_fr
mg,possible_causes,same_as_fr
mg,cause_daily_limit,same_as_fr
mg,cause_daily_limit_details,same_as_fr
mg,cause_smtp_connection,same_as_fr
mg,cause_smtp_connection_details,same_as_fr
mg,cause_auth_failed,same_as_fr
mg,cause_auth_failed_details,same_as_fr
mg,cause_app_password_revoked,same_as_fr
mg,cause_app_password_revoked_details,same_as_fr
mg,recommended_actions,same_as_fr
mg,action_if_limit,same_as_fr
mg,action_if_limit_details,same_as_fr
mg,action_check_logs,same_as_fr
mg,action_check_logs_details,same_as_fr
mg,action_test_connection,same_as_fr
mg,action_check_config,same_as_fr
mg,action_check_config_details,same_as_fr
mg,action_regenerate_password,same_as_fr
mg,action_regenerate_password_details,same_as_fr
mg,system_information,same_as_fr
mg,label_smtp_server,same_as_fr
mg,label_port,same_as_fr
mg,label_account,same_as_fr
mg,label_environment,same_as_fr
mg,alert_auto_generated_notice,same_as_fr
mg,account_management_system,same_as_fr
mg,alert_generated_by_safemail,same_as_fr
mg,contact_technical_team,same_as_fr
mg,password_reset_title,same_as_fr
mg,password_reset_heading,same_as_fr
mg,greeting_simple_name,same_as_fr
mg,password_reset_reason,same_as_fr
mg,password_reset_click_link,same_as_fr
mg,password_reset_no_action_needed,same_as_fr
mg,thank_you_using_brand,same_as_fr
mi,compte_created_subject,same_as_fr
mi,compte_created_title,same_as_fr
mi,greeting,same_as_fr
mi,compte_created_message,same_as_fr
mi,credentials_title,same_as_fr
mi,label_email,same_as_fr
mi,label_password,same_as_fr
mi,label_initial_balance,same_as_fr
mi,cta_login,same_as_fr
mi,info_access,same_as_fr
mi,support_contact,same_as_fr
mi,footer_thanks,same_as_fr
mi,footer_brand,same_as_fr
mi,footer_partner,same_as_fr
mi,virement_success_subject,same_as_fr
mi,virement_success_title,same_as_fr
mi,virement_success_message,same_as_fr
mi,virement_failed_subject,same_as_fr
mi,virement_failed_title,same_as_fr
mi,virement_failed_message,same_as_fr
mi,details_title,same_as_fr
mi,label_amount,same_as_fr
mi,label_date,same_as_fr
mi,label_beneficiary,same_as_fr
mi,virement_notice,same_as_fr
mi,thanks,same_as_fr
mi,contact_support_for_info,same_as_fr
mi,regards,same_as_fr
mi,service_client,same_as_fr
mi,auto_generated_notice,same_as_fr
mi,compte_activated_title,same_as_fr
mi,compte_activated_heading,same_as_fr
mi,good_news,same_as_fr
mi,compte_activated_message,same_as_fr
mi,compte_activated_explanation,same_as_fr
mi,label_holder,same_as_fr
mi,label_current_balance,same_as_fr
mi,label_status,same_as_fr
mi,status_active,same_as_fr
mi,you_can_now,same_as_fr
mi,can_make_transfers,same_as_fr
mi,check_balance,same_as_fr
mi,manage_transactions,same_as_fr
mi,access_services,same_as_fr
mi,thanks_welcome,same_as_fr
mi,unlock_code_used_title,same_as_fr
mi,unlock_code_used_heading,same_as_fr
mi,greeting_simple,same_as_fr
mi,info_notification,same_as_fr
mi,unlock_code_used_alert,same_as_fr
mi,unlock_code_used_explanation,same_as_fr
mi,label_date_time,same_as_fr
mi,label_transfer_amount,same_as_fr
mi,label_recipient,same_as_fr
mi,urgent_if_not_you,same_as_fr
mi,contact_support_immediately,same_as_fr
mi,check_recent_transactions,same_as_fr
mi,change_access_codes,same_as_fr
mi,if_legitimate,same_as_fr
mi,client_can_finalize,same_as_fr
mi,transfer_unlock_code_title,same_as_fr
mi,transfer_unlock_heading,same_as_fr
mi,transfer_unlock_message_intro,same_as_fr
mi,transfer_unlock_code_label,same_as_fr
mi,your_unlock_code,same_as_fr
mi,do_not_share_unlock_code,same_as_fr
mi,unlock_code_personal_confidential,same_as_fr
mi,unlock_code_needed_finalize,same_as_fr
mi,contact_support_for_questions,same_as_fr
mi,welcome_title,same_as_fr
mi,welcome_heading,same_as_fr
mi,welcome_message,same_as_fr
mi,login_credentials_title,same_as_fr
mi,access_member_area,same_as_fr
mi,pleasure_to_assist,same_as_fr
mi,balance_decreased_title,same_as_fr
mi,balance_decreased_heading,same_as_fr
mi,balance_decreased_message,same_as_fr
mi,operation_details,same_as_fr
mi,label_amount_deducted,same_as_fr
mi,label_new_balance,same_as_fr
mi,contact_us_if_questions,same_as_fr
mi,balance_increased_title,same_as_fr
mi,balance_increased_heading,same_as_fr
mi,balance_increased_message,same_as_fr
mi,label_amount_added,same_as_fr
mi,thank_you_trust,same_as_fr
mi,refund_title,same_as_fr
mi,refund_heading,same_as_fr
mi,refund_message,same_as_fr
mi,transfer_details,same_as_fr
mi,label_transfer_date,same_as_fr
mi,label_transfer_reason,same_as_fr
mi,refund_amount_text,same_as_fr
mi,refund_apology_contact,same_as_fr
mi,mail_error_alert_title,same_as_fr
mi,system_alert,same_as_fr
mi,mail_send_failure_detected,same_as_fr
mi,email_sending_problem,same_as_fr
mi,email_send_failure_explanation,same_as_fr
mi,error_details,same_as_fr
mi,label_failed_recipient,same_as_fr
mi,label_context,same_as_fr
mi,label_error_message,same_as_fr
mi,possible_causes,same_as_fr
mi,cause_daily_limit,same_as_fr
mi,cause_daily_limit_details,same_as_fr
mi,cause_smtp_connection,same_as_fr
mi,cause_smtp_connection_details,same_as_fr
mi,cause_auth_failed,same_as_fr
mi,cause_auth_failed_details,same_as_fr
mi,cause_app_password_revoked,same_as_fr
mi,cause_app_password_revoked_details,same_as_fr
mi,recommended_actions,same_as_fr
mi,action_if_limit,same_as_fr
mi,action_if_limit_details,same_as_fr
mi,action_check_logs,same_as_fr
mi,action_check_logs_details,same_as_fr
mi,action_test_connection,same_as_fr
mi,action_check_config,same_as_fr
mi,action_check_config_details,same_as_fr
mi,action_regenerate_password,same_as_fr
mi,action_regenerate_password_details,same_as_fr
mi,system_information,same_as_fr
mi,label_smtp_server,same_as_fr
mi,label_port,same_as_fr
mi,label_account,same_as_fr
mi,label_environment,same_as_fr
mi,alert_auto_generated_notice,same_as_fr
mi,account_management_system,same_as_fr
mi,alert_generated_by_safemail,same_as_fr
mi,contact_technical_team,same_as_fr
mi,password_reset_title,same_as_fr
mi,password_reset_heading,same_as_fr
mi,greeting_simple_name,same_as_fr
mi,password_reset_reason,same_as_fr
mi,password_reset_click_link,same_as_fr
mi,password_reset_no_action_needed,same_as_fr
mi,thank_you_using_brand,same_as_fr
mk,compte_created_subject,same_as_fr
mk,compte_created_title,same_as_fr
mk,greeting,same_as_fr
mk,credentials_title,same_as_fr
mk,label_email,same_as_fr
mk,label_password,same_as_fr
mk,label_initial_balance,same_as_fr
mk,cta_login,same_as_fr
mk,info_access,same_as_fr
mk,footer_brand,same_as_fr
mk,footer_partner,same_as_fr
mk,virement_success_subject,same_as_fr
mk,virement_success_title,same_as_fr
mk,virement_success_message,same_as_fr
mk,virement_failed_subject,same_as_fr
mk,virement_failed_title,same_as_fr
mk,virement_failed_message,same_as_fr
mk,details_title,same_as_fr
mk,label_amount,same_as_fr
mk,label_date,same_as_fr
mk,label_beneficiary,same_as_fr
mk,virement_notice,same_as_fr
mk,thanks,same_as_fr
mk,regards,same_as_fr
mk,service_client,same_as_fr
mk,auto_generated_notice,same_as_fr
mk,compte_activated_title,same_as_fr
mk,compte_activated_heading,same_as_fr
mk,good_news,same_as_fr
mk,compte_activated_message,same_as_fr
mk,compte_activated_explanation,same_as_fr
mk,label_holder,same_as_fr
mk,label_current_balance,same_as_fr
mk,label_status,same_as_fr
mk,status_active,same_as_fr
mk,you_can_now,same_as_fr
mk,can_make_transfers,same_as_fr
mk,check_balance,same_as_fr
mk,manage_transactions,same_as_fr
mk,access_services,same_as_fr
mk,thanks_welcome,same_as_fr
mk,unlock_code_used_title,same_as_fr
mk,unlock_code_used_heading,same_as_fr
mk,greeting_simple,same_as_fr
mk,info_notification,same_as_fr
mk,label_date_time,same_as_fr
mk,label_transfer_amount,same_as_fr
mk,label_recipient,same_as_fr
mk,contact_support_immediately,same_as_fr
mk,check_recent_transactions,same_as_fr
mk,if_legitimate,same_as_fr
mk,client_can_finalize,same_as_fr
mk,transfer_unlock_code_title,same_as_fr
mk,transfer_unlock_heading,same_as_fr
mk,transfer_unlock_message_intro,same_as_fr
mk,transfer_unlock_code_label,same_as_fr
mk,your_unlock_code,same_as_fr
mk,do_not_share_unlock_code,same_as_fr
mk,unlock_code_personal_confidential,same_as_fr
mk,unlock_code_needed_finalize,same_as_fr
mk,contact_support_for_questions,same_as_fr
mk,welcome_title,same_as_fr
mk,welcome_heading,same_as_fr
mk,login_credentials_title,same_as_fr
mk,pleasure_to_assist,same_as_fr
mk,balance_decreased_title,same_as_fr
mk,balance_decreased_heading,same_as_fr
mk,balance_decreased_message,same_as_fr
mk,label_amount_deducted,same_as_fr
mk,label_new_balance,same_as_fr
mk,balance_increased_title,same_as_fr
mk,balance_increased_heading,same_as_fr
mk,balance_increased_message,same_as_fr
mk,label_amount_added,same_as_fr
mk,thank_you_trust,same_as_fr
mk,refund_title,same_as_fr
mk,refund_heading,same_as_fr
mk,refund_message,same_as_fr
mk,transfer_details,same_as_fr
mk,label_transfer_date,same_as_fr
mk,label_transfer_reason,same_as_fr
mk,refund_amount_text,same_as_fr
mk,mail_error_alert_title,same_as_fr
mk,system_alert,same_as_fr
mk,label_failed_recipient,same_as_fr
mk,label_context,same_as_fr
mk,possible_causes,same_as_fr
mk,cause_daily_limit,same_as_fr
mk,cause_smtp_connection,same_as_fr
mk,cause_smtp_connection_details,same_as_fr
mk,cause_auth_failed,same_as_fr
mk,cause_auth_failed_details,same_as_fr
mk,recommended_actions,same_as_fr
mk,action_if_limit,same_as_fr
mk,action_check_logs,same_as_fr
mk,action_check_logs_details,same_as_fr
mk,action_test_connection,same_as_fr
mk,action_check_config,same_as_fr
mk,action_check_config_details,same_as_fr
mk,action_regenerate_password,same_as_fr
mk,system_information,same_as_fr
mk,label_smtp_server,same_as_fr
mk,label_port,same_as_fr
mk,label_account,same_as_fr
mk,label_environment,same_as_fr
mk,account_management_system,same_as_fr
mk,alert_generated_by_safemail,same_as_fr
mk,contact_technical_team,same_as_fr
mk,password_reset_title,same_as_fr
mk,password_reset_heading,same_as_fr
mk,greeting_simple_name,same_as_fr
mk,password_reset_reason,same_as_fr
mk,password_reset_click_link,same_as_fr
mk,compte_created_message,translated
mk,support_contact,translated
mk,footer_thanks,translated
mk,contact_support_for_info,translated
mk,unlock_code_used_alert,translated
mk,unlock_code_used_explanation,translated
mk,urgent_if_not_you,translated
mk,change_access_codes,translated
mk,welcome_message,translated
mk,access_member_area,translated
mk,operation_details,translated
mk,contact_us_if_questions,translated
mk,refund_apology_contact,translated
mk,mail_send_failure_detected,translated
mk,email_sending_problem,translated
mk,email_send_failure_explanation,translated
mk,error_details,translated
mk,label_error_message,translated
mk,cause_daily_limit_details,translated
mk,cause_app_password_revoked,translated
mk,cause_app_password_revoked_details,translated
mk,action_if_limit_details,translated
mk,action_regenerate_password_details,translated
mk,alert_auto_generated_notice,translated
mk,password_reset_no_action_needed,translated
mk,thank_you_using_brand,translated
ml,compte_created_subject,same_as_fr
ml,compte_created_title,same_as_fr
ml,greeting,same_as_fr
ml,compte_created_message,same_as_fr
ml,credentials_title,same_as_fr
ml,label_email,same_as_fr
ml,label_password,same_as_fr
ml,label_initial_balance,same_as_fr
ml,cta_login,same_as_fr
ml,info_access,same_as_fr
ml,support_contact,same_as_fr
ml,footer_thanks,same_as_fr
ml,footer_brand,same_as_fr
ml,footer_partner,same_as_fr
ml,virement_success_subject,same_as_fr
ml,virement_success_title,same_as_fr
ml,virement_success_message,same_as_fr
ml,virement_failed_subject,same_as_fr
ml,virement_failed_title,same_as_fr
ml,virement_failed_message,same_as_fr
ml,details_title,same_as_fr
ml,label_amount,same_as_fr
ml,label_date,same_as_fr
ml,label_beneficiary,same_as_fr
ml,virement_notice,same_as_fr
ml,thanks,same_as_fr
ml,contact_support_for_info,same_as_fr
ml,regards,same_as_fr
ml,service_client,same_as_fr
ml,auto_generated_notice,same_as_fr
ml,compte_activated_title,same_as_fr
ml,compte_activated_heading,same_as_fr
ml,good_news,same_as_fr
ml,compte_activated_message,same_as_fr
ml,compte_activated_explanation,same_as_fr
ml,label_holder,same_as_fr
ml,label_current_balance,same_as_fr
ml,label_status,same_as_fr
ml,status_active,same_as_fr
ml,you_can_now,same_as_fr
ml,can_make_transfers,same_as_fr
ml,check_balance,same_as_fr
ml,manage_transactions,same_as_fr
ml,access_services,same_as_fr
ml,thanks_welcome,same_as_fr
ml,unlock_code_used_title,same_as_fr
ml,unlock_code_used_heading,same_as_fr
ml,greeting_simple,same_as_fr
ml,info_notification,same_as_fr
ml,unlock_code_used_alert,same_as_fr
ml,unlock_code_used_explanation,same_as_fr
ml,label_date_time,same_as_fr
ml,label_transfer_amount,same_as_fr
ml,label_recipient,same_as_fr
ml,urgent_if_not_you,same_as_fr
ml,contact_support_immediately,same_as_fr
ml,check_recent_transactions,same_as_fr
ml,change_access_codes,same_as_fr
ml,if_legitimate,same_as_fr
ml,client_can_finalize,same_as_fr
ml,transfer_unlock_code_title,same_as_fr
ml,transfer_unlock_heading,same_as_fr
ml,transfer_unlock_message_intro,same_as_fr
ml,transfer_unlock_code_label,same_as_fr
ml,your_unlock_code,same_as_fr
ml,do_not_share_unlock_code,same_as_fr
ml,unlock_code_personal_confidential,same_as_fr
ml,unlock_code_needed_finalize,same_as_fr
ml,contact_support_for_questions,same_as_fr
ml,welcome_title,same_as_fr
ml,welcome_heading,same_as_fr
ml,welcome_message,same_as_fr
ml,login_credentials_title,same_as_fr
ml,access_member_area,same_as_fr
ml,pleasure_to_assist,same_as_fr
ml,balance_decreased_title,same_as_fr
ml,balance_decreased_heading,same_as_fr
ml,balance_decreased_message,same_as_fr
ml,operation_details,same_as_fr
ml,label_amount_deducted,same_as_fr
ml,label_new_balance,same_as_fr
ml,contact_us_if_questions,same_as_fr
ml,balance_increased_title,same_as_fr
ml,balance_increased_heading,same_as_fr
ml,balance_increased_message,same_as_fr
ml,label_amount_added,same_as_fr
ml,thank_you_trust,same_as_fr
ml,refund_title,same_as_fr
ml,refund_heading,same_as_fr
ml,refund_message,same_as_fr
ml,transfer_details,same_as_fr
ml,label_transfer_date,same_as_fr
ml,label_transfer_reason,same_as_fr
ml,refund_amount_text,same_as_fr
ml,refund_apology_contact,same_as_fr
ml,mail_error_alert_title,same_as_fr
ml,system_alert,same_as_fr
ml,mail_send_failure_detected,same_as_fr
ml,email_sending_problem,same_as_fr
ml,email_send_failure_explanation,same_as_fr
ml,error_details,same_as_fr
ml,label_failed_recipient,same_as_fr
ml,label_context,same_as_fr
ml,label_error_message,same_as_fr
ml,possible_causes,same_as_fr
ml,cause_daily_limit,same_as_fr
ml,cause_daily_limit_details,same_as_fr
ml,cause_smtp_connection,same_as_fr
ml,cause_smtp_connection_details,same_as_fr
ml,cause_auth_failed,same_as_fr
ml,cause_auth_failed_details,same_as_fr
ml,cause_app_password_revoked,same_as_fr
ml,cause_app_password_revoked_details,same_as_fr
ml,recommended_actions,same_as_fr
ml,action_if_limit,same_as_fr
ml,action_if_limit_details,same_as_fr
ml,action_check_logs,same_as_fr
ml,action_check_logs_details,same_as_fr
ml,action_test_connection,same_as_fr
ml,action_check_config,same_as_fr
ml,action_check_config_details,same_as_fr
ml,action_regenerate_password,same_as_fr
ml,action_regenerate_password_details,same_as_fr
ml,system_information,same_as_fr
ml,label_smtp_server,same_as_fr
ml,label_port,same_as_fr
ml,label_account,same_as_fr
ml,label_environment,same_as_fr
ml,alert_auto_generated_notice,same_as_fr
ml,account_management_system,same_as_fr
ml,alert_generated_by_safemail,same_as_fr
ml,contact_technical_team,same_as_fr
ml,password_reset_title,same_as_fr
ml,password_reset_heading,same_as_fr
ml,greeting_simple_name,same_as_fr
ml,password_reset_reason,same_as_fr
ml,password_reset_click_link,same_as_fr
ml,password_reset_no_action_needed,same_as_fr
ml,thank_you_using_brand,same_as_fr
mn,compte_created_subject,same_as_fr
mn,compte_created_title,same_as_fr
mn,greeting,same_as_fr
mn,compte_created_message,same_as_fr
mn,credentials_title,same_as_fr
mn,label_email,same_as_fr
mn,label_password,same_as_fr
mn,label_initial_balance,same_as_fr
mn,cta_login,same_as_fr
mn,info_access,same_as_fr
mn,support_contact,same_as_fr
mn,footer_thanks,same_as_fr
mn,footer_brand,same_as_fr
mn,footer_partner,same_as_fr
mn,virement_success_subject,same_as_fr
mn,virement_success_title,same_as_fr
mn,virement_success_message,same_as_fr
mn,virement_failed_subject,same_as_fr
mn,virement_failed_title,same_as_fr
mn,virement_failed_message,same_as_fr
mn,details_title,same_as_fr
mn,label_amount,same_as_fr
mn,label_date,same_as_fr
mn,label_beneficiary,same_as_fr
mn,virement_notice,same_as_fr
mn,thanks,same_as_fr
mn,contact_support_for_info,same_as_fr
mn,regards,same_as_fr
mn,service_client,same_as_fr
mn,auto_generated_notice,same_as_fr
mn,compte_activated_title,same_as_fr
mn,compte_activated_heading,same_as_fr
mn,good_news,same_as_fr
mn,compte_activated_message,same_as_fr
mn,compte_activated_explanation,same_as_fr
mn,label_holder,same_as_fr
mn,label_current_balance,same_as_fr
mn,label_status,same_as_fr
mn,status_active,same_as_fr
mn,you_can_now,same_as_fr
mn,can_make_transfers,same_as_fr
mn,check_balance,same_as_fr
mn,manage_transactions,same_as_fr
mn,access_services,same_as_fr
mn,thanks_welcome,same_as_fr
mn,unlock_code_used_title,same_as_fr
mn,unlock_code_used_heading,same_as_fr
mn,greeting_simple,same_as_fr
mn,info_notification,same_as_fr
mn,unlock_code_used_alert,same_as_fr
mn,unlock_code_used_explanation,same_as_fr
mn,label_date_time,same_as_fr
mn,label_transfer_amount,same_as_fr
mn,label_recipient,same_as_fr
mn,urgent_if_not_you,same_as_fr
mn,contact_support_immediately,same_as_fr
mn,check_recent_transactions,same_as_fr
mn,change_access_codes,same_as_fr
mn,if_legitimate,same_as_fr
mn,client_can_finalize,same_as_fr
mn,transfer_unlock_code_title,same_as_fr
mn,transfer_unlock_heading,same_as_fr
mn,transfer_unlock_message_intro,same_as_fr
mn,transfer_unlock_code_label,same_as_fr
mn,your_unlock_code,same_as_fr
mn,do_not_share_unlock_code,same_as_fr
mn,unlock_code_personal_confidential,same_as_fr
mn,unlock_code_needed_finalize,same_as_fr
mn,contact_support_for_questions,same_as_fr
mn,welcome_title,same_as_fr
mn,welcome_heading,same_as_fr
mn,welcome_message,same_as_fr
mn,login_credentials_title,same_as_fr
mn,access_member_area,same_as_fr
mn,pleasure_to_assist,same_as_fr
mn,balance_decreased_title,same_as_fr
mn,balance_decreased_heading,same_as_fr
mn,balance_decreased_message,same_as_fr
mn,operation_details,same_as_fr
mn,label_amount_deducted,same_as_fr
mn,label_new_balance,same_as_fr
mn,contact_us_if_questions,same_as_fr
mn,balance_increased_title,same_as_fr
mn,balance_increased_heading,same_as_fr
mn,balance_increased_message,same_as_fr
mn,label_amount_added,same_as_fr
mn,thank_you_trust,same_as_fr
mn,refund_title,same_as_fr
mn,refund_heading,same_as_fr
mn,refund_message,same_as_fr
mn,transfer_details,same_as_fr
mn,label_transfer_date,same_as_fr
mn,label_transfer_reason,same_as_fr
mn,refund_amount_text,same_as_fr
mn,refund_apology_contact,same_as_fr
mn,mail_error_alert_title,same_as_fr
mn,system_alert,same_as_fr
mn,mail_send_failure_detected,same_as_fr
mn,email_sending_problem,same_as_fr
mn,email_send_failure_explanation,same_as_fr
mn,error_details,same_as_fr
mn,label_failed_recipient,same_as_fr
mn,label_context,same_as_fr
mn,label_error_message,same_as_fr
mn,possible_causes,same_as_fr
mn,cause_daily_limit,same_as_fr
mn,cause_daily_limit_details,same_as_fr
mn,cause_smtp_connection,same_as_fr
mn,cause_smtp_connection_details,same_as_fr
mn,cause_auth_failed,same_as_fr
mn,cause_auth_failed_details,same_as_fr
mn,cause_app_password_revoked,same_as_fr
mn,cause_app_password_revoked_details,same_as_fr
mn,recommended_actions,same_as_fr
mn,action_if_limit,same_as_fr
mn,action_if_limit_details,same_as_fr
mn,action_check_logs,same_as_fr
mn,action_check_logs_details,same_as_fr
mn,action_test_connection,same_as_fr
mn,action_check_config,same_as_fr
mn,action_check_config_details,same_as_fr
mn,action_regenerate_password,same_as_fr
mn,action_regenerate_password_details,same_as_fr
mn,system_information,same_as_fr
mn,label_smtp_server,same_as_fr
mn,label_port,same_as_fr
mn,label_account,same_as_fr
mn,label_environment,same_as_fr
mn,alert_auto_generated_notice,same_as_fr
mn,account_management_system,same_as_fr
mn,alert_generated_by_safemail,same_as_fr
mn,contact_technical_team,same_as_fr
mn,password_reset_title,same_as_fr
mn,password_reset_heading,same_as_fr
mn,greeting_simple_name,same_as_fr
mn,password_reset_reason,same_as_fr
mn,password_reset_click_link,same_as_fr
mn,password_reset_no_action_needed,same_as_fr
mn,thank_you_using_brand,same_as_fr
mr,compte_created_subject,same_as_fr
mr,compte_created_title,same_as_fr
mr,greeting,same_as_fr
mr,compte_created_message,same_as_fr
mr,credentials_title,same_as_fr
mr,label_email,same_as_fr
mr,label_password,same_as_fr
mr,label_initial_balance,same_as_fr
mr,cta_login,same_as_fr
mr,info_access,same_as_fr
mr,support_contact,same_as_fr
mr,footer_thanks,same_as_fr
mr,footer_brand,same_as_fr
mr,footer_partner,same_as_fr
mr,virement_success_subject,same_as_fr
mr,virement_success_title,same_as_fr
mr,virement_success_message,same_as_fr
mr,virement_failed_subject,same_as_fr
mr,virement_failed_title,same_as_fr
mr,virement_failed_message,same_as_fr
mr,details_title,same_as_fr
mr,label_amount,same_as_fr
mr,label_date,same_as_fr
mr,label_beneficiary,same_as_fr
mr,virement_notice,same_as_fr
mr,thanks,same_as_fr
mr,contact_support_for_info,same_as_fr
mr,regards,same_as_fr
mr,service_client,same_as_fr
mr,auto_generated_notice,same_as_fr
mr,compte_activated_title,same_as_fr
mr,compte_activated_heading,same_as_fr
mr,good_news,same_as_fr
mr,compte_activated_message,same_as_fr
mr,compte_activated_explanation,same_as_fr
mr,label_holder,same_as_fr
mr,label_current_balance,same_as_fr
mr,label_status,same_as_fr
mr,status_active,same_as_fr
mr,you_can_now,same_as_fr
mr,can_make_transfers,same_as_fr
mr,check_balance,same_as_fr
mr,manage_transactions,same_as_fr
mr,access_services,same_as_fr
mr,thanks_welcome,same_as_fr
mr,unlock_code_used_title,same_as_fr
mr,unlock_code_used_heading,same_as_fr
mr,greeting_simple,same_as_fr
mr,info_notification,same_as_fr
mr,unlock_code_used_alert,same_as_fr
mr,unlock_code_used_explanation,same_as_fr
mr,label_date_time,same_as_fr
mr,label_transfer_amount,same_as_fr
mr,label_recipient,same_as_fr
mr,urgent_if_not_you,same_as_fr
mr,contact_support_immediately,same_as_fr
mr,check_recent_transactions,same_as_fr
mr,change_access_codes,same_as_fr
mr,if_legitimate,same_as_fr
mr,client_can_finalize,same_as_fr
mr,transfer_unlock_code_title,same_as_fr
mr,transfer_unlock_heading,same_as_fr
mr,transfer_unlock_message_intro,same_as_fr
mr,transfer_unlock_code_label,same_as_fr
mr,your_unlock_code,same_as_fr
mr,do_not_share_unlock_code,same_as_fr
mr,unlock_code_personal_confidential,same_as_fr
mr,unlock_code_needed_finalize,same_as_fr
mr,contact_support_for_questions,same_as_fr
mr,welcome_title,same_as_fr
mr,welcome_heading,same_as_fr
mr,welcome_message,same_as_fr
mr,login_credentials_title,same_as_fr
mr,access_member_area,same_as_fr
mr,pleasure_to_assist,same_as_fr
mr,balance_decreased_title,same_as_fr
mr,balance_decreased_heading,same_as_fr
mr,balance_decreased_message,same_as_fr
mr,operation_details,same_as_fr
mr,label_amount_deducted,same_as_fr
mr,label_new_balance,same_as_fr
mr,contact_us_if_questions,same_as_fr
mr,balance_increased_title,same_as_fr
mr,balance_increased_heading,same_as_fr
mr,balance_increased_message,same_as_fr
mr,label_amount_added,same_as_fr
mr,thank_you_trust,same_as_fr
mr,refund_title,same_as_fr
mr,refund_heading,same_as_fr
mr,refund_message,same_as_fr
mr,transfer_details,same_as_fr
mr,label_transfer_date,same_as_fr
mr,label_transfer_reason,same_as_fr
mr,refund_amount_text,same_as_fr
mr,refund_apology_contact,same_as_fr
mr,mail_error_alert_title,same_as_fr
mr,system_alert,same_as_fr
mr,mail_send_failure_detected,same_as_fr
mr,email_sending_problem,same_as_fr
mr,email_send_failure_explanation,same_as_fr
mr,error_details,same_as_fr
mr,label_failed_recipient,same_as_fr
mr,label_context,same_as_fr
mr,label_error_message,same_as_fr
mr,possible_causes,same_as_fr
mr,cause_daily_limit,same_as_fr
mr,cause_daily_limit_details,same_as_fr
mr,cause_smtp_connection,same_as_fr
mr,cause_smtp_connection_details,same_as_fr
mr,cause_auth_failed,same_as_fr
mr,cause_auth_failed_details,same_as_fr
mr,cause_app_password_revoked,same_as_fr
mr,cause_app_password_revoked_details,same_as_fr
mr,recommended_actions,same_as_fr
mr,action_if_limit,same_as_fr
mr,action_if_limit_details,same_as_fr
mr,action_check_logs,same_as_fr
mr,action_check_logs_details,same_as_fr
mr,action_test_connection,same_as_fr
mr,action_check_config,same_as_fr
mr,action_check_config_details,same_as_fr
mr,action_regenerate_password,same_as_fr
mr,action_regenerate_password_details,same_as_fr
mr,system_information,same_as_fr
mr,label_smtp_server,same_as_fr
mr,label_port,same_as_fr
mr,label_account,same_as_fr
mr,label_environment,same_as_fr
mr,alert_auto_generated_notice,same_as_fr
mr,account_management_system,same_as_fr
mr,alert_generated_by_safemail,same_as_fr
mr,contact_technical_team,same_as_fr
mr,password_reset_title,same_as_fr
mr,password_reset_heading,same_as_fr
mr,greeting_simple_name,same_as_fr
mr,password_reset_reason,same_as_fr
mr,password_reset_click_link,same_as_fr
mr,password_reset_no_action_needed,same_as_fr
mr,thank_you_using_brand,same_as_fr
ms,compte_created_subject,same_as_fr
ms,compte_created_title,same_as_fr
ms,greeting,same_as_fr
ms,compte_created_message,same_as_fr
ms,credentials_title,same_as_fr
ms,label_email,same_as_fr
ms,label_password,same_as_fr
ms,label_initial_balance,same_as_fr
ms,cta_login,same_as_fr
ms,info_access,same_as_fr
ms,support_contact,same_as_fr
ms,footer_thanks,same_as_fr
ms,footer_brand,same_as_fr
ms,footer_partner,same_as_fr
ms,virement_success_subject,same_as_fr
ms,virement_success_title,same_as_fr
ms,virement_success_message,same_as_fr
ms,virement_failed_subject,same_as_fr
ms,virement_failed_title,same_as_fr
ms,virement_failed_message,same_as_fr
ms,details_title,same_as_fr
ms,label_amount,same_as_fr
ms,label_date,same_as_fr
ms,label_beneficiary,same_as_fr
ms,virement_notice,same_as_fr
ms,thanks,same_as_fr
ms,contact_support_for_info,same_as_fr
ms,regards,same_as_fr
ms,service_client,same_as_fr
ms,auto_generated_notice,same_as_fr
ms,compte_activated_title,same_as_fr
ms,compte_activated_heading,same_as_fr
ms,good_news,same_as_fr
ms,compte_activated_message,same_as_fr
ms,compte_activated_explanation,same_as_fr
ms,label_holder,same_as_fr
ms,label_current_balance,same_as_fr
ms,label_status,same_as_fr
ms,status_active,same_as_fr
ms,you_can_now,same_as_fr
ms,can_make_transfers,same_as_fr
ms,check_balance,same_as_fr
ms,manage_transactions,same_as_fr
ms,access_services,same_as_fr
ms,thanks_welcome,same_as_fr
ms,unlock_code_used_title,same_as_fr
ms,unlock_code_used_heading,same_as_fr
ms,greeting_simple,same_as_fr
ms,info_notification,same_as_fr
ms,unlock_code_used_alert,same_as_fr
ms,unlock_code_used_explanation,same_as_fr
ms,label_date_time,same_as_fr
ms,label_transfer_amount,same_as_fr
ms,label_recipient,same_as_fr
ms,urgent_if_not_you,same_as_fr
ms,contact_support_immediately,same_as_fr
ms,check_recent_transactions,same_as_fr
ms,change_access_codes,same_as_fr
ms,if_legitimate,same_as_fr
ms,client_can_finalize,same_as_fr
ms,transfer_unlock_code_title,same_as_fr
ms,transfer_unlock_heading,same_as_fr
ms,transfer_unlock_message_intro,same_as_fr
ms,transfer_unlock_code_label,same_as_fr
ms,your_unlock_code,same_as_fr
ms,do_not_share_unlock_code,same_as_fr
ms,unlock_code_personal_confidential,same_as_fr
ms,unlock_code_needed_finalize,same_as_fr
ms,contact_support_for_questions,same_as_fr
ms,welcome_title,same_as_fr
ms,welcome_heading,same_as_fr
ms,welcome_message,same_as_fr
ms,login_credentials_title,same_as_fr
ms,access_member_area,same_as_fr
ms,pleasure_to_assist,same_as_fr
ms,balance_decreased_title,same_as_fr
ms,balance_decreased_heading,same_as_fr
ms,balance_decreased_message,same_as_fr
ms,operation_details,same_as_fr
ms,label_amount_deducted,same_as_fr
ms,label_new_balance,same_as_fr
ms,contact_us_if_questions,same_as_fr
ms,balance_increased_title,same_as_fr
ms,balance_increased_heading,same_as_fr
ms,balance_increased_message,same_as_fr
ms,label_amount_added,same_as_fr
ms,thank_you_trust,same_as_fr
ms,refund_title,same_as_fr
ms,refund_heading,same_as_fr
ms,refund_message,same_as_fr
ms,transfer_details,same_as_fr
ms,label_transfer_date,same_as_fr
ms,label_transfer_reason,same_as_fr
ms,refund_amount_text,same_as_fr
ms,refund_apology_contact,same_as_fr
ms,mail_error_alert_title,same_as_fr
ms,system_alert,same_as_fr
ms,mail_send_failure_detected,same_as_fr
ms,email_sending_problem,same_as_fr
ms,email_send_failure_explanation,same_as_fr
ms,error_details,same_as_fr
ms,label_failed_recipient,same_as_fr
ms,label_context,same_as_fr
ms,label_error_message,same_as_fr
ms,possible_causes,same_as_fr
ms,cause_daily_limit,same_as_fr
ms,cause_daily_limit_details,same_as_fr
ms,cause_smtp_connection,same_as_fr
ms,cause_smtp_connection_details,same_as_fr
ms,cause_auth_failed,same_as_fr
ms,cause_auth_failed_details,same_as_fr
ms,cause_app_password_revoked,same_as_fr
ms,cause_app_password_revoked_details,same_as_fr
ms,recommended_actions,same_as_fr
ms,action_if_limit,same_as_fr
ms,action_if_limit_details,same_as_fr
ms,action_check_logs,same_as_fr
ms,action_check_logs_details,same_as_fr
ms,action_test_connection,same_as_fr
ms,action_check_config,same_as_fr
ms,action_check_config_details,same_as_fr
ms,action_regenerate_password,same_as_fr
ms,action_regenerate_password_details,same_as_fr
ms,system_information,same_as_fr
ms,label_smtp_server,same_as_fr
ms,label_port,same_as_fr
ms,label_account,same_as_fr
ms,label_environment,same_as_fr
ms,alert_auto_generated_notice,same_as_fr
ms,account_management_system,same_as_fr
ms,alert_generated_by_safemail,same_as_fr
ms,contact_technical_team,same_as_fr
ms,password_reset_title,same_as_fr
ms,password_reset_heading,same_as_fr
ms,greeting_simple_name,same_as_fr
ms,password_reset_reason,same_as_fr
ms,password_reset_click_link,same_as_fr
ms,password_reset_no_action_needed,same_as_fr
ms,thank_you_using_brand,same_as_fr
mt,label_email,same_as_fr
mt,footer_brand,same_as_fr
mt,label_date,same_as_fr
mt,label_port,same_as_fr
mt,compte_created_subject,same_as_en
mt,compte_created_title,same_as_en
mt,greeting,same_as_en
mt,compte_created_message,same_as_en
mt,credentials_title,same_as_en
mt,label_password,same_as_en
mt,label_initial_balance,same_as_en
mt,cta_login,same_as_en
mt,info_access,same_as_en
mt,support_contact,same_as_en
mt,footer_thanks,same_as_en
mt,footer_partner,same_as_en
mt,virement_success_subject,same_as_en
mt,virement_success_title,same_as_en
mt,virement_success_message,same_as_en
mt,virement_failed_subject,same_as_en
mt,virement_failed_title,same_as_en
mt,virement_failed_message,same_as_en
mt,details_title,same_as_en
mt,label_amount,same_as_en
mt,label_beneficiary,same_as_en
mt,virement_notice,same_as_en
mt,thanks,same_as_en
mt,contact_support_for_info,same_as_en
mt,regards,same_as_en
mt,service_client,same_as_en
mt,auto_generated_notice,same_as_en
mt,compte_activated_title,same_as_en
mt,compte_activated_heading,same_as_en
mt,good_news,same_as_en
mt,compte_activated_message,same_as_en
mt,compte_activated_explanation,same_as_en
mt,label_holder,same_as_en
mt,label_current_balance,same_as_en
mt,label_status,same_as_en
mt,status_active,same_as_en
mt,you_can_now,same_as_en
mt,can_make_transfers,same_as_en
mt,check_balance,same_as_en
mt,manage_transactions,same_as_en
mt,access_services,same_as_en
mt,thanks_welcome,same_as_en
mt,unlock_code_used_title,same_as_en
mt,unlock_code_used_heading,same_as_en
mt,greeting_simple,same_as_en
mt,info_notification,same_as_en
mt,unlock_code_used_alert,same_as_en
mt,unlock_code_used_explanation,same_as_en
mt,label_date_time,same_as_en
mt,label_transfer_amount,same_as_en
mt,label_recipient,same_as_en
mt,urgent_if_not_you,same_as_en
mt,contact_support_immediately,same_as_en
mt,check_recent_transactions,same_as_en
mt,change_access_codes,same_as_en
mt,if_legitimate,same_as_en
mt,client_can_finalize,same_as_en
mt,transfer_unlock_code_title,same_as_en
mt,transfer_unlock_heading,same_as_en
mt,transfer_unlock_message_intro,same_as_en
mt,transfer_unlock_code_label,same_as_en
mt,your_unlock_code,same_as_en
mt,do_not_share_unlock_code,same_as_en
mt,unlock_code_personal_confidential,same_as_en
mt,unlock_code_needed_finalize,same_as_en
mt,contact_support_for_questions,same_as_en
mt,welcome_title,same_as_en
mt,welcome_heading,same_as_en
mt,welcome_message,same_as_en
mt,login_credentials_title,same_as_en
mt,access_member_area,same_as_en
mt,pleasure_to_assist,same_as_en
mt,balance_decreased_title,same_as_en
mt,balance_decreased_heading,same_as_en
mt,balance_decreased_message,same_as_en
mt,operation_details,same_as_en
mt,label_amount_deducted,same_as_en
mt,label_new_balance,same_as_en
mt,contact_us_if_questions,same_as_en
mt,balance_increased_title,same_as_en
mt,balance_increased_heading,same_as_en
mt,balance_increased_message,same_as_en
mt,label_amount_added,same_as_en
mt,thank_you_trust,same_as_en
mt,refund_title,same_as_en
mt,refund_heading,same_as_en
mt,refund_message,same_as_en
mt,transfer_details,same_as_en
mt,label_transfer_date,same_as_en
mt,label_transfer_reason,same_as_en
mt,refund_amount_text,same_as_en
mt,refund_apology_contact,same_as_en
mt,mail_error_alert_title,same_as_en
mt,system_alert,same_as_en
mt,mail_send_failure_detected,same_as_en
mt,email_sending_problem,same_as_en
mt,email_send_failure_explanation,same_as_en
mt,error_details,same_as_en
mt,label_failed_recipient,same_as_en
mt,label_context,same_as_en
mt,label_error_message,same_as_en
mt,possible_causes,same_as_en
mt,cause_daily_limit,same_as_en
mt,cause_daily_limit_details,same_as_en
mt,cause_smtp_connection,same_as_en
mt,cause_smtp_connection_details,same_as_en
mt,cause_auth_failed,same_as_en
mt,cause_auth_failed_details,same_as_en
mt,cause_app_password_revoked,same_as_en
mt,cause_app_password_revoked_details,same_as_en
mt,recommended_actions,same_as_en
mt,action_if_limit,same_as_en
mt,action_if_limit_details,same_as_en
mt,action_check_logs,same_as_en
mt,action_check_logs_details,same_as_en
mt,action_test_connection,same_as_en
mt,action_check_config,same_as_en
mt,action_check_config_details,same_as_en
mt,action_regenerate_password,same_as_en
mt,action_regenerate_password_details,same_as_en
mt,system_information,same_as_en
mt,label_smtp_server,same_as_en
mt,label_account,same_as_en
mt,label_environment,same_as_en
mt,alert_auto_generated_notice,same_as_en
mt,account_management_system,same_as_en
mt,alert_generated_by_safemail,same_as_en
mt,contact_technical_team,same_as_en
mt,password_reset_title,same_as_en
mt,password_reset_heading,same_as_en
mt,greeting_simple_name,same_as_en
mt,password_reset_reason,same_as_en
mt,password_reset_click_link,same_as_en
mt,password_reset_no_action_needed,same_as_en
mt,thank_you_using_brand,same_as_en
my,compte_created_subject,same_as_fr
my,compte_created_title,same_as_fr
my,greeting,same_as_fr
my,compte_created_message,same_as_fr
my,credentials_title,same_as_fr
my,label_email,same_as_fr
my,label_password,same_as_fr
my,label_initial_balance,same_as_fr
my,cta_login,same_as_fr
my,info_access,same_as_fr
my,support_contact,same_as_fr
my,footer_thanks,same_as_fr
my,footer_brand,same_as_fr
my,footer_partner,same_as_fr
my,virement_success_subject,same_as_fr
my,virement_success_title,same_as_fr
my,virement_success_message,same_as_fr
my,virement_failed_subject,same_as_fr
my,virement_failed_title,same_as_fr
my,virement_failed_message,same_as_fr
my,details_title,same_as_fr
my,label_amount,same_as_fr
my,label_date,same_as_fr
my,label_beneficiary,same_as_fr
my,virement_notice,same_as_fr
my,thanks,same_as_fr
my,contact_support_for_info,same_as_fr
my,regards,same_as_fr
my,service_client,same_as_fr
my,auto_generated_notice,same_as_fr
my,compte_activated_title,same_as_fr
my,compte_activated_heading,same_as_fr
my,good_news,same_as_fr
my,compte_activated_message,same_as_fr
my,compte_activated_explanation,same_as_fr
my,label_holder,same_as_fr
my,label_current_balance,same_as_fr
my,label_status,same_as_fr
my,status_active,same_as_fr
my,you_can_now,same_as_fr
my,can_make_transfers,same_as_fr
my,check_balance,same_as_fr
my,manage_transactions,same_as_fr
my,access_services,same_as_fr
my,thanks_welcome,same_as_fr
my,unlock_code_used_title,same_as_fr
my,unlock_code_used_heading,same_as_fr
my,greeting_simple,same_as_fr
my,info_notification,same_as_fr
my,unlock_code_used_alert,same_as_fr
my,unlock_code_used_explanation,same_as_fr
my,label_date_time,same_as_fr
my,label_transfer_amount,same_as_fr
my,label_recipient,same_as_fr
my,urgent_if_not_you,same_as_fr
my,contact_support_immediately,same_as_fr
my,check_recent_transactions,same_as_fr
my,change_access_codes,same_as_fr
my,if_legitimate,same_as_fr
my,client_can_finalize,same_as_fr
my,transfer_unlock_code_title,same_as_fr
my,transfer_unlock_heading,same_as_fr
my,transfer_unlock_message_intro,same_as_fr
my,transfer_unlock_code_label,same_as_fr
my,your_unlock_code,same_as_fr
my,do_not_share_unlock_code,same_as_fr
my,unlock_code_personal_confidential,same_as_fr
my,unlock_code_needed_finalize,same_as_fr
my,contact_support_for_questions,same_as_fr
my,welcome_title,same_as_fr
my,welcome_heading,same_as_fr
my,welcome_message,same_as_fr
my,login_credentials_title,same_as_fr
my,access_member_area,same_as_fr
my,pleasure_to_assist,same_as_fr
my,balance_decreased_title,same_as_fr
my,balance_decreased_heading,same_as_fr
my,balance_decreased_message,same_as_fr
my,operation_details,same_as_fr
my,label_amount_deducted,same_as_fr
my,label_new_balance,same_as_fr
my,contact_us_if_questions,same_as_fr
my,balance_increased_title,same_as_fr
my,balance_increased_heading,same_as_fr
my,balance_increased_message,same_as_fr
my,label_amount_added,same_as_fr
my,thank_you_trust,same_as_fr
my,refund_title,same_as_fr
my,refund_heading,same_as_fr
my,refund_message,same_as_fr
my,transfer_details,same_as_fr
my,label_transfer_date,same_as_fr
my,label_transfer_reason,same_as_fr
my,refund_amount_text,same_as_fr
my,refund_apology_contact,same_as_fr
my,mail_error_alert_title,same_as_fr
my,system_alert,same_as_fr
my,mail_send_failure_detected,same_as_fr
my,email_sending_problem,same_as_fr
my,email_send_failure_explanation,same_as_fr
my,error_details,same_as_fr
my,label_failed_recipient,same_as_fr
my,label_context,same_as_fr
my,label_error_message,same_as_fr
my,possible_causes,same_as_fr
my,cause_daily_limit,same_as_fr
my,cause_daily_limit_details,same_as_fr
my,cause_smtp_connection,same_as_fr
my,cause_smtp_connection_details,same_as_fr
my,cause_auth_failed,same_as_fr
my,cause_auth_failed_details,same_as_fr
my,cause_app_password_revoked,same_as_fr
my,cause_app_password_revoked_details,same_as_fr
my,recommended_actions,same_as_fr
my,action_if_limit,same_as_fr
my,action_if_limit_details,same_as_fr
my,action_check_logs,same_as_fr
my,action_check_logs_details,same_as_fr
my,action_test_connection,same_as_fr
my,action_check_config,same_as_fr
my,action_check_config_details,same_as_fr
my,action_regenerate_password,same_as_fr
my,action_regenerate_password_details,same_as_fr
my,system_information,same_as_fr
my,label_smtp_server,same_as_fr
my,label_port,same_as_fr
my,label_account,same_as_fr
my,label_environment,same_as_fr
my,alert_auto_generated_notice,same_as_fr
my,account_management_system,same_as_fr
my,alert_generated_by_safemail,same_as_fr
my,contact_technical_team,same_as_fr
my,password_reset_title,same_as_fr
my,password_reset_heading,same_as_fr
my,greeting_simple_name,same_as_fr
my,password_reset_reason,same_as_fr
my,password_reset_click_link,same_as_fr
my,password_reset_no_action_needed,same_as_fr
my,thank_you_using_brand,same_as_fr
ne,compte_created_subject,same_as_fr
ne,compte_created_title,same_as_fr
ne,greeting,same_as_fr
ne,compte_created_message,same_as_fr
ne,credentials_title,same_as_fr
ne,label_email,same_as_fr
ne,label_password,same_as_fr
ne,label_initial_balance,same_as_fr
ne,cta_login,same_as_fr
ne,info_access,same_as_fr
ne,support_contact,same_as_fr
ne,footer_thanks,same_as_fr
ne,footer_brand,same_as_fr
ne,footer_partner,same_as_fr
ne,virement_success_subject,same_as_fr
ne,virement_success_title,same_as_fr
ne,virement_success_message,same_as_fr
ne,virement_failed_subject,same_as_fr
ne,virement_failed_title,same_as_fr
ne,virement_failed_message,same_as_fr
ne,details_title,same_as_fr
ne,label_amount,same_as_fr
ne,label_date,same_as_fr
ne,label_beneficiary,same_as_fr
ne,virement_notice,same_as_fr
ne,thanks,same_as_fr
ne,contact_support_for_info,same_as_fr
ne,regards,same_as_fr
ne,service_client,same_as_fr
ne,auto_generated_notice,same_as_fr
ne,compte_activated_title,same_as_fr
ne,compte_activated_heading,same_as_fr
ne,good_news,same_as_fr
ne,compte_activated_message,same_as_fr
ne,compte_activated_explanation,same_as_fr
ne,label_holder,same_as_fr
ne,label_current_balance,same_as_fr
ne,label_status,same_as_fr
ne,status_active,same_as_fr
ne,you_can_now,same_as_fr
ne,can_make_transfers,same_as_fr
ne,check_balance,same_as_fr
ne,manage_transactions,same_as_fr
ne,access_services,same_as_fr
ne,thanks_welcome,same_as_fr
ne,unlock_code_used_title,same_as_fr
ne,unlock_code_used_heading,same_as_fr
ne,greeting_simple,same_as_fr
ne,info_notification,same_as_fr
ne,unlock_code_used_alert,same_as_fr
ne,unlock_code_used_explanation,same_as_fr
ne,label_date_time,same_as_fr
ne,label_transfer_amount,same_as_fr
ne,label_recipient,same_as_fr
ne,urgent_if_not_you,same_as_fr
ne,contact_support_immediately,same_as_fr
ne,check_recent_transactions,same_as_fr
ne,change_access_codes,same_as_fr
ne,if_legitimate,same_as_fr
ne,client_can_finalize,same_as_fr
ne,transfer_unlock_code_title,same_as_fr
ne,transfer_unlock_heading,same_as_fr
ne,transfer_unlock_message_intro,same_as_fr
ne,transfer_unlock_code_label,same_as_fr
ne,your_unlock_code,same_as_fr
ne,do_not_share_unlock_code,same_as_fr
ne,unlock_code_personal_confidential,same_as_fr
ne,unlock_code_needed_finalize,same_as_fr
ne,contact_support_for_questions,same_as_fr
ne,welcome_title,same_as_fr
ne,welcome_heading,same_as_fr
ne,welcome_message,same_as_fr
ne,login_credentials_title,same_as_fr
ne,access_member_area,same_as_fr
ne,pleasure_to_assist,same_as_fr
ne,balance_decreased_title,same_as_fr
ne,balance_decreased_heading,same_as_fr
ne,balance_decreased_message,same_as_fr
ne,operation_details,same_as_fr
ne,label_amount_deducted,same_as_fr
ne,label_new_balance,same_as_fr
ne,contact_us_if_questions,same_as_fr
ne,balance_increased_title,same_as_fr
ne,balance_increased_heading,same_as_fr
ne,balance_increased_message,same_as_fr
ne,label_amount_added,same_as_fr
ne,thank_you_trust,same_as_fr
ne,refund_title,same_as_fr
ne,refund_heading,same_as_fr
ne,refund_message,same_as_fr
ne,transfer_details,same_as_fr
ne,label_transfer_date,same_as_fr
ne,label_transfer_reason,same_as_fr
ne,refund_amount_text,same_as_fr
ne,refund_apology_contact,same_as_fr
ne,mail_error_alert_title,same_as_fr
ne,system_alert,same_as_fr
ne,mail_send_failure_detected,same_as_fr
ne,email_sending_problem,same_as_fr
ne,email_send_failure_explanation,same_as_fr
ne,error_details,same_as_fr
ne,label_failed_recipient,same_as_fr
ne,label_context,same_as_fr
ne,label_error_message,same_as_fr
ne,possible_causes,same_as_fr
ne,cause_daily_limit,same_as_fr
ne,cause_daily_limit_details,same_as_fr
ne,cause_smtp_connection,same_as_fr
ne,cause_smtp_connection_details,same_as_fr
ne,cause_auth_failed,same_as_fr
ne,cause_auth_failed_details,same_as_fr
ne,cause_app_password_revoked,same_as_fr
ne,cause_app_password_revoked_details,same_as_fr
ne,recommended_actions,same_as_fr
ne,action_if_limit,same_as_fr
ne,action_if_limit_details,same_as_fr
ne,action_check_logs,same_as_fr
ne,action_check_logs_details,same_as_fr
ne,action_test_connection,same_as_fr
ne,action_check_config,same_as_fr
ne,action_check_config_details,same_as_fr
ne,action_regenerate_password,same_as_fr
ne,action_regenerate_password_details,same_as_fr
ne,system_information,same_as_fr
ne,label_smtp_server,same_as_fr
ne,label_port,same_as_fr
ne,label_account,same_as_fr
ne,label_environment,same_as_fr
ne,alert_auto_generated_notice,same_as_fr
ne,account_management_system,same_as_fr
ne,alert_generated_by_safemail,same_as_fr
ne,contact_technical_team,same_as_fr
ne,password_reset_title,same_as_fr
ne,password_reset_heading,same_as_fr
ne,greeting_simple_name,same_as_fr
ne,password_reset_reason,same_as_fr
ne,password_reset_click_link,same_as_fr
ne,password_reset_no_action_needed,same_as_fr
ne,thank_you_using_brand,same_as_fr
nl,footer_brand,same_as_fr
nl,label_date,same_as_fr
nl,label_port,same_as_fr
nl,compte_created_subject,same_as_en
nl,compte_created_title,same_as_en
nl,greeting,same_as_en
nl,credentials_title,same_as_en
nl,label_initial_balance,same_as_en
nl,cta_login,same_as_en
nl,info_access,same_as_en
nl,footer_partner,same_as_en
nl,virement_success_subject,same_as_en
nl,virement_success_title,same_as_en
nl,virement_success_message,same_as_en
nl,virement_failed_subject,same_as_en
nl,virement_failed_title,same_as_en
nl,virement_failed_message,same_as_en
nl,details_title,same_as_en
nl,label_amount,same_as_en
nl,label_beneficiary,same_as_en
nl,virement_notice,same_as_en
nl,thanks,same_as_en
nl,regards,same_as_en
nl,service_client,same_as_en
nl,auto_generated_notice,same_as_en
nl,compte_activated_title,same_as_en
nl,compte_activated_heading,same_as_en
nl,good_news,same_as_en
nl,compte_activated_message,same_as_en
nl,compte_activated_explanation,same_as_en
nl,label_holder,same_as_en
nl,label_current_balance,same_as_en
nl,label_status,same_as_en
nl,status_active,same_as_en
nl,you_can_now,same_as_en
nl,can_make_transfers,same_as_en
nl,check_balance,same_as_en
nl,manage_transactions,same_as_en
nl,access_services,same_as_en
nl,thanks_welcome,same_as_en
nl,unlock_code_used_title,same_as_en
nl,unlock_code_used_heading,same_as_en
nl,greeting_simple,same_as_en
nl,info_notification,same_as_en
nl,label_date_time,same_as_en
nl,label_transfer_amount,same_as_en
nl,label_recipient,same_as_en
nl,contact_support_immediately,same_as_en
nl,check_recent_transactions,same_as_en
nl,if_legitimate,same_as_en
nl,client_can_finalize,same_as_en
nl,transfer_unlock_code_title,same_as_en
nl,transfer_unlock_heading,same_as_en
nl,transfer_unlock_message_intro,same_as_en
nl,transfer_unlock_code_label,same_as_en
nl,your_unlock_code,same_as_en
nl,do_not_share_unlock_code,same_as_en
nl,unlock_code_personal_confidential,same_as_en
nl,unlock_code_needed_finalize,same_as_en
nl,contact_support_for_questions,same_as_en
nl,welcome_title,same_as_en
nl,welcome_heading,same_as_en
nl,login_credentials_title,same_as_en
nl,pleasure_to_assist,same_as_en
nl,balance_decreased_title,same_as_en
nl,balance_decreased_heading,same_as_en
nl,balance_decreased_message,same_as_en
nl,label_amount_deducted,same_as_en
nl,label_new_balance,same_as_en
nl,balance_increased_title,same_as_en
nl,balance_increased_heading,same_as_en
nl,balance_increased_message,same_as_en
nl,label_amount_added,same_as_en
nl,thank_you_trust,same_as_en
nl,refund_title,same_as_en
nl,refund_heading,same_as_en
nl,refund_message,same_as_en
nl,transfer_details,same_as_en
nl,label_transfer_date,same_as_en
nl,label_transfer_reason,same_as_en
nl,refund_amount_text,same_as_en
nl,mail_error_alert_title,same_as_en
nl,system_alert,same_as_en
nl,label_failed_recipient,same_as_en
nl,label_context,same_as_en
nl,possible_causes,same_as_en
nl,cause_daily_limit,same_as_en
nl,cause_smtp_connection,same_as_en
nl,cause_smtp_connection_details,same_as_en
nl,cause_auth_failed,same_as_en
nl,cause_auth_failed_details,same_as_en
nl,recommended_actions,same_as_en
nl,action_if_limit,same_as_en
nl,action_check_logs,same_as_en
nl,action_check_logs_details,same_as_en
nl,action_test_connection,same_as_en
nl,action_check_config,same_as_en
nl,action_check_config_details,same_as_en
nl,action_regenerate_password,same_as_en
nl,system_information,same_as_en
nl,label_smtp_server,same_as_en
nl,label_account,same_as_en
nl,label_environment,same_as_en
nl,account_management_system,same_as_en
nl,alert_generated_by_safemail,same_as_en
nl,contact_technical_team,same_as_en
nl,password_reset_title,same_as_en
nl,password_reset_heading,same_as_en
nl,greeting_simple_name,same_as_en
nl,password_reset_reason,same_as_en
nl,password_reset_click_link,same_as_en
nl,compte_created_message,translated
nl,label_email,translated
nl,label_password,translated
nl,support_contact,translated
nl,footer_thanks,translated
nl,contact_support_for_info,translated
nl,unlock_code_used_alert,translated
nl,unlock_code_used_explanation,translated
nl,urgent_if_not_you,translated
nl,change_access_codes,translated
nl,welcome_message,translated
nl,access_member_area,translated
nl,operation_details,translated
nl,contact_us_if_questions,translated
nl,refund_apology_contact,translated
nl,mail_send_failure_detected,translated
nl,email_sending_problem,translated
nl,email_send_failure_explanation,translated
nl,error_details,translated
nl,label_error_message,translated
nl,cause_daily_limit_details,translated
nl,cause_app_password_revoked,translated
nl,cause_app_password_revoked_details,translated
nl,action_if_limit_details,translated
nl,action_regenerate_password_details,translated
nl,alert_auto_generated_notice,translated
nl,password_reset_no_action_needed,translated
nl,thank_you_using_brand,translated
no,label_email,same_as_fr
no,footer_brand,same_as_fr
no,label_date,same_as_fr
no,label_port,same_as_fr
no,compte_created_subject,same_as_en
no,compte_created_title,same_as_en
no,greeting,same_as_en
no,credentials_title,same_as_en
no,label_password,same_as_en
no,label_initial_balance,same_as_en
no,cta_login,same_as_en
no,info_access,same_as_en
no,footer_partner,same_as_en
no,virement_success_subject,same_as_en
no,virement_success_title,same_as_en
no,virement_success_message,same_as_en
no,virement_failed_subject,same_as_en
no,virement_failed_title,same_as_en
no,virement_failed_message,same_as_en
no,details_title,same_as_en
no,label_amount,same_as_en
no,label_beneficiary,same_as_en
no,virement_notice,same_as_en
no,thanks,same_as_en
no,regards,same_as_en
no,service_client,same_as_en
no,auto_generated_notice,same_as_en
no,compte_activated_title,same_as_en
no,compte_activated_heading,same_as_en
no,good_news,same_as_en
no,compte_activated_message,same_as_en
no,compte_activated_explanation,same_as_en
no,label_holder,same_as_en
no,label_current_balance,same_as_en
no,label_status,same_as_en
no,status_active,same_as_en
no,you_can_now,same_as_en
no,can_make_transfers,same_as_en
no,check_balance,same_as_en
no,manage_transactions,same_as_en
no,access_services,same_as_en
no,thanks_welcome,same_as_en
no,unlock_code_used_title,same_as_en
no,unlock_code_used_heading,same_as_en
no,greeting_simple,same_as_en
no,info_notification,same_as_en
no,label_date_time,same_as_en
no,label_transfer_amount,same_as_en
no,label_recipient,same_as_en
no,contact_support_immediately,same_as_en
no,check_recent_transactions,same_as_en
no,if_legitimate,same_as_en
no,client_can_finalize,same_as_en
no,transfer_unlock_code_title,same_as_en
no,transfer_unlock_heading,same_as_en
no,transfer_unlock_message_intro,same_as_en
no,transfer_unlock_code_label,same_as_en
no,your_unlock_code,same_as_en
no,do_not_share_unlock_code,same_as_en
no,unlock_code_personal_confidential,same_as_en
no,unlock_code_needed_finalize,same_as_en
no,contact_support_for_questions,same_as_en
no,welcome_title,same_as_en
no,welcome_heading,same_as_en
no,login_credentials_title,same_as_en
no,pleasure_to_assist,same_as_en
no,balance_decreased_title,same_as_en
no,balance_decreased_heading,same_as_en
no,balance_decreased_message,same_as_en
no,label_amount_deducted,same_as_en
no,label_new_balance,same_as_en
no,balance_increased_title,same_as_en
no,balance_increased_heading,same_as_en
no,balance_increased_message,same_as_en
no,label_amount_added,same_as_en
no,thank_you_trust,same_as_en
no,refund_title,same_as_en
no,refund_heading,same_as_en
no,refund_message,same_as_en
no,transfer_details,same_as_en
no,label_transfer_date,same_as_en
no,label_transfer_reason,same_as_en
no,refund_amount_text,same_as_en
no,mail_error_alert_title,same_as_en
no,system_alert,same_as_en
no,label_failed_recipient,same_as_en
no,label_context,same_as_en
no,possible_causes,same_as_en
no,cause_daily_limit,same_as_en
no,cause_smtp_connection,same_as_en
no,cause_smtp_connection_details,same_as_en
no,cause_auth_failed,same_as_en
no,cause_auth_failed_details,same_as_en
no,recommended_actions,same_as_en
no,action_if_limit,same_as_en
no,action_check_logs,same_as_en
no,action_check_logs_details,same_as_en
no,action_test_connection,same_as_en
no,action_check_config,same_as_en
no,action_check_config_details,same_as_en
no,action_regenerate_password,same_as_en
no,system_information,same_as_en
no,label_smtp_server,same_as_en
no,label_account,same_as_en
no,label_environment,same_as_en
no,account_management_system,same_as_en
no,alert_generated_by_safemail,same_as_en
no,contact_technical_team,same_as_en
no,password_reset_title,same_as_en
no,password_reset_heading,same_as_en
no,greeting_simple_name,same_as_en
no,password_reset_reason,same_as_en
no,password_reset_click_link,same_as_en
no,compte_created_message,translated
no,support_contact,translated
no,footer_thanks,translated
no,contact_support_for_info,translated
no,unlock_code_used_alert,translated
no,unlock_code_used_explanation,translated
no,urgent_if_not_you,translated
no,change_access_codes,translated
no,welcome_message,translated
no,access_member_area,translated
no,operation_details,translated
no,contact_us_if_questions,translated
no,refund_apology_contact,translated
no,mail_send_failure_detected,translated
no,email_sending_problem,translated
no,email_send_failure_explanation,translated
no,error_details,translated
no,label_error_message,translated
no,cause_daily_limit_details,translated
no,cause_app_password_revoked,translated
no,cause_app_password_revoked_details,translated
no,action_if_limit_details,translated
no,action_regenerate_password_details,translated
no,alert_auto_generated_notice,translated
no,password_reset_no_action_needed,translated
no,thank_you_using_brand,translated
ny,compte_created_subject,same_as_fr
ny,compte_created_title,same_as_fr
ny,greeting,same_as_fr
ny,compte_created_message,same_as_fr
ny,credentials_title,same_as_fr
ny,label_email,same_as_fr
ny,label_password,same_as_fr
ny,label_initial_balance,same_as_fr
ny,cta_login,same_as_fr
ny,info_access,same_as_fr
ny,support_contact,same_as_fr
ny,footer_thanks,same_as_fr
ny,footer_brand,same_as_fr
ny,footer_partner,same_as_fr
ny,virement_success_subject,same_as_fr
ny,virement_success_title,same_as_fr
ny,virement_success_message,same_as_fr
ny,virement_failed_subject,same_as_fr
ny,virement_failed_title,same_as_fr
ny,virement_failed_message,same_as_fr
ny,details_title,same_as_fr
ny,label_amount,same_as_fr
ny,label_date,same_as_fr
ny,label_beneficiary,same_as_fr
ny,virement_notice,same_as_fr
ny,thanks,same_as_fr
ny,contact_support_for_info,same_as_fr
ny,regards,same_as_fr
ny,service_client,same_as_fr
ny,auto_generated_notice,same_as_fr
ny,compte_activated_title,same_as_fr
ny,compte_activated_heading,same_as_fr
ny,good_news,same_as_fr
ny,compte_activated_message,same_as_fr
ny,compte_activated_explanation,same_as_fr
ny,label_holder,same_as_fr
ny,label_current_balance,same_as_fr
ny,label_status,same_as_fr
ny,status_active,same_as_fr
ny,you_can_now,same_as_fr
ny,can_make_transfers,same_as_fr
ny,check_balance,same_as_fr
ny,manage_transactions,same_as_fr
ny,access_services,same_as_fr
ny,thanks_welcome,same_as_fr
ny,unlock_code_used_title,same_as_fr
ny,unlock_code_used_heading,same_as_fr
ny,greeting_simple,same_as_fr
ny,info_notification,same_as_fr
ny,unlock_code_used_alert,same_as_fr
ny,unlock_code_used_explanation,same_as_fr
ny,label_date_time,same_as_fr
ny,label_transfer_amount,same_as_fr
ny,label_recipient,same_as_fr
ny,urgent_if_not_you,same_as_fr
ny,contact_support_immediately,same_as_fr
ny,check_recent_transactions,same_as_fr
ny,change_access_codes,same_as_fr
ny,if_legitimate,same_as_fr
ny,client_can_finalize,same_as_fr
ny,transfer_unlock_code_title,same_as_fr
ny,transfer_unlock_heading,same_as_fr
ny,transfer_unlock_message_intro,same_as_fr
ny,transfer_unlock_code_label,same_as_fr
ny,your_unlock_code,same_as_fr
ny,do_not_share_unlock_code,same_as_fr
ny,unlock_code_personal_confidential,same_as_fr
ny,unlock_code_needed_finalize,same_as_fr
ny,contact_support_for_questions,same_as_fr
ny,welcome_title,same_as_fr
ny,welcome_heading,same_as_fr
ny,welcome_message,same_as_fr
ny,login_credentials_title,same_as_fr
ny,access_member_area,same_as_fr
ny,pleasure_to_assist,same_as_fr
ny,balance_decreased_title,same_as_fr
ny,balance_decreased_heading,same_as_fr
ny,balance_decreased_message,same_as_fr
ny,operation_details,same_as_fr
ny,label_amount_deducted,same_as_fr
ny,label_new_balance,same_as_fr
ny,contact_us_if_questions,same_as_fr
ny,balance_increased_title,same_as_fr
ny,balance_increased_heading,same_as_fr
ny,balance_increased_message,same_as_fr
ny,label_amount_added,same_as_fr
ny,thank_you_trust,same_as_fr
ny,refund_title,same_as_fr
ny,refund_heading,same_as_fr
ny,refund_message,same_as_fr
ny,transfer_details,same_as_fr
ny,label_transfer_date,same_as_fr
ny,label_transfer_reason,same_as_fr
ny,refund_amount_text,same_as_fr
ny,refund_apology_contact,same_as_fr
ny,mail_error_alert_title,same_as_fr
ny,system_alert,same_as_fr
ny,mail_send_failure_detected,same_as_fr
ny,email_sending_problem,same_as_fr
ny,email_send_failure_explanation,same_as_fr
ny,error_details,same_as_fr
ny,label_failed_recipient,same_as_fr
ny,label_context,same_as_fr
ny,label_error_message,same_as_fr
ny,possible_causes,same_as_fr
ny,cause_daily_limit,same_as_fr
ny,cause_daily_limit_details,same_as_fr
ny,cause_smtp_connection,same_as_fr
ny,cause_smtp_connection_details,same_as_fr
ny,cause_auth_failed,same_as_fr
ny,cause_auth_failed_details,same_as_fr
ny,cause_app_password_revoked,same_as_fr
ny,cause_app_password_revoked_details,same_as_fr
ny,recommended_actions,same_as_fr
ny,action_if_limit,same_as_fr
ny,action_if_limit_details,same_as_fr
ny,action_check_logs,same_as_fr
ny,action_check_logs_details,same_as_fr
ny,action_test_connection,same_as_fr
ny,action_check_config,same_as_fr
ny,action_check_config_details,same_as_fr
ny,action_regenerate_password,same_as_fr
ny,action_regenerate_password_details,same_as_fr
ny,system_information,same_as_fr
ny,label_smtp_server,same_as_fr
ny,label_port,same_as_fr
ny,label_account,same_as_fr
ny,label_environment,same_as_fr
ny,alert_auto_generated_notice,same_as_fr
ny,account_management_system,same_as_fr
ny,alert_generated_by_safemail,same_as_fr
ny,contact_technical_team,same_as_fr
ny,password_reset_title,same_as_fr
ny,password_reset_heading,same_as_fr
ny,greeting_simple_name,same_as_fr
ny,password_reset_reason,same_as_fr
ny,password_reset_click_link,same_as_fr
ny,password_reset_no_action_needed,same_as_fr
ny,thank_you_using_brand,same_as_fr
or,compte_created_subject,same_as_fr
or,compte_created_title,same_as_fr
or,greeting,same_as_fr
or,compte_created_message,same_as_fr
or,credentials_title,same_as_fr
or,label_email,same_as_fr
or,label_password,same_as_fr
or,label_initial_balance,same_as_fr
or,cta_login,same_as_fr
or,info_access,same_as_fr
or,support_contact,same_as_fr
or,footer_thanks,same_as_fr
or,footer_brand,same_as_fr
or,footer_partner,same_as_fr
or,virement_success_subject,same_as_fr
or,virement_success_title,same_as_fr
or,virement_success_message,same_as_fr
or,virement_failed_subject,same_as_fr
or,virement_failed_title,same_as_fr
or,virement_failed_message,same_as_fr
or,details_title,same_as_fr
or,label_amount,same_as_fr
or,label_date,same_as_fr
or,label_beneficiary,same_as_fr
or,virement_notice,same_as_fr
or,thanks,same_as_fr
or,contact_support_for_info,same_as_fr
or,regards,same_as_fr
or,service_client,same_as_fr
or,auto_generated_notice,same_as_fr
or,compte_activated_title,same_as_fr
or,compte_activated_heading,same_as_fr
or,good_news,same_as_fr
or,compte_activated_message,same_as_fr
or,compte_activated_explanation,same_as_fr
or,label_holder,same_as_fr
or,label_current_balance,same_as_fr
or,label_status,same_as_fr
or,status_active,same_as_fr
or,you_can_now,same_as_fr
or,can_make_transfers,same_as_fr
or,check_balance,same_as_fr
or,manage_transactions,same_as_fr
or,access_services,same_as_fr
or,thanks_welcome,same_as_fr
or,unlock_code_used_title,same_as_fr
or,unlock_code_used_heading,same_as_fr
or,greeting_simple,same_as_fr
or,info_notification,same_as_fr
or,unlock_code_used_alert,same_as_fr
or,unlock_code_used_explanation,same_as_fr
or,label_date_time,same_as_fr
or,label_transfer_amount,same_as_fr
or,label_recipient,same_as_fr
or,urgent_if_not_you,same_as_fr
or,contact_support_immediately,same_as_fr
or,check_recent_transactions,same_as_fr
or,change_access_codes,same_as_fr
or,if_legitimate,same_as_fr
or,client_can_finalize,same_as_fr
or,transfer_unlock_code_title,same_as_fr
or,transfer_unlock_heading,same_as_fr
or,transfer_unlock_message_intro,same_as_fr
or,transfer_unlock_code_label,same_as_fr
or,your_unlock_code,same_as_fr
or,do_not_share_unlock_code,same_as_fr
or,unlock_code_personal_confidential,same_as_fr
or,unlock_code_needed_finalize,same_as_fr
or,contact_support_for_questions,same_as_fr
or,welcome_title,same_as_fr
or,welcome_heading,same_as_fr
or,welcome_message,same_as_fr
or,login_credentials_title,same_as_fr
or,access_member_area,same_as_fr
or,pleasure_to_assist,same_as_fr
or,balance_decreased_title,same_as_fr
or,balance_decreased_heading,same_as_fr
or,balance_decreased_message,same_as_fr
or,operation_details,same_as_fr
or,label_amount_deducted,same_as_fr
or,label_new_balance,same_as_fr
or,contact_us_if_questions,same_as_fr
or,balance_increased_title,same_as_fr
or,balance_increased_heading,same_as_fr
or,balance_increased_message,same_as_fr
or,label_amount_added,same_as_fr
or,thank_you_trust,same_as_fr
or,refund_title,same_as_fr
or,refund_heading,same_as_fr
or,refund_message,same_as_fr
or,transfer_details,same_as_fr
or,label_transfer_date,same_as_fr
or,label_transfer_reason,same_as_fr
or,refund_amount_text,same_as_fr
or,refund_apology_contact,same_as_fr
or,mail_error_alert_title,same_as_fr
or,system_alert,same_as_fr
or,mail_send_failure_detected,same_as_fr
or,email_sending_problem,same_as_fr
or,email_send_failure_explanation,same_as_fr
or,error_details,same_as_fr
or,label_failed_recipient,same_as_fr
or,label_context,same_as_fr
or,label_error_message,same_as_fr
or,possible_causes,same_as_fr
or,cause_daily_limit,same_as_fr
or,cause_daily_limit_details,same_as_fr
or,cause_smtp_connection,same_as_fr
or,cause_smtp_connection_details,same_as_fr
or,cause_auth_failed,same_as_fr
or,cause_auth_failed_details,same_as_fr
or,cause_app_password_revoked,same_as_fr
or,cause_app_password_revoked_details,same_as_fr
or,recommended_actions,same_as_fr
or,action_if_limit,same_as_fr
or,action_if_limit_details,same_as_fr
or,action_check_logs,same_as_fr
or,action_check_logs_details,same_as_fr
or,action_test_connection,same_as_fr
or,action_check_config,same_as_fr
or,action_check_config_details,same_as_fr
or,action_regenerate_password,same_as_fr
or,action_regenerate_password_details,same_as_fr
or,system_information,same_as_fr
or,label_smtp_server,same_as_fr
or,label_port,same_as_fr
or,label_account,same_as_fr
or,label_environment,same_as_fr
or,alert_auto_generated_notice,same_as_fr
or,account_management_system,same_as_fr
or,alert_generated_by_safemail,same_as_fr
or,contact_technical_team,same_as_fr
or,password_reset_title,same_as_fr
or,password_reset_heading,same_as_fr
or,greeting_simple_name,same_as_fr
or,password_reset_reason,same_as_fr
or,password_reset_click_link,same_as_fr
or,password_reset_no_action_needed,same_as_fr
or,thank_you_using_brand,same_as_fr
pa,compte_created_subject,same_as_fr
pa,compte_created_title,same_as_fr
pa,greeting,same_as_fr
pa,compte_created_message,same_as_fr
pa,credentials_title,same_as_fr
pa,label_email,same_as_fr
pa,label_password,same_as_fr
pa,label_initial_balance,same_as_fr
pa,cta_login,same_as_fr
pa,info_access,same_as_fr
pa,support_contact,same_as_fr
pa,footer_thanks,same_as_fr
pa,footer_brand,same_as_fr
pa,footer_partner,same_as_fr
pa,virement_success_subject,same_as_fr
pa,virement_success_title,same_as_fr
pa,virement_success_message,same_as_fr
pa,virement_failed_subject,same_as_fr
pa,virement_failed_title,same_as_fr
pa,virement_failed_message,same_as_fr
pa,details_title,same_as_fr
pa,label_amount,same_as_fr
pa,label_date,same_as_fr
pa,label_beneficiary,same_as_fr
pa,virement_notice,same_as_fr
pa,thanks,same_as_fr
pa,contact_support_for_info,same_as_fr
pa,regards,same_as_fr
pa,service_client,same_as_fr
pa,auto_generated_notice,same_as_fr
pa,compte_activated_title,same_as_fr
pa,compte_activated_heading,same_as_fr
pa,good_news,same_as_fr
pa,compte_activated_message,same_as_fr
pa,compte_activated_explanation,same_as_fr
pa,label_holder,same_as_fr
pa,label_current_balance,same_as_fr
pa,label_status,same_as_fr
pa,status_active,same_as_fr
pa,you_can_now,same_as_fr
pa,can_make_transfers,same_as_fr
pa,check_balance,same_as_fr
pa,manage_transactions,same_as_fr
pa,access_services,same_as_fr
pa,thanks_welcome,same_as_fr
pa,unlock_code_used_title,same_as_fr
pa,unlock_code_used_heading,same_as_fr
pa,greeting_simple,same_as_fr
pa,info_notification,same_as_fr
pa,unlock_code_used_alert,same_as_fr
pa,unlock_code_used_explanation,same_as_fr
pa,label_date_time,same_as_fr
pa,label_transfer_amount,same_as_fr
pa,label_recipient,same_as_fr
pa,urgent_if_not_you,same_as_fr
pa,contact_support_immediately,same_as_fr
pa,check_recent_transactions,same_as_fr
pa,change_access_codes,same_as_fr
pa,if_legitimate,same_as_fr
pa,client_can_finalize,same_as_fr
pa,transfer_unlock_code_title,same_as_fr
pa,transfer_unlock_heading,same_as_fr
pa,transfer_unlock_message_intro,same_as_fr
pa,transfer_unlock_code_label,same_as_fr
pa,your_unlock_code,same_as_fr
pa,do_not_share_unlock_code,same_as_fr
pa,unlock_code_personal_confidential,same_as_fr
pa,unlock_code_needed_finalize,same_as_fr
pa,contact_support_for_questions,same_as_fr
pa,welcome_title,same_as_fr
pa,welcome_heading,same_as_fr
pa,welcome_message,same_as_fr
pa,login_credentials_title,same_as_fr
pa,access_member_area,same_as_fr
pa,pleasure_to_assist,same_as_fr
pa,balance_decreased_title,same_as_fr
pa,balance_decreased_heading,same_as_fr
pa,balance_decreased_message,same_as_fr
pa,operation_details,same_as_fr
pa,label_amount_deducted,same_as_fr
pa,label_new_balance,same_as_fr
pa,contact_us_if_questions,same_as_fr
pa,balance_increased_title,same_as_fr
pa,balance_increased_heading,same_as_fr
pa,balance_increased_message,same_as_fr
pa,label_amount_added,same_as_fr
pa,thank_you_trust,same_as_fr
pa,refund_title,same_as_fr
pa,refund_heading,same_as_fr
pa,refund_message,same_as_fr
pa,transfer_details,same_as_fr
pa,label_transfer_date,same_as_fr
pa,label_transfer_reason,same_as_fr
pa,refund_amount_text,same_as_fr
pa,refund_apology_contact,same_as_fr
pa,mail_error_alert_title,same_as_fr
pa,system_alert,same_as_fr
pa,mail_send_failure_detected,same_as_fr
pa,email_sending_problem,same_as_fr
pa,email_send_failure_explanation,same_as_fr
pa,error_details,same_as_fr
pa,label_failed_recipient,same_as_fr
pa,label_context,same_as_fr
pa,label_error_message,same_as_fr
pa,possible_causes,same_as_fr
pa,cause_daily_limit,same_as_fr
pa,cause_daily_limit_details,same_as_fr
pa,cause_smtp_connection,same_as_fr
pa,cause_smtp_connection_details,same_as_fr
pa,cause_auth_failed,same_as_fr
pa,cause_auth_failed_details,same_as_fr
pa,cause_app_password_revoked,same_as_fr
pa,cause_app_password_revoked_details,same_as_fr
pa,recommended_actions,same_as_fr
pa,action_if_limit,same_as_fr
pa,action_if_limit_details,same_as_fr
pa,action_check_logs,same_as_fr
pa,action_check_logs_details,same_as_fr
pa,action_test_connection,same_as_fr
pa,action_check_config,same_as_fr
pa,action_check_config_details,same_as_fr
pa,action_regenerate_password,same_as_fr
pa,action_regenerate_password_details,same_as_fr
pa,system_information,same_as_fr
pa,label_smtp_server,same_as_fr
pa,label_port,same_as_fr
pa,label_account,same_as_fr
pa,label_environment,same_as_fr
pa,alert_auto_generated_notice,same_as_fr
pa,account_management_system,same_as_fr
pa,alert_generated_by_safemail,same_as_fr
pa,contact_technical_team,same_as_fr
pa,password_reset_title,same_as_fr
pa,password_reset_heading,same_as_fr
pa,greeting_simple_name,same_as_fr
pa,password_reset_reason,same_as_fr
pa,password_reset_click_link,same_as_fr
pa,password_reset_no_action_needed,same_as_fr
pa,thank_you_using_brand,same_as_fr
pl,footer_brand,same_as_fr
pl,label_date,same_as_fr
pl,label_port,same_as_fr
pl,compte_created_subject,same_as_en
pl,compte_created_title,same_as_en
pl,greeting,same_as_en
pl,credentials_title,same_as_en
pl,label_initial_balance,same_as_en
pl,cta_login,same_as_en
pl,info_access,same_as_en
pl,footer_partner,same_as_en
pl,virement_success_subject,same_as_en
pl,virement_success_title,same_as_en
pl,virement_success_message,same_as_en
pl,virement_failed_subject,same_as_en
pl,virement_failed_title,same_as_en
pl,virement_failed_message,same_as_en
pl,details_title,same_as_en
pl,label_amount,same_as_en
pl,label_beneficiary,same_as_en
pl,virement_notice,same_as_en
pl,thanks,same_as_en
pl,regards,same_as_en
pl,service_client,same_as_en
pl,auto_generated_notice,same_as_en
pl,compte_activated_title,same_as_en
pl,compte_activated_heading,same_as_en
pl,good_news,same_as_en
pl,compte_activated_message,same_as_en
pl,compte_activated_explanation,same_as_en
pl,label_holder,same_as_en
pl,label_current_balance,same_as_en
pl,label_status,same_as_en
pl,status_active,same_as_en
pl,you_can_now,same_as_en
pl,can_make_transfers,same_as_en
pl,check_balance,same_as_en
pl,manage_transactions,same_as_en
pl,access_services,same_as_en
pl,thanks_welcome,same_as_en
pl,unlock_code_used_title,same_as_en
pl,unlock_code_used_heading,same_as_en
pl,greeting_simple,same_as_en
pl,info_notification,same_as_en
pl,label_date_time,same_as_en
pl,label_transfer_amount,same_as_en
pl,label_recipient,same_as_en
pl,contact_support_immediately,same_as_en
pl,check_recent_transactions,same_as_en
pl,if_legitimate,same_as_en
pl,client_can_finalize,same_as_en
pl,transfer_unlock_code_title,same_as_en
pl,transfer_unlock_heading,same_as_en
pl,transfer_unlock_message_intro,same_as_en
pl,transfer_unlock_code_label,same_as_en
pl,your_unlock_code,same_as_en
pl,do_not_share_unlock_code,same_as_en
pl,unlock_code_personal_confidential,same_as_en
pl,unlock_code_needed_finalize,same_as_en
pl,contact_support_for_questions,same_as_en
pl,welcome_title,same_as_en
pl,welcome_heading,same_as_en
pl,login_credentials_title,same_as_en
pl,pleasure_to_assist,same_as_en
pl,balance_decreased_title,same_as_en
pl,balance_decreased_heading,same_as_en
pl,balance_decreased_message,same_as_en
pl,label_amount_deducted,same_as_en
pl,label_new_balance,same_as_en
pl,balance_increased_title,same_as_en
pl,balance_increased_heading,same_as_en
pl,balance_increased_message,same_as_en
pl,label_amount_added,same_as_en
pl,thank_you_trust,same_as_en
pl,refund_title,same_as_en
pl,refund_heading,same_as_en
pl,refund_message,same_as_en
pl,transfer_details,same_as_en
pl,label_transfer_date,same_as_en
pl,label_transfer_reason,same_as_en
pl,refund_amount_text,same_as_en
pl,mail_error_alert_title,same_as_en
pl,system_alert,same_as_en
pl,label_failed_recipient,same_as_en
pl,label_context,same_as_en
pl,possible_causes,same_as_en
pl,cause_daily_limit,same_as_en
pl,cause_smtp_connection,same_as_en
pl,cause_smtp_connection_details,same_as_en
pl,cause_auth_failed,same_as_en
pl,cause_auth_failed_details,same_as_en
pl,recommended_actions,same_as_en
pl,action_if_limit,same_as_en
pl,action_check_logs,same_as_en
pl,action_check_logs_details,same_as_en
pl,action_test_connection,same_as_en
pl,action_check_config,same_as_en
pl,action_check_config_details,same_as_en
pl,action_regenerate_password,same_as_en
pl,system_information,same_as_en
pl,label_smtp_server,same_as_en
pl,label_account,same_as_en
pl,label_environment,same_as_en
pl,account_management_system,same_as_en
pl,alert_generated_by_safemail,same_as_en
pl,contact_technical_team,same_as_en
pl,password_reset_title,same_as_en
pl,password_reset_heading,same_as_en
pl,greeting_simple_name,same_as_en
pl,password_reset_reason,same_as_en
pl,password_reset_click_link,same_as_en
pl,compte_created_message,translated
pl,label_email,translated
pl,label_password,translated
pl,support_contact,translated
pl,footer_thanks,translated
pl,contact_support_for_info,translated
pl,unlock_code_used_alert,translated
pl,unlock_code_used_explanation,translated
pl,urgent_if_not_you,translated
pl,change_access_codes,translated
pl,welcome_message,translated
pl,access_member_area,translated
pl,operation_details,translated
pl,contact_us_if_questions,translated
pl,refund_apology_contact,translated
pl,mail_send_failure_detected,translated
pl,email_sending_problem,translated
pl,email_send_failure_explanation,translated
pl,error_details,translated
pl,label_error_message,translated
pl,cause_daily_limit_details,translated
pl,cause_app_password_revoked,translated
pl,cause_app_password_revoked_details,translated
pl,action_if_limit_details,translated
pl,action_regenerate_password_details,translated
pl,alert_auto_generated_notice,translated
pl,password_reset_no_action_needed,translated
pl,thank_you_using_brand,translated
ps,compte_created_subject,same_as_fr
ps,compte_created_title,same_as_fr
ps,greeting,same_as_fr
ps,compte_created_message,same_as_fr
ps,credentials_title,same_as_fr
ps,label_email,same_as_fr
ps,label_password,same_as_fr
ps,label_initial_balance,same_as_fr
ps,cta_login,same_as_fr
ps,info_access,same_as_fr
ps,support_contact,same_as_fr
ps,footer_thanks,same_as_fr
ps,footer_brand,same_as_fr
ps,footer_partner,same_as_fr
ps,virement_success_subject,same_as_fr
ps,virement_success_title,same_as_fr
ps,virement_success_message,same_as_fr
ps,virement_failed_subject,same_as_fr
ps,virement_failed_title,same_as_fr
ps,virement_failed_message,same_as_fr
ps,details_title,same_as_fr
ps,label_amount,same_as_fr
ps,label_date,same_as_fr
ps,label_beneficiary,same_as_fr
ps,virement_notice,same_as_fr
ps,thanks,same_as_fr
ps,contact_support_for_info,same_as_fr
ps,regards,same_as_fr
ps,service_client,same_as_fr
ps,auto_generated_notice,same_as_fr
ps,compte_activated_title,same_as_fr
ps,compte_activated_heading,same_as_fr
ps,good_news,same_as_fr
ps,compte_activated_message,same_as_fr
ps,compte_activated_explanation,same_as_fr
ps,label_holder,same_as_fr
ps,label_current_balance,same_as_fr
ps,label_status,same_as_fr
ps,status_active,same_as_fr
ps,you_can_now,same_as_fr
ps,can_make_transfers,same_as_fr
ps,check_balance,same_as_fr
ps,manage_transactions,same_as_fr
ps,access_services,same_as_fr
ps,thanks_welcome,same_as_fr
ps,unlock_code_used_title,same_as_fr
ps,unlock_code_used_heading,same_as_fr
ps,greeting_simple,same_as_fr
ps,info_notification,same_as_fr
ps,unlock_code_used_alert,same_as_fr
ps,unlock_code_used_explanation,same_as_fr
ps,label_date_time,same_as_fr
ps,label_transfer_amount,same_as_fr
ps,label_recipient,same_as_fr
ps,urgent_if_not_you,same_as_fr
ps,contact_support_immediately,same_as_fr
ps,check_recent_transactions,same_as_fr
ps,change_access_codes,same_as_fr
ps,if_legitimate,same_as_fr
ps,client_can_finalize,same_as_fr
ps,transfer_unlock_code_title,same_as_fr
ps,transfer_unlock_heading,same_as_fr
ps,transfer_unlock_message_intro,same_as_fr
ps,transfer_unlock_code_label,same_as_fr
ps,your_unlock_code,same_as_fr
ps,do_not_share_unlock_code,same_as_fr
ps,unlock_code_personal_confidential,same_as_fr
ps,unlock_code_needed_finalize,same_as_fr
ps,contact_support_for_questions,same_as_fr
ps,welcome_title,same_as_fr
ps,welcome_heading,same_as_fr
ps,welcome_message,same_as_fr
ps,login_credentials_title,same_as_fr
ps,access_member_area,same_as_fr
ps,pleasure_to_assist,same_as_fr
ps,balance_decreased_title,same_as_fr
ps,balance_decreased_heading,same_as_fr
ps,balance_decreased_message,same_as_fr
ps,operation_details,same_as_fr
ps,label_amount_deducted,same_as_fr
ps,label_new_balance,same_as_fr
ps,contact_us_if_questions,same_as_fr
ps,balance_increased_title,same_as_fr
ps,balance_increased_heading,same_as_fr
ps,balance_increased_message,same_as_fr
ps,label_amount_added,same_as_fr
ps,thank_you_trust,same_as_fr
ps,refund_title,same_as_fr
ps,refund_heading,same_as_fr
ps,refund_message,same_as_fr
ps,transfer_details,same_as_fr
ps,label_transfer_date,same_as_fr
ps,label_transfer_reason,same_as_fr
ps,refund_amount_text,same_as_fr
ps,refund_apology_contact,same_as_fr
ps,mail_error_alert_title,same_as_fr
ps,system_alert,same_as_fr
ps,mail_send_failure_detected,same_as_fr
ps,email_sending_problem,same_as_fr
ps,email_send_failure_explanation,same_as_fr
ps,error_details,same_as_fr
ps,label_failed_recipient,same_as_fr
ps,label_context,same_as_fr
ps,label_error_message,same_as_fr
ps,possible_causes,same_as_fr
ps,cause_daily_limit,same_as_fr
ps,cause_daily_limit_details,same_as_fr
ps,cause_smtp_connection,same_as_fr
ps,cause_smtp_connection_details,same_as_fr
ps,cause_auth_failed,same_as_fr
ps,cause_auth_failed_details,same_as_fr
ps,cause_app_password_revoked,same_as_fr
ps,cause_app_password_revoked_details,same_as_fr
ps,recommended_actions,same_as_fr
ps,action_if_limit,same_as_fr
ps,action_if_limit_details,same_as_fr
ps,action_check_logs,same_as_fr
ps,action_check_logs_details,same_as_fr
ps,action_test_connection,same_as_fr
ps,action_check_config,same_as_fr
ps,action_check_config_details,same_as_fr
ps,action_regenerate_password,same_as_fr
ps,action_regenerate_password_details,same_as_fr
ps,system_information,same_as_fr
ps,label_smtp_server,same_as_fr
ps,label_port,same_as_fr
ps,label_account,same_as_fr
ps,label_environment,same_as_fr
ps,alert_auto_generated_notice,same_as_fr
ps,account_management_system,same_as_fr
ps,alert_generated_by_safemail,same_as_fr
ps,contact_technical_team,same_as_fr
ps,password_reset_title,same_as_fr
ps,password_reset_heading,same_as_fr
ps,greeting_simple_name,same_as_fr
ps,password_reset_reason,same_as_fr
ps,password_reset_click_link,same_as_fr
ps,password_reset_no_action_needed,same_as_fr
ps,thank_you_using_brand,same_as_fr
pt,footer_brand,same_as_fr
pt,label_date,same_as_fr
pt,label_port,same_as_fr
pt,compte_created_subject,same_as_en
pt,compte_created_title,same_as_en
pt,greeting,same_as_en
pt,credentials_title,same_as_en
pt,label_initial_balance,same_as_en
pt,cta_login,same_as_en
pt,info_access,same_as_en
pt,footer_partner,same_as_en
pt,virement_success_subject,same_as_en
pt,virement_success_title,same_as_en
pt,virement_success_message,same_as_en
pt,virement_failed_subject,same_as_en
pt,virement_failed_title,same_as_en
pt,virement_failed_message,same_as_en
pt,details_title,same_as_en
pt,label_amount,same_as_en
pt,label_beneficiary,same_as_en
pt,virement_notice,same_as_en
pt,thanks,same_as_en
pt,regards,same_as_en
pt,service_client,same_as_en
pt,auto_generated_notice,same_as_en
pt,compte_activated_title,same_as_en
pt,compte_activated_heading,same_as_en
pt,good_news,same_as_en
pt,compte_activated_message,same_as_en
pt,compte_activated_explanation,same_as_en
pt,label_holder,same_as_en
pt,label_current_balance,same_as_en
pt,label_status,same_as_en
pt,status_active,same_as_en
pt,you_can_now,same_as_en
pt,can_make_transfers,same_as_en
pt,check_balance,same_as_en
pt,manage_transactions,same_as_en
pt,access_services,same_as_en
pt,thanks_welcome,same_as_en
pt,unlock_code_used_title,same_as_en
pt,unlock_code_used_heading,same_as_en
pt,greeting_simple,same_as_en
pt,info_notification,same_as_en
pt,label_date_time,same_as_en
pt,label_transfer_amount,same_as_en
pt,label_recipient,same_as_en
pt,contact_support_immediately,same_as_en
pt,check_recent_transactions,same_as_en
pt,if_legitimate,same_as_en
pt,client_can_finalize,same_as_en
pt,transfer_unlock_code_title,same_as_en
pt,transfer_unlock_heading,same_as_en
pt,transfer_unlock_message_intro,same_as_en
pt,transfer_unlock_code_label,same_as_en
pt,your_unlock_code,same_as_en
pt,do_not_share_unlock_code,same_as_en
pt,unlock_code_personal_confidential,same_as_en
pt,unlock_code_needed_finalize,same_as_en
pt,contact_support_for_questions,same_as_en
pt,welcome_title,same_as_en
pt,welcome_heading,same_as_en
pt,login_credentials_title,same_as_en
pt,pleasure_to_assist,same_as_en
pt,balance_decreased_title,same_as_en
pt,balance_decreased_heading,same_as_en
pt,balance_decreased_message,same_as_en
pt,label_amount_deducted,same_as_en
pt,label_new_balance,same_as_en
pt,balance_increased_title,same_as_en
pt,balance_increased_heading,same_as_en
pt,balance_increased_message,same_as_en
pt,label_amount_added,same_as_en
pt,thank_you_trust,same_as_en
pt,refund_title,same_as_en
pt,refund_heading,same_as_en
pt,refund_message,same_as_en
pt,transfer_details,same_as_en
pt,label_transfer_date,same_as_en
pt,label_transfer_reason,same_as_en
pt,refund_amount_text,same_as_en
pt,mail_error_alert_title,same_as_en
pt,system_alert,same_as_en
pt,label_failed_recipient,same_as_en
pt,label_context,same_as_en
pt,possible_causes,same_as_en
pt,cause_daily_limit,same_as_en
pt,cause_smtp_connection,same_as_en
pt,cause_smtp_connection_details,same_as_en
pt,cause_auth_failed,same_as_en
pt,cause_auth_failed_details,same_as_en
pt,recommended_actions,same_as_en
pt,action_if_limit,same_as_en
pt,action_check_logs,same_as_en
pt,action_check_logs_details,same_as_en
pt,action_test_connection,same_as_en
pt,action_check_config,same_as_en
pt,action_check_config_details,same_as_en
pt,action_regenerate_password,same_as_en
pt,system_information,same_as_en
pt,label_smtp_server,same_as_en
pt,label_account,same_as_en
pt,label_environment,same_as_en
pt,account_management_system,same_as_en
pt,alert_generated_by_safemail,same_as_en
pt,contact_technical_team,same_as_en
pt,password_reset_title,same_as_en
pt,password_reset_heading,same_as_en
pt,greeting_simple_name,same_as_en
pt,password_reset_reason,same_as_en
pt,password_reset_click_link,same_as_en
pt,compte_created_message,translated
pt,label_email,translated
pt,label_password,translated
pt,support_contact,translated
pt,footer_thanks,translated
pt,contact_support_for_info,translated
pt,unlock_code_used_alert,translated
pt,unlock_code_used_explanation,translated
pt,urgent_if_not_you,translated
pt,change_access_codes,translated
pt,welcome_message,translated
pt,access_member_area,translated
pt,operation_details,translated
pt,contact_us_if_questions,translated
pt,refund_apology_contact,translated
pt,mail_send_failure_detected,translated
pt,email_sending_problem,translated
pt,email_send_failure_explanation,translated
pt,error_details,translated
pt,label_error_message,translated
pt,cause_daily_limit_details,translated
pt,cause_app_password_revoked,translated
pt,cause_app_password_revoked_details,translated
pt,action_if_limit_details,translated
pt,action_regenerate_password_details,translated
pt,alert_auto_generated_notice,translated
pt,password_reset_no_action_needed,translated
pt,thank_you_using_brand,translated
ro,footer_brand,same_as_fr
ro,label_date,same_as_fr
ro,label_port,same_as_fr
ro,compte_created_subject,same_as_en
ro,compte_created_title,same_as_en
ro,greeting,same_as_en
ro,credentials_title,same_as_en
ro,label_initial_balance,same_as_en
ro,cta_login,same_as_en
ro,info_access,same_as_en
ro,footer_partner,same_as_en
ro,virement_success_subject,same_as_en
ro,virement_success_title,same_as_en
ro,virement_success_message,same_as_en
ro,virement_failed_subject,same_as_en
ro,virement_failed_title,same_as_en
ro,virement_failed_message,same_as_en
ro,details_title,same_as_en
ro,label_amount,same_as_en
ro,label_beneficiary,same_as_en
ro,virement_notice,same_as_en
ro,thanks,same_as_en
ro,regards,same_as_en
ro,service_client,same_as_en
ro,auto_generated_notice,same_as_en
ro,compte_activated_title,same_as_en
ro,compte_activated_heading,same_as_en
ro,good_news,same_as_en
ro,compte_activated_message,same_as_en
ro,compte_activated_explanation,same_as_en
ro,label_holder,same_as_en
ro,label_current_balance,same_as_en
ro,label_status,same_as_en
ro,status_active,same_as_en
ro,you_can_now,same_as_en
ro,can_make_transfers,same_as_en
ro,check_balance,same_as_en
ro,manage_transactions,same_as_en
ro,access_services,same_as_en
ro,thanks_welcome,same_as_en
ro,unlock_code_used_title,same_as_en
ro,unlock_code_used_heading,same_as_en
ro,greeting_simple,same_as_en
ro,info_notification,same_as_en
ro,label_date_time,same_as_en
ro,label_transfer_amount,same_as_en
ro,label_recipient,same_as_en
ro,contact_support_immediately,same_as_en
ro,check_recent_transactions,same_as_en
ro,if_legitimate,same_as_en
ro,client_can_finalize,same_as_en
ro,transfer_unlock_code_title,same_as_en
ro,transfer_unlock_heading,same_as_en
ro,transfer_unlock_message_intro,same_as_en
ro,transfer_unlock_code_label,same_as_en
ro,your_unlock_code,same_as_en
ro,do_not_share_unlock_code,same_as_en
ro,unlock_code_personal_confidential,same_as_en
ro,unlock_code_needed_finalize,same_as_en
ro,contact_support_for_questions,same_as_en
ro,welcome_title,same_as_en
ro,welcome_heading,same_as_en
ro,login_credentials_title,same_as_en
ro,pleasure_to_assist,same_as_en
ro,balance_decreased_title,same_as_en
ro,balance_decreased_heading,same_as_en
ro,balance_decreased_message,same_as_en
ro,label_amount_deducted,same_as_en
ro,label_new_balance,same_as_en
ro,balance_increased_title,same_as_en
ro,balance_increased_heading,same_as_en
ro,balance_increased_message,same_as_en
ro,label_amount_added,same_as_en
ro,thank_you_trust,same_as_en
ro,refund_title,same_as_en
ro,refund_heading,same_as_en
ro,refund_message,same_as_en
ro,transfer_details,same_as_en
ro,label_transfer_date,same_as_en
ro,label_transfer_reason,same_as_en
ro,refund_amount_text,same_as_en
ro,mail_error_alert_title,same_as_en
ro,system_alert,same_as_en
ro,label_failed_recipient,same_as_en
ro,label_context,same_as_en
ro,possible_causes,same_as_en
ro,cause_daily_limit,same_as_en
ro,cause_smtp_connection,same_as_en
ro,cause_smtp_connection_details,same_as_en
ro,cause_auth_failed,same_as_en
ro,cause_auth_failed_details,same_as_en
ro,recommended_actions,same_as_en
ro,action_if_limit,same_as_en
ro,action_check_logs,same_as_en
ro,action_check_logs_details,same_as_en
ro,action_test_connection,same_as_en
ro,action_check_config,same_as_en
ro,action_check_config_details,same_as_en
ro,action_regenerate_password,same_as_en
ro,system_information,same_as_en
ro,label_smtp_server,same_as_en
ro,label_account,same_as_en
ro,label_environment,same_as_en
ro,account_management_system,same_as_en
ro,alert_generated_by_safemail,same_as_en
ro,contact_technical_team,same_as_en
ro,password_reset_title,same_as_en
ro,password_reset_heading,same_as_en
ro,greeting_simple_name,same_as_en
ro,password_reset_reason,same_as_en
ro,password_reset_click_link,same_as_en
ro,compte_created_message,translated
ro,label_email,translated
ro,label_password,translated
ro,support_contact,translated
ro,footer_thanks,translated
ro,contact_support_for_info,translated
ro,unlock_code_used_alert,translated
ro,unlock_code_used_explanation,translated
ro,urgent_if_not_you,translated
ro,change_access_codes,translated
ro,welcome_message,translated
ro,access_member_area,translated
ro,operation_details,translated
ro,contact_us_if_questions,translated
ro,refund_apology_contact,translated
ro,mail_send_failure_detected,translated
ro,email_sending_problem,translated
ro,email_send_failure_explanation,translated
ro,error_details,translated
ro,label_error_message,translated
ro,cause_daily_limit_details,translated
ro,cause_app_password_revoked,translated
ro,cause_app_password_revoked_details,translated
ro,action_if_limit_details,translated
ro,action_regenerate_password_details,translated
ro,alert_auto_generated_notice,translated
ro,password_reset_no_action_needed,translated
ro,thank_you_using_brand,translated
ru,compte_created_subject,same_as_fr
ru,compte_created_title,same_as_fr
ru,greeting,same_as_fr
ru,credentials_title,same_as_fr
ru,label_initial_balance,same_as_fr
ru,cta_login,same_as_fr
ru,info_access,same_as_fr
ru,footer_brand,same_as_fr
ru,footer_partner,same_as_fr
ru,virement_success_subject,same_as_fr
ru,virement_success_title,same_as_fr
ru,virement_success_message,same_as_fr
ru,virement_failed_subject,same_as_fr
ru,virement_failed_title,same_as_fr
ru,virement_failed_message,same_as_fr
ru,details_title,same_as_fr
ru,label_amount,same_as_fr
ru,label_date,same_as_fr
ru,label_beneficiary,same_as_fr
ru,virement_notice,same_as_fr
ru,thanks,same_as_fr
ru,regards,same_as_fr
ru,service_client,same_as_fr
ru,auto_generated_notice,same_as_fr
ru,compte_activated_title,same_as_fr
ru,compte_activated_heading,same_as_fr
ru,good_news,same_as_fr
ru,compte_activated_message,same_as_fr
ru,compte_activated_explanation,same_as_fr
ru,label_holder,same_as_fr
ru,label_current_balance,same_as_fr
ru,label_status,same_as_fr
ru,status_active,same_as_fr
ru,you_can_now,same_as_fr
ru,can_make_transfers,same_as_fr
ru,check_balance,same_as_fr
ru,manage_transactions,same_as_fr
ru,access_services,same_as_fr
ru,thanks_welcome,same_as_fr
ru,unlock_code_used_title,same_as_fr
ru,unlock_code_used_heading,same_as_fr
ru,greeting_simple,same_as_fr
ru,info_notification,same_as_fr
ru,label_date_time,same_as_fr
ru,label_transfer_amount,same_as_fr
ru,label_recipient,same_as_fr
ru,contact_support_immediately,same_as_fr
ru,check_recent_transactions,same_as_fr
ru,if_legitimate,same_as_fr
ru,client_can_finalize,same_as_fr
ru,transfer_unlock_code_title,same_as_fr
ru,transfer_unlock_heading,same_as_fr
ru,transfer_unlock_message_intro,same_as_fr
ru,transfer_unlock_code_label,same_as_fr
ru,your_unlock_code,same_as_fr
ru,do_not_share_unlock_code,same_as_fr
ru,unlock_code_personal_confidential,same_as_fr
ru,unlock_code_needed_finalize,same_as_fr
ru,contact_support_for_questions,same_as_fr
ru,welcome_title,same_as_fr
ru,welcome_heading,same_as_fr
ru,login_credentials_title,same_as_fr
ru,pleasure_to_assist,same_as_fr
ru,balance_decreased_title,same_as_fr
ru,balance_decreased_heading,same_as_fr
ru,balance_decreased_message,same_as_fr
ru,label_amount_deducted,same_as_fr
ru,label_new_balance,same_as_fr
ru,balance_increased_title,same_as_fr
ru,balance_increased_heading,same_as_fr
ru,balance_increased_message,same_as_fr
ru,label_amount_added,same_as_fr
ru,thank_you_trust,same_as_fr
ru,refund_title,same_as_fr
ru,refund_heading,same_as_fr
ru,refund_message,same_as_fr
ru,transfer_details,same_as_fr
ru,label_transfer_date,same_as_fr
ru,label_transfer_reason,same_as_fr
ru,refund_amount_text,same_as_fr
ru,mail_error_alert_title,same_as_fr
ru,system_alert,same_as_fr
ru,label_failed_recipient,same_as_fr
ru,label_context,same_as_fr
ru,possible_causes,same_as_fr
ru,cause_daily_limit,same_as_fr
ru,cause_smtp_connection,same_as_fr
ru,cause_smtp_connection_details,same_as_fr
ru,cause_auth_failed,same_as_fr
ru,cause_auth_failed_details,same_as_fr
ru,recommended_actions,same_as_fr
ru,action_if_limit,same_as_fr
ru,action_check_logs,same_as_fr
ru,action_check_logs_details,same_as_fr
ru,action_test_connection,same_as_fr
ru,action_check_config,same_as_fr
ru,action_check_config_details,same_as_fr
ru,action_regenerate_password,same_as_fr
ru,system_information,same_as_fr
ru,label_smtp_server,same_as_fr
ru,label_port,same_as_fr
ru,label_account,same_as_fr
ru,label_environment,same_as_fr
ru,account_management_system,same_as_fr
ru,alert_generated_by_safemail,same_as_fr
ru,contact_technical_team,same_as_fr
ru,password_reset_title,same_as_fr
ru,password_reset_heading,same_as_fr
ru,greeting_simple_name,same_as_fr
ru,password_reset_reason,same_as_fr
ru,password_reset_click_link,same_as_fr
ru,compte_created_message,translated
ru,label_email,translated
ru,label_password,translated
ru,support_contact,translated
ru,footer_thanks,translated
ru,contact_support_for_info,translated
ru,unlock_code_used_alert,translated
ru,unlock_code_used_explanation,translated
ru,urgent_if_not_you,translated
ru,change_access_codes,translated
ru,welcome_message,translated
ru,access_member_area,translated
ru,operation_details,translated
ru,contact_us_if_questions,translated
ru,refund_apology_contact,translated
ru,mail_send_failure_detected,translated
ru,email_sending_problem,translated
ru,email_send_failure_explanation,translated
ru,error_details,translated
ru,label_error_message,translated
ru,cause_daily_limit_details,translated
ru,cause_app_password_revoked,translated
ru,cause_app_password_revoked_details,translated
ru,action_if_limit_details,translated
ru,action_regenerate_password_details,translated
ru,alert_auto_generated_notice,translated
ru,password_reset_no_action_needed,translated
ru,thank_you_using_brand,translated
rw,compte_created_subject,same_as_fr
rw,compte_created_title,same_as_fr
rw,greeting,same_as_fr
rw,compte_created_message,same_as_fr
rw,credentials_title,same_as_fr
rw,label_email,same_as_fr
rw,label_password,same_as_fr
rw,label_initial_balance,same_as_fr
rw,cta_login,same_as_fr
rw,info_access,same_as_fr
rw,support_contact,same_as_fr
rw,footer_thanks,same_as_fr
rw,footer_brand,same_as_fr
rw,footer_partner,same_as_fr
rw,virement_success_subject,same_as_fr
rw,virement_success_title,same_as_fr
rw,virement_success_message,same_as_fr
rw,virement_failed_subject,same_as_fr
rw,virement_failed_title,same_as_fr
rw,virement_failed_message,same_as_fr
rw,details_title,same_as_fr
rw,label_amount,same_as_fr
rw,label_date,same_as_fr
rw,label_beneficiary,same_as_fr
rw,virement_notice,same_as_fr
rw,thanks,same_as_fr
rw,contact_support_for_info,same_as_fr
rw,regards,same_as_fr
rw,service_client,same_as_fr
rw,auto_generated_notice,same_as_fr
rw,compte_activated_title,same_as_fr
rw,compte_activated_heading,same_as_fr
rw,good_news,same_as_fr
rw,compte_activated_message,same_as_fr
rw,compte_activated_explanation,same_as_fr
rw,label_holder,same_as_fr
rw,label_current_balance,same_as_fr
rw,label_status,same_as_fr
rw,status_active,same_as_fr
rw,you_can_now,same_as_fr
rw,can_make_transfers,same_as_fr
rw,check_balance,same_as_fr
rw,manage_transactions,same_as_fr
rw,access_services,same_as_fr
rw,thanks_welcome,same_as_fr
rw,unlock_code_used_title,same_as_fr
rw,unlock_code_used_heading,same_as_fr
rw,greeting_simple,same_as_fr
rw,info_notification,same_as_fr
rw,unlock_code_used_alert,same_as_fr
rw,unlock_code_used_explanation,same_as_fr
rw,label_date_time,same_as_fr
rw,label_transfer_amount,same_as_fr
rw,label_recipient,same_as_fr
rw,urgent_if_not_you,same_as_fr
rw,contact_support_immediately,same_as_fr
rw,check_recent_transactions,same_as_fr
rw,change_access_codes,same_as_fr
rw,if_legitimate,same_as_fr
rw,client_can_finalize,same_as_fr
rw,transfer_unlock_code_title,same_as_fr
rw,transfer_unlock_heading,same_as_fr
rw,transfer_unlock_message_intro,same_as_fr
rw,transfer_unlock_code_label,same_as_fr
rw,your_unlock_code,same_as_fr
rw,do_not_share_unlock_code,same_as_fr
rw,unlock_code_personal_confidential,same_as_fr
rw,unlock_code_needed_finalize,same_as_fr
rw,contact_support_for_questions,same_as_fr
rw,welcome_title,same_as_fr
rw,welcome_heading,same_as_fr
rw,welcome_message,same_as_fr
rw,login_credentials_title,same_as_fr
rw,access_member_area,same_as_fr
rw,pleasure_to_assist,same_as_fr
rw,balance_decreased_title,same_as_fr
rw,balance_decreased_heading,same_as_fr
rw,balance_decreased_message,same_as_fr
rw,operation_details,same_as_fr
rw,label_amount_deducted,same_as_fr
rw,label_new_balance,same_as_fr
rw,contact_us_if_questions,same_as_fr
rw,balance_increased_title,same_as_fr
rw,balance_increased_heading,same_as_fr
rw,balance_increased_message,same_as_fr
rw,label_amount_added,same_as_fr
rw,thank_you_trust,same_as_fr
rw,refund_title,same_as_fr
rw,refund_heading,same_as_fr
rw,refund_message,same_as_fr
rw,transfer_details,same_as_fr
rw,label_transfer_date,same_as_fr
rw,label_transfer_reason,same_as_fr
rw,refund_amount_text,same_as_fr
rw,refund_apology_contact,same_as_fr
rw,mail_error_alert_title,same_as_fr
rw,system_alert,same_as_fr
rw,mail_send_failure_detected,same_as_fr
rw,email_sending_problem,same_as_fr
rw,email_send_failure_explanation,same_as_fr
rw,error_details,same_as_fr
rw,label_failed_recipient,same_as_fr
rw,label_context,same_as_fr
rw,label_error_message,same_as_fr
rw,possible_causes,same_as_fr
rw,cause_daily_limit,same_as_fr
rw,cause_daily_limit_details,same_as_fr
rw,cause_smtp_connection,same_as_fr
rw,cause_smtp_connection_details,same_as_fr
rw,cause_auth_failed,same_as_fr
rw,cause_auth_failed_details,same_as_fr
rw,cause_app_password_revoked,same_as_fr
rw,cause_app_password_revoked_details,same_as_fr
rw,recommended_actions,same_as_fr
rw,action_if_limit,same_as_fr
rw,action_if_limit_details,same_as_fr
rw,action_check_logs,same_as_fr
rw,action_check_logs_details,same_as_fr
rw,action_test_connection,same_as_fr
rw,action_check_config,same_as_fr
rw,action_check_config_details,same_as_fr
rw,action_regenerate_password,same_as_fr
rw,action_regenerate_password_details,same_as_fr
rw,system_information,same_as_fr
rw,label_smtp_server,same_as_fr
rw,label_port,same_as_fr
rw,label_account,same_as_fr
rw,label_environment,same_as_fr
rw,alert_auto_generated_notice,same_as_fr
rw,account_management_system,same_as_fr
rw,alert_generated_by_safemail,same_as_fr
rw,contact_technical_team,same_as_fr
rw,password_reset_title,same_as_fr
rw,password_reset_heading,same_as_fr
rw,greeting_simple_name,same_as_fr
rw,password_reset_reason,same_as_fr
rw,password_reset_click_link,same_as_fr
rw,password_reset_no_action_needed,same_as_fr
rw,thank_you_using_brand,same_as_fr
sd,compte_created_subject,same_as_fr
sd,compte_created_title,same_as_fr
sd,greeting,same_as_fr
sd,compte_created_message,same_as_fr
sd,credentials_title,same_as_fr
sd,label_email,same_as_fr
sd,label_password,same_as_fr
sd,label_initial_balance,same_as_fr
sd,cta_login,same_as_fr
sd,info_access,same_as_fr
sd,support_contact,same_as_fr
sd,footer_thanks,same_as_fr
sd,footer_brand,same_as_fr
sd,footer_partner,same_as_fr
sd,virement_success_subject,same_as_fr
sd,virement_success_title,same_as_fr
sd,virement_success_message,same_as_fr
sd,virement_failed_subject,same_as_fr
sd,virement_failed_title,same_as_fr
sd,virement_failed_message,same_as_fr
sd,details_title,same_as_fr
sd,label_amount,same_as_fr
sd,label_date,same_as_fr
sd,label_beneficiary,same_as_fr
sd,virement_notice,same_as_fr
sd,thanks,same_as_fr
sd,contact_support_for_info,same_as_fr
sd,regards,same_as_fr
sd,service_client,same_as_fr
sd,auto_generated_notice,same_as_fr
sd,compte_activated_title,same_as_fr
sd,compte_activated_heading,same_as_fr
sd,good_news,same_as_fr
sd,compte_activated_message,same_as_fr
sd,compte_activated_explanation,same_as_fr
sd,label_holder,same_as_fr
sd,label_current_balance,same_as_fr
sd,label_status,same_as_fr
sd,status_active,same_as_fr
sd,you_can_now,same_as_fr
sd,can_make_transfers,same_as_fr
sd,check_balance,same_as_fr
sd,manage_transactions,same_as_fr
sd,access_services,same_as_fr
sd,thanks_welcome,same_as_fr
sd,unlock_code_used_title,same_as_fr
sd,unlock_code_used_heading,same_as_fr
sd,greeting_simple,same_as_fr
sd,info_notification,same_as_fr
sd,unlock_code_used_alert,same_as_fr
sd,unlock_code_used_explanation,same_as_fr
sd,label_date_time,same_as_fr
sd,label_transfer_amount,same_as_fr
sd,label_recipient,same_as_fr
sd,urgent_if_not_you,same_as_fr
sd,contact_support_immediately,same_as_fr
sd,check_recent_transactions,same_as_fr
sd,change_access_codes,same_as_fr
sd,if_legitimate,same_as_fr
sd,client_can_finalize,same_as_fr
sd,transfer_unlock_code_title,same_as_fr
sd,transfer_unlock_heading,same_as_fr
sd,transfer_unlock_message_intro,same_as_fr
sd,transfer_unlock_code_label,same_as_fr
sd,your_unlock_code,same_as_fr
sd,do_not_share_unlock_code,same_as_fr
sd,unlock_code_personal_confidential,same_as_fr
sd,unlock_code_needed_finalize,same_as_fr
sd,contact_support_for_questions,same_as_fr
sd,welcome_title,same_as_fr
sd,welcome_heading,same_as_fr
sd,welcome_message,same_as_fr
sd,login_credentials_title,same_as_fr
sd,access_member_area,same_as_fr
sd,pleasure_to_assist,same_as_fr
sd,balance_decreased_title,same_as_fr
sd,balance_decreased_heading,same_as_fr
sd,balance_decreased_message,same_as_fr
sd,operation_details,same_as_fr
sd,label_amount_deducted,same_as_fr
sd,label_new_balance,same_as_fr
sd,contact_us_if_questions,same_as_fr
sd,balance_increased_title,same_as_fr
sd,balance_increased_heading,same_as_fr
sd,balance_increased_message,same_as_fr
sd,label_amount_added,same_as_fr
sd,thank_you_trust,same_as_fr
sd,refund_title,same_as_fr
sd,refund_heading,same_as_fr
sd,refund_message,same_as_fr
sd,transfer_details,same_as_fr
sd,label_transfer_date,same_as_fr
sd,label_transfer_reason,same_as_fr
sd,refund_amount_text,same_as_fr
sd,refund_apology_contact,same_as_fr
sd,mail_error_alert_title,same_as_fr
sd,system_alert,same_as_fr
sd,mail_send_failure_detected,same_as_fr
sd,email_sending_problem,same_as_fr
sd,email_send_failure_explanation,same_as_fr
sd,error_details,same_as_fr
sd,label_failed_recipient,same_as_fr
sd,label_context,same_as_fr
sd,label_error_message,same_as_fr
sd,possible_causes,same_as_fr
sd,cause_daily_limit,same_as_fr
sd,cause_daily_limit_details,same_as_fr
sd,cause_smtp_connection,same_as_fr
sd,cause_smtp_connection_details,same_as_fr
sd,cause_auth_failed,same_as_fr
sd,cause_auth_failed_details,same_as_fr
sd,cause_app_password_revoked,same_as_fr
sd,cause_app_password_revoked_details,same_as_fr
sd,recommended_actions,same_as_fr
sd,action_if_limit,same_as_fr
sd,action_if_limit_details,same_as_fr
sd,action_check_logs,same_as_fr
sd,action_check_logs_details,same_as_fr
sd,action_test_connection,same_as_fr
sd,action_check_config,same_as_fr
sd,action_check_config_details,same_as_fr
sd,action_regenerate_password,same_as_fr
sd,action_regenerate_password_details,same_as_fr
sd,system_information,same_as_fr
sd,label_smtp_server,same_as_fr
sd,label_port,same_as_fr
sd,label_account,same_as_fr
sd,label_environment,same_as_fr
sd,alert_auto_generated_notice,same_as_fr
sd,account_management_system,same_as_fr
sd,alert_generated_by_safemail,same_as_fr
sd,contact_technical_team,same_as_fr
sd,password_reset_title,same_as_fr
sd,password_reset_heading,same_as_fr
sd,greeting_simple_name,same_as_fr
sd,password_reset_reason,same_as_fr
sd,password_reset_click_link,same_as_fr
sd,password_reset_no_action_needed,same_as_fr
sd,thank_you_using_brand,same_as_fr
si,compte_created_subject,same_as_fr
si,compte_created_title,same_as_fr
si,greeting,same_as_fr
si,compte_created_message,same_as_fr
si,credentials_title,same_as_fr
si,label_email,same_as_fr
si,label_password,same_as_fr
si,label_initial_balance,same_as_fr
si,cta_login,same_as_fr
si,info_access,same_as_fr
si,support_contact,same_as_fr
si,footer_thanks,same_as_fr
si,footer_brand,same_as_fr
si,footer_partner,same_as_fr
si,virement_success_subject,same_as_fr
si,virement_success_title,same_as_fr
si,virement_success_message,same_as_fr
si,virement_failed_subject,same_as_fr
si,virement_failed_title,same_as_fr
si,virement_failed_message,same_as_fr
si,details_title,same_as_fr
si,label_amount,same_as_fr
si,label_date,same_as_fr
si,label_beneficiary,same_as_fr
si,virement_notice,same_as_fr
si,thanks,same_as_fr
si,contact_support_for_info,same_as_fr
si,regards,same_as_fr
si,service_client,same_as_fr
si,auto_generated_notice,same_as_fr
si,compte_activated_title,same_as_fr
si,compte_activated_heading,same_as_fr
si,good_news,same_as_fr
si,compte_activated_message,same_as_fr
si,compte_activated_explanation,same_as_fr
si,label_holder,same_as_fr
si,label_current_balance,same_as_fr
si,label_status,same_as_fr
si,status_active,same_as_fr
si,you_can_now,same_as_fr
si,can_make_transfers,same_as_fr
si,check_balance,same_as_fr
si,manage_transactions,same_as_fr
si,access_services,same_as_fr
si,thanks_welcome,same_as_fr
si,unlock_code_used_title,same_as_fr
si,unlock_code_used_heading,same_as_fr
si,greeting_simple,same_as_fr
si,info_notification,same_as_fr
si,unlock_code_used_alert,same_as_fr
si,unlock_code_used_explanation,same_as_fr
si,label_date_time,same_as_fr
si,label_transfer_amount,same_as_fr
si,label_recipient,same_as_fr
si,urgent_if_not_you,same_as_fr
si,contact_support_immediately,same_as_fr
si,check_recent_transactions,same_as_fr
si,change_access_codes,same_as_fr
si,if_legitimate,same_as_fr
si,client_can_finalize,same_as_fr
si,transfer_unlock_code_title,same_as_fr
si,transfer_unlock_heading,same_as_fr
si,transfer_unlock_message_intro,same_as_fr
si,transfer_unlock_code_label,same_as_fr
si,your_unlock_code,same_as_fr
si,do_not_share_unlock_code,same_as_fr
si,unlock_code_personal_confidential,same_as_fr
si,unlock_code_needed_finalize,same_as_fr
si,contact_support_for_questions,same_as_fr
si,welcome_title,same_as_fr
si,welcome_heading,same_as_fr
si,welcome_message,same_as_fr
si,login_credentials_title,same_as_fr
si,access_member_area,same_as_fr
si,pleasure_to_assist,same_as_fr
si,balance_decreased_title,same_as_fr
si,balance_decreased_heading,same_as_fr
si,balance_decreased_message,same_as_fr
si,operation_details,same_as_fr
si,label_amount_deducted,same_as_fr
si,label_new_balance,same_as_fr
si,contact_us_if_questions,same_as_fr
si,balance_increased_title,same_as_fr
si,balance_increased_heading,same_as_fr
si,balance_increased_message,same_as_fr
si,label_amount_added,same_as_fr
si,thank_you_trust,same_as_fr
si,refund_title,same_as_fr
si,refund_heading,same_as_fr
si,refund_message,same_as_fr
si,transfer_details,same_as_fr
si,label_transfer_date,same_as_fr
si,label_transfer_reason,same_as_fr
si,refund_amount_text,same_as_fr
si,refund_apology_contact,same_as_fr
si,mail_error_alert_title,same_as_fr
si,system_alert,same_as_fr
si,mail_send_failure_detected,same_as_fr
si,email_sending_problem,same_as_fr
si,email_send_failure_explanation,same_as_fr
si,error_details,same_as_fr
si,label_failed_recipient,same_as_fr
si,label_context,same_as_fr
si,label_error_message,same_as_fr
si,possible_causes,same_as_fr
si,cause_daily_limit,same_as_fr
si,cause_daily_limit_details,same_as_fr
si,cause_smtp_connection,same_as_fr
si,cause_smtp_connection_details,same_as_fr
si,cause_auth_failed,same_as_fr
si,cause_auth_failed_details,same_as_fr
si,cause_app_password_revoked,same_as_fr
si,cause_app_password_revoked_details,same_as_fr
si,recommended_actions,same_as_fr
si,action_if_limit,same_as_fr
si,action_if_limit_details,same_as_fr
si,action_check_logs,same_as_fr
si,action_check_logs_details,same_as_fr
si,action_test_connection,same_as_fr
si,action_check_config,same_as_fr
si,action_check_config_details,same_as_fr
si,action_regenerate_password,same_as_fr
si,action_regenerate_password_details,same_as_fr
si,system_information,same_as_fr
si,label_smtp_server,same_as_fr
si,label_port,same_as_fr
si,label_account,same_as_fr
si,label_environment,same_as_fr
si,alert_auto_generated_notice,same_as_fr
si,account_management_system,same_as_fr
si,alert_generated_by_safemail,same_as_fr
si,contact_technical_team,same_as_fr
si,password_reset_title,same_as_fr
si,password_reset_heading,same_as_fr
si,greeting_simple_name,same_as_fr
si,password_reset_reason,same_as_fr
si,password_reset_click_link,same_as_fr
si,password_reset_no_action_needed,same_as_fr
si,thank_you_using_brand,same_as_fr
sk,label_email,same_as_fr
sk,footer_brand,same_as_fr
sk,label_date,same_as_fr
sk,label_port,same_as_fr
sk,compte_created_subject,same_as_en
sk,compte_created_title,same_as_en
sk,greeting,same_as_en
sk,credentials_title,same_as_en
sk,label_password,same_as_en
sk,label_initial_balance,same_as_en
sk,cta_login,same_as_en
sk,info_access,same_as_en
sk,footer_partner,same_as_en
sk,virement_success_subject,same_as_en
sk,virement_success_title,same_as_en
sk,virement_success_message,same_as_en
sk,virement_failed_subject,same_as_en
sk,virement_failed_title,same_as_en
sk,virement_failed_message,same_as_en
sk,details_title,same_as_en
sk,label_amount,same_as_en
sk,label_beneficiary,same_as_en
sk,virement_notice,same_as_en
sk,thanks,same_as_en
sk,regards,same_as_en
sk,service_client,same_as_en
sk,auto_generated_notice,same_as_en
sk,compte_activated_title,same_as_en
sk,compte_activated_heading,same_as_en
sk,good_news,same_as_en
sk,compte_activated_message,same_as_en
sk,compte_activated_explanation,same_as_en
sk,label_holder,same_as_en
sk,label_current_balance,same_as_en
sk,label_status,same_as_en
sk,status_active,same_as_en
sk,you_can_now,same_as_en
sk,can_make_transfers,same_as_en
sk,check_balance,same_as_en
sk,manage_transactions,same_as_en
sk,access_services,same_as_en
sk,thanks_welcome,same_as_en
sk,unlock_code_used_title,same_as_en
sk,unlock_code_used_heading,same_as_en
sk,greeting_simple,same_as_en
sk,info_notification,same_as_en
sk,label_date_time,same_as_en
sk,label_transfer_amount,same_as_en
sk,label_recipient,same_as_en
sk,contact_support_immediately,same_as_en
sk,check_recent_transactions,same_as_en
sk,if_legitimate,same_as_en
sk,client_can_finalize,same_as_en
sk,transfer_unlock_code_title,same_as_en
sk,transfer_unlock_heading,same_as_en
sk,transfer_unlock_message_intro,same_as_en
sk,transfer_unlock_code_label,same_as_en
sk,your_unlock_code,same_as_en
sk,do_not_share_unlock_code,same_as_en
sk,unlock_code_personal_confidential,same_as_en
sk,unlock_code_needed_finalize,same_as_en
sk,contact_support_for_questions,same_as_en
sk,welcome_title,same_as_en
sk,welcome_heading,same_as_en
sk,login_credentials_title,same_as_en
sk,pleasure_to_assist,same_as_en
sk,balance_decreased_title,same_as_en
sk,balance_decreased_heading,same_as_en
sk,balance_decreased_message,same_as_en
sk,label_amount_deducted,same_as_en
sk,label_new_balance,same_as_en
sk,balance_increased_title,same_as_en
sk,balance_increased_heading,same_as_en
sk,balance_increased_message,same_as_en
sk,label_amount_added,same_as_en
sk,thank_you_trust,same_as_en
sk,refund_title,same_as_en
sk,refund_heading,same_as_en
sk,refund_message,same_as_en
sk,transfer_details,same_as_en
sk,label_transfer_date,same_as_en
sk,label_transfer_reason,same_as_en
sk,refund_amount_text,same_as_en
sk,mail_error_alert_title,same_as_en
sk,system_alert,same_as_en
sk,label_failed_recipient,same_as_en
sk,label_context,same_as_en
sk,possible_causes,same_as_en
sk,cause_daily_limit,same_as_en
sk,cause_smtp_connection,same_as_en
sk,cause_smtp_connection_details,same_as_en
sk,cause_auth_failed,same_as_en
sk,cause_auth_failed_details,same_as_en
sk,recommended_actions,same_as_en
sk,action_if_limit,same_as_en
sk,action_check_logs,same_as_en
sk,action_check_logs_details,same_as_en
sk,action_test_connection,same_as_en
sk,action_check_config,same_as_en
sk,action_check_config_details,same_as_en
sk,action_regenerate_password,same_as_en
sk,system_information,same_as_en
sk,label_smtp_server,same_as_en
sk,label_account,same_as_en
sk,label_environment,same_as_en
sk,account_management_system,same_as_en
sk,alert_generated_by_safemail,same_as_en
sk,contact_technical_team,same_as_en
sk,password_reset_title,same_as_en
sk,password_reset_heading,same_as_en
sk,greeting_simple_name,same_as_en
sk,password_reset_reason,same_as_en
sk,password_reset_click_link,same_as_en
sk,compte_created_message,translated
sk,support_contact,translated
sk,footer_thanks,translated
sk,contact_support_for_info,translated
sk,unlock_code_used_alert,translated
sk,unlock_code_used_explanation,translated
sk,urgent_if_not_you,translated
sk,change_access_codes,translated
sk,welcome_message,translated
sk,access_member_area,translated
sk,operation_details,translated
sk,contact_us_if_questions,translated
sk,refund_apology_contact,translated
sk,mail_send_failure_detected,translated
sk,email_sending_problem,translated
sk,email_send_failure_explanation,translated
sk,error_details,translated
sk,label_error_message,translated
sk,cause_daily_limit_details,translated
sk,cause_app_password_revoked,translated
sk,cause_app_password_revoked_details,translated
sk,action_if_limit_details,translated
sk,action_regenerate_password_details,translated
sk,alert_auto_generated_notice,translated
sk,password_reset_no_action_needed,translated
sk,thank_you_using_brand,translated
sl,label_email,same_as_fr
sl,footer_brand,same_as_fr
sl,label_date,same_as_fr
sl,label_port,same_as_fr
sl,compte_created_subject,same_as_en
sl,compte_created_title,same_as_en
sl,greeting,same_as_en
sl,credentials_title,same_as_en
sl,label_password,same_as_en
sl,label_initial_balance,same_as_en
sl,cta_login,same_as_en
sl,info_access,same_as_en
sl,footer_partner,same_as_en
sl,virement_success_subject,same_as_en
sl,virement_success_title,same_as_en
sl,virement_success_message,same_as_en
sl,virement_failed_subject,same_as_en
sl,virement_failed_title,same_as_en
sl,virement_failed_message,same_as_en
sl,details_title,same_as_en
sl,label_amount,same_as_en
sl,label_beneficiary,same_as_en
sl,virement_notice,same_as_en
sl,thanks,same_as_en
sl,regards,same_as_en
sl,service_client,same_as_en
sl,auto_generated_notice,same_as_en
sl,compte_activated_title,same_as_en
sl,compte_activated_heading,same_as_en
sl,good_news,same_as_en
sl,compte_activated_message,same_as_en
sl,compte_activated_explanation,same_as_en
sl,label_holder,same_as_en
sl,label_current_balance,same_as_en
sl,label_status,same_as_en
sl,status_active,same_as_en
sl,you_can_now,same_as_en
sl,can_make_transfers,same_as_en
sl,check_balance,same_as_en
sl,manage_transactions,same_as_en
sl,access_services,same_as_en
sl,thanks_welcome,same_as_en
sl,unlock_code_used_title,same_as_en
sl,unlock_code_used_heading,same_as_en
sl,greeting_simple,same_as_en
sl,info_notification,same_as_en
sl,label_date_time,same_as_en
sl,label_transfer_amount,same_as_en
sl,label_recipient,same_as_en
sl,contact_support_immediately,same_as_en
sl,check_recent_transactions,same_as_en
sl,if_legitimate,same_as_en
sl,client_can_finalize,same_as_en
sl,transfer_unlock_code_title,same_as_en
sl,transfer_unlock_heading,same_as_en
sl,transfer_unlock_message_intro,same_as_en
sl,transfer_unlock_code_label,same_as_en
sl,your_unlock_code,same_as_en
sl,do_not_share_unlock_code,same_as_en
sl,unlock_code_personal_confidential,same_as_en
sl,unlock_code_needed_finalize,same_as_en
sl,contact_support_for_questions,same_as_en
sl,welcome_title,same_as_en
sl,welcome_heading,same_as_en
sl,login_credentials_title,same_as_en
sl,pleasure_to_assist,same_as_en
sl,balance_decreased_title,same_as_en
sl,balance_decreased_heading,same_as_en
sl,balance_decreased_message,same_as_en
sl,label_amount_deducted,same_as_en
sl,label_new_balance,same_as_en
sl,balance_increased_title,same_as_en
sl,balance_increased_heading,same_as_en
sl,balance_increased_message,same_as_en
sl,label_amount_added,same_as_en
sl,thank_you_trust,same_as_en
sl,refund_title,same_as_en
sl,refund_heading,same_as_en
sl,refund_message,same_as_en
sl,transfer_details,same_as_en
sl,label_transfer_date,same_as_en
sl,label_transfer_reason,same_as_en
sl,refund_amount_text,same_as_en
sl,mail_error_alert_title,same_as_en
sl,system_alert,same_as_en
sl,label_failed_recipient,same_as_en
sl,label_context,same_as_en
sl,possible_causes,same_as_en
sl,cause_daily_limit,same_as_en
sl,cause_smtp_connection,same_as_en
sl,cause_smtp_connection_details,same_as_en
sl,cause_auth_failed,same_as_en
sl,cause_auth_failed_details,same_as_en
sl,recommended_actions,same_as_en
sl,action_if_limit,same_as_en
sl,action_check_logs,same_as_en
sl,action_check_logs_details,same_as_en
sl,action_test_connection,same_as_en
sl,action_check_config,same_as_en
sl,action_check_config_details,same_as_en
sl,action_regenerate_password,same_as_en
sl,system_information,same_as_en
sl,label_smtp_server,same_as_en
sl,label_account,same_as_en
sl,label_environment,same_as_en
sl,account_management_system,same_as_en
sl,alert_generated_by_safemail,same_as_en
sl,contact_technical_team,same_as_en
sl,password_reset_title,same_as_en
sl,password_reset_heading,same_as_en
sl,greeting_simple_name,same_as_en
sl,password_reset_reason,same_as_en
sl,password_reset_click_link,same_as_en
sl,compte_created_message,translated
sl,support_contact,translated
sl,footer_thanks,translated
sl,contact_support_for_info,translated
sl,unlock_code_used_alert,translated
sl,unlock_code_used_explanation,translated
sl,urgent_if_not_you,translated
sl,change_access_codes,translated
sl,welcome_message,translated
sl,access_member_area,translated
sl,operation_details,translated
sl,contact_us_if_questions,translated
sl,refund_apology_contact,translated
sl,mail_send_failure_detected,translated
sl,email_sending_problem,translated
sl,email_send_failure_explanation,translated
sl,error_details,translated
sl,label_error_message,translated
sl,cause_daily_limit_details,translated
sl,cause_app_password_revoked,translated
sl,cause_app_password_revoked_details,translated
sl,action_if_limit_details,translated
sl,action_regenerate_password_details,translated
sl,alert_auto_generated_notice,translated
sl,password_reset_no_action_needed,translated
sl,thank_you_using_brand,translated
sm,compte_created_subject,same_as_fr
sm,compte_created_title,same_as_fr
sm,greeting,same_as_fr
sm,compte_created_message,same_as_fr
sm,credentials_title,same_as_fr
sm,label_email,same_as_fr
sm,label_password,same_as_fr
sm,label_initial_balance,same_as_fr
sm,cta_login,same_as_fr
sm,info_access,same_as_fr
sm,support_contact,same_as_fr
sm,footer_thanks,same_as_fr
sm,footer_brand,same_as_fr
sm,footer_partner,same_as_fr
sm,virement_success_subject,same_as_fr
sm,virement_success_title,same_as_fr
sm,virement_success_message,same_as_fr
sm,virement_failed_subject,same_as_fr
sm,virement_failed_title,same_as_fr
sm,virement_failed_message,same_as_fr
sm,details_title,same_as_fr
sm,label_amount,same_as_fr
sm,label_date,same_as_fr
sm,label_beneficiary,same_as_fr
sm,virement_notice,same_as_fr
sm,thanks,same_as_fr
sm,contact_support_for_info,same_as_fr
sm,regards,same_as_fr
sm,service_client,same_as_fr
sm,auto_generated_notice,same_as_fr
sm,compte_activated_title,same_as_fr
sm,compte_activated_heading,same_as_fr
sm,good_news,same_as_fr
sm,compte_activated_message,same_as_fr
sm,compte_activated_explanation,same_as_fr
sm,label_holder,same_as_fr
sm,label_current_balance,same_as_fr
sm,label_status,same_as_fr
sm,status_active,same_as_fr
sm,you_can_now,same_as_fr
sm,can_make_transfers,same_as_fr
sm,check_balance,same_as_fr
sm,manage_transactions,same_as_fr
sm,access_services,same_as_fr
sm,thanks_welcome,same_as_fr
sm,unlock_code_used_title,same_as_fr
sm,unlock_code_used_heading,same_as_fr
sm,greeting_simple,same_as_fr
sm,info_notification,same_as_fr
sm,unlock_code_used_alert,same_as_fr
sm,unlock_code_used_explanation,same_as_fr
sm,label_date_time,same_as_fr
sm,label_transfer_amount,same_as_fr
sm,label_recipient,same_as_fr
sm,urgent_if_not_you,same_as_fr
sm,contact_support_immediately,same_as_fr
sm,check_recent_transactions,same_as_fr
sm,change_access_codes,same_as_fr
sm,if_legitimate,same_as_fr
sm,client_can_finalize,same_as_fr
sm,transfer_unlock_code_title,same_as_fr
sm,transfer_unlock_heading,same_as_fr
sm,transfer_unlock_message_intro,same_as_fr
sm,transfer_unlock_code_label,same_as_fr
sm,your_unlock_code,same_as_fr
sm,do_not_share_unlock_code,same_as_fr
sm,unlock_code_personal_confidential,same_as_fr
sm,unlock_code_needed_finalize,same_as_fr
sm,contact_support_for_questions,same_as_fr
sm,welcome_title,same_as_fr
sm,welcome_heading,same_as_fr
sm,welcome_message,same_as_fr
sm,login_credentials_title,same_as_fr
sm,access_member_area,same_as_fr
sm,pleasure_to_assist,same_as_fr
sm,balance_decreased_title,same_as_fr
sm,balance_decreased_heading,same_as_fr
sm,balance_decreased_message,same_as_fr
sm,operation_details,same_as_fr
sm,label_amount_deducted,same_as_fr
sm,label_new_balance,same_as_fr
sm,contact_us_if_questions,same_as_fr
sm,balance_increased_title,same_as_fr
sm,balance_increased_heading,same_as_fr
sm,balance_increased_message,same_as_fr
sm,label_amount_added,same_as_fr
sm,thank_you_trust,same_as_fr
sm,refund_title,same_as_fr
sm,refund_heading,same_as_fr
sm,refund_message,same_as_fr
sm,transfer_details,same_as_fr
sm,label_transfer_date,same_as_fr
sm,label_transfer_reason,same_as_fr
sm,refund_amount_text,same_as_fr
sm,refund_apology_contact,same_as_fr
sm,mail_error_alert_title,same_as_fr
sm,system_alert,same_as_fr
sm,mail_send_failure_detected,same_as_fr
sm,email_sending_problem,same_as_fr
sm,email_send_failure_explanation,same_as_fr
sm,error_details,same_as_fr
sm,label_failed_recipient,same_as_fr
sm,label_context,same_as_fr
sm,label_error_message,same_as_fr
sm,possible_causes,same_as_fr
sm,cause_daily_limit,same_as_fr
sm,cause_daily_limit_details,same_as_fr
sm,cause_smtp_connection,same_as_fr
sm,cause_smtp_connection_details,same_as_fr
sm,cause_auth_failed,same_as_fr
sm,cause_auth_failed_details,same_as_fr
sm,cause_app_password_revoked,same_as_fr
sm,cause_app_password_revoked_details,same_as_fr
sm,recommended_actions,same_as_fr
sm,action_if_limit,same_as_fr
sm,action_if_limit_details,same_as_fr
sm,action_check_logs,same_as_fr
sm,action_check_logs_details,same_as_fr
sm,action_test_connection,same_as_fr
sm,action_check_config,same_as_fr
sm,action_check_config_details,same_as_fr
sm,action_regenerate_password,same_as_fr
sm,action_regenerate_password_details,same_as_fr
sm,system_information,same_as_fr
sm,label_smtp_server,same_as_fr
sm,label_port,same_as_fr
sm,label_account,same_as_fr
sm,label_environment,same_as_fr
sm,alert_auto_generated_notice,same_as_fr
sm,account_management_system,same_as_fr
sm,alert_generated_by_safemail,same_as_fr
sm,contact_technical_team,same_as_fr
sm,password_reset_title,same_as_fr
sm,password_reset_heading,same_as_fr
sm,greeting_simple_name,same_as_fr
sm,password_reset_reason,same_as_fr
sm,password_reset_click_link,same_as_fr
sm,password_reset_no_action_needed,same_as_fr
sm,thank_you_using_brand,same_as_fr
sn,compte_created_subject,same_as_fr
sn,compte_created_title,same_as_fr
sn,greeting,same_as_fr
sn,compte_created_message,same_as_fr
sn,credentials_title,same_as_fr
sn,label_email,same_as_fr
sn,label_password,same_as_fr
sn,label_initial_balance,same_as_fr
sn,cta_login,same_as_fr
sn,info_access,same_as_fr
sn,support_contact,same_as_fr
sn,footer_thanks,same_as_fr
sn,footer_brand,same_as_fr
sn,footer_partner,same_as_fr
sn,virement_success_subject,same_as_fr
sn,virement_success_title,same_as_fr
sn,virement_success_message,same_as_fr
sn,virement_failed_subject,same_as_fr
sn,virement_failed_title,same_as_fr
sn,virement_failed_message,same_as_fr
sn,details_title,same_as_fr
sn,label_amount,same_as_fr
sn,label_date,same_as_fr
sn,label_beneficiary,same_as_fr
sn,virement_notice,same_as_fr
sn,thanks,same_as_fr
sn,contact_support_for_info,same_as_fr
sn,regards,same_as_fr
sn,service_client,same_as_fr
sn,auto_generated_notice,same_as_fr
sn,compte_activated_title,same_as_fr
sn,compte_activated_heading,same_as_fr
sn,good_news,same_as_fr
sn,compte_activated_message,same_as_fr
sn,compte_activated_explanation,same_as_fr
sn,label_holder,same_as_fr
sn,label_current_balance,same_as_fr
sn,label_status,same_as_fr
sn,status_active,same_as_fr
sn,you_can_now,same_as_fr
sn,can_make_transfers,same_as_fr
sn,check_balance,same_as_fr
sn,manage_transactions,same_as_fr
sn,access_services,same_as_fr
sn,thanks_welcome,same_as_fr
sn,unlock_code_used_title,same_as_fr
sn,unlock_code_used_heading,same_as_fr
sn,greeting_simple,same_as_fr
sn,info_notification,same_as_fr
sn,unlock_code_used_alert,same_as_fr
sn,unlock_code_used_explanation,same_as_fr
sn,label_date_time,same_as_fr
sn,label_transfer_amount,same_as_fr
sn,label_recipient,same_as_fr
sn,urgent_if_not_you,same_as_fr
sn,contact_support_immediately,same_as_fr
sn,check_recent_transactions,same_as_fr
sn,change_access_codes,same_as_fr
sn,if_legitimate,same_as_fr
sn,client_can_finalize,same_as_fr
sn,transfer_unlock_code_title,same_as_fr
sn,transfer_unlock_heading,same_as_fr
sn,transfer_unlock_message_intro,same_as_fr
sn,transfer_unlock_code_label,same_as_fr
sn,your_unlock_code,same_as_fr
sn,do_not_share_unlock_code,same_as_fr
sn,unlock_code_personal_confidential,same_as_fr
sn,unlock_code_needed_finalize,same_as_fr
sn,contact_support_for_questions,same_as_fr
sn,welcome_title,same_as_fr
sn,welcome_heading,same_as_fr
sn,welcome_message,same_as_fr
sn,login_credentials_title,same_as_fr
sn,access_member_area,same_as_fr
sn,pleasure_to_assist,same_as_fr
sn,balance_decreased_title,same_as_fr
sn,balance_decreased_heading,same_as_fr
sn,balance_decreased_message,same_as_fr
sn,operation_details,same_as_fr
sn,label_amount_deducted,same_as_fr
sn,label_new_balance,same_as_fr
sn,contact_us_if_questions,same_as_fr
sn,balance_increased_title,same_as_fr
sn,balance_increased_heading,same_as_fr
sn,balance_increased_message,same_as_fr
sn,label_amount_added,same_as_fr
sn,thank_you_trust,same_as_fr
sn,refund_title,same_as_fr
sn,refund_heading,same_as_fr
sn,refund_message,same_as_fr
sn,transfer_details,same_as_fr
sn,label_transfer_date,same_as_fr
sn,label_transfer_reason,same_as_fr
sn,refund_amount_text,same_as_fr
sn,refund_apology_contact,same_as_fr
sn,mail_error_alert_title,same_as_fr
sn,system_alert,same_as_fr
sn,mail_send_failure_detected,same_as_fr
sn,email_sending_problem,same_as_fr
sn,email_send_failure_explanation,same_as_fr
sn,error_details,same_as_fr
sn,label_failed_recipient,same_as_fr
sn,label_context,same_as_fr
sn,label_error_message,same_as_fr
sn,possible_causes,same_as_fr
sn,cause_daily_limit,same_as_fr
sn,cause_daily_limit_details,same_as_fr
sn,cause_smtp_connection,same_as_fr
sn,cause_smtp_connection_details,same_as_fr
sn,cause_auth_failed,same_as_fr
sn,cause_auth_failed_details,same_as_fr
sn,cause_app_password_revoked,same_as_fr
sn,cause_app_password_revoked_details,same_as_fr
sn,recommended_actions,same_as_fr
sn,action_if_limit,same_as_fr
sn,action_if_limit_details,same_as_fr
sn,action_check_logs,same_as_fr
sn,action_check_logs_details,same_as_fr
sn,action_test_connection,same_as_fr
sn,action_check_config,same_as_fr
sn,action_check_config_details,same_as_fr
sn,action_regenerate_password,same_as_fr
sn,action_regenerate_password_details,same_as_fr
sn,system_information,same_as_fr
sn,label_smtp_server,same_as_fr
sn,label_port,same_as_fr
sn,label_account,same_as_fr
sn,label_environment,same_as_fr
sn,alert_auto_generated_notice,same_as_fr
sn,account_management_system,same_as_fr
sn,alert_generated_by_safemail,same_as_fr
sn,contact_technical_team,same_as_fr
sn,password_reset_title,same_as_fr
sn,password_reset_heading,same_as_fr
sn,greeting_simple_name,same_as_fr
sn,password_reset_reason,same_as_fr
sn,password_reset_click_link,same_as_fr
sn,password_reset_no_action_needed,same_as_fr
sn,thank_you_using_brand,same_as_fr
so,compte_created_subject,same_as_fr
so,compte_created_title,same_as_fr
so,greeting,same_as_fr
so,compte_created_message,same_as_fr
so,credentials_title,same_as_fr
so,label_email,same_as_fr
so,label_password,same_as_fr
so,label_initial_balance,same_as_fr
so,cta_login,same_as_fr
so,info_access,same_as_fr
so,support_contact,same_as_fr
so,footer_thanks,same_as_fr
so,footer_brand,same_as_fr
so,footer_partner,same_as_fr
so,virement_success_subject,same_as_fr
so,virement_success_title,same_as_fr
so,virement_success_message,same_as_fr
so,virement_failed_subject,same_as_fr
so,virement_failed_title,same_as_fr
so,virement_failed_message,same_as_fr
so,details_title,same_as_fr
so,label_amount,same_as_fr
so,label_date,same_as_fr
so,label_beneficiary,same_as_fr
so,virement_notice,same_as_fr
so,thanks,same_as_fr
so,contact_support_for_info,same_as_fr
so,regards,same_as_fr
so,service_client,same_as_fr
so,auto_generated_notice,same_as_fr
so,compte_activated_title,same_as_fr
so,compte_activated_heading,same_as_fr
so,good_news,same_as_fr
so,compte_activated_message,same_as_fr
so,compte_activated_explanation,same_as_fr
so,label_holder,same_as_fr
so,label_current_balance,same_as_fr
so,label_status,same_as_fr
so,status_active,same_as_fr
so,you_can_now,same_as_fr
so,can_make_transfers,same_as_fr
so,check_balance,same_as_fr
so,manage_transactions,same_as_fr
so,access_services,same_as_fr
so,thanks_welcome,same_as_fr
so,unlock_code_used_title,same_as_fr
so,unlock_code_used_heading,same_as_fr
so,greeting_simple,same_as_fr
so,info_notification,same_as_fr
so,unlock_code_used_alert,same_as_fr
so,unlock_code_used_explanation,same_as_fr
so,label_date_time,same_as_fr
so,label_transfer_amount,same_as_fr
so,label_recipient,same_as_fr
so,urgent_if_not_you,same_as_fr
so,contact_support_immediately,same_as_fr
so,check_recent_transactions,same_as_fr
so,change_access_codes,same_as_fr
so,if_legitimate,same_as_fr
so,client_can_finalize,same_as_fr
so,transfer_unlock_code_title,same_as_fr
so,transfer_unlock_heading,same_as_fr
so,transfer_unlock_message_intro,same_as_fr
so,transfer_unlock_code_label,same_as_fr
so,your_unlock_code,same_as_fr
so,do_not_share_unlock_code,same_as_fr
so,unlock_code_personal_confidential,same_as_fr
so,unlock_code_needed_finalize,same_as_fr
so,contact_support_for_questions,same_as_fr
so,welcome_title,same_as_fr
so,welcome_heading,same_as_fr
so,welcome_message,same_as_fr
so,login_credentials_title,same_as_fr
so,access_member_area,same_as_fr
so,pleasure_to_assist,same_as_fr
so,balance_decreased_title,same_as_fr
so,balance_decreased_heading,same_as_fr
so,balance_decreased_message,same_as_fr
so,operation_details,same_as_fr
so,label_amount_deducted,same_as_fr
so,label_new_balance,same_as_fr
so,contact_us_if_questions,same_as_fr
so,balance_increased_title,same_as_fr
so,balance_increased_heading,same_as_fr
so,balance_increased_message,same_as_fr
so,label_amount_added,same_as_fr
so,thank_you_trust,same_as_fr
so,refund_title,same_as_fr
so,refund_heading,same_as_fr
so,refund_message,same_as_fr
so,transfer_details,same_as_fr
so,label_transfer_date,same_as_fr
so,label_transfer_reason,same_as_fr
so,refund_amount_text,same_as_fr
so,refund_apology_contact,same_as_fr
so,mail_error_alert_title,same_as_fr
so,system_alert,same_as_fr
so,mail_send_failure_detected,same_as_fr
so,email_sending_problem,same_as_fr
so,email_send_failure_explanation,same_as_fr
so,error_details,same_as_fr
so,label_failed_recipient,same_as_fr
so,label_context,same_as_fr
so,label_error_message,same_as_fr
so,possible_causes,same_as_fr
so,cause_daily_limit,same_as_fr
so,cause_daily_limit_details,same_as_fr
so,cause_smtp_connection,same_as_fr
so,cause_smtp_connection_details,same_as_fr
so,cause_auth_failed,same_as_fr
so,cause_auth_failed_details,same_as_fr
so,cause_app_password_revoked,same_as_fr
so,cause_app_password_revoked_details,same_as_fr
so,recommended_actions,same_as_fr
so,action_if_limit,same_as_fr
so,action_if_limit_details,same_as_fr
so,action_check_logs,same_as_fr
so,action_check_logs_details,same_as_fr
so,action_test_connection,same_as_fr
so,action_check_config,same_as_fr
so,action_check_config_details,same_as_fr
so,action_regenerate_password,same_as_fr
so,action_regenerate_password_details,same_as_fr
so,system_information,same_as_fr
so,label_smtp_server,same_as_fr
so,label_port,same_as_fr
so,label_account,same_as_fr
so,label_environment,same_as_fr
so,alert_auto_generated_notice,same_as_fr
so,account_management_system,same_as_fr
so,alert_generated_by_safemail,same_as_fr
so,contact_technical_team,same_as_fr
so,password_reset_title,same_as_fr
so,password_reset_heading,same_as_fr
so,greeting_simple_name,same_as_fr
so,password_reset_reason,same_as_fr
so,password_reset_click_link,same_as_fr
so,password_reset_no_action_needed,same_as_fr
so,thank_you_using_brand,same_as_fr
sq,label_email,same_as_fr
sq,footer_brand,same_as_fr
sq,label_date,same_as_fr
sq,label_port,same_as_fr
sq,compte_created_subject,same_as_en
sq,compte_created_title,same_as_en
sq,greeting,same_as_en
sq,compte_created_message,same_as_en
sq,credentials_title,same_as_en
sq,label_password,same_as_en
sq,label_initial_balance,same_as_en
sq,cta_login,same_as_en
sq,info_access,same_as_en
sq,support_contact,same_as_en
sq,footer_thanks,same_as_en
sq,footer_partner,same_as_en
sq,virement_success_subject,same_as_en
sq,virement_success_title,same_as_en
sq,virement_success_message,same_as_en
sq,virement_failed_subject,same_as_en
sq,virement_failed_title,same_as_en
sq,virement_failed_message,same_as_en
sq,details_title,same_as_en
sq,label_amount,same_as_en
sq,label_beneficiary,same_as_en
sq,virement_notice,same_as_en
sq,thanks,same_as_en
sq,contact_support_for_info,same_as_en
sq,regards,same_as_en
sq,service_client,same_as_en
sq,auto_generated_notice,same_as_en
sq,compte_activated_title,same_as_en
sq,compte_activated_heading,same_as_en
sq,good_news,same_as_en
sq,compte_activated_message,same_as_en
sq,compte_activated_explanation,same_as_en
sq,label_holder,same_as_en
sq,label_current_balance,same_as_en
sq,label_status,same_as_en
sq,status_active,same_as_en
sq,you_can_now,same_as_en
sq,can_make_transfers,same_as_en
sq,check_balance,same_as_en
sq,manage_transactions,same_as_en
sq,access_services,same_as_en
sq,thanks_welcome,same_as_en
sq,unlock_code_used_title,same_as_en
sq,unlock_code_used_heading,same_as_en
sq,greeting_simple,same_as_en
sq,info_notification,same_as_en
sq,unlock_code_used_alert,same_as_en
sq,unlock_code_used_explanation,same_as_en
sq,label_date_time,same_as_en
sq,label_transfer_amount,same_as_en
sq,label_recipient,same_as_en
sq,urgent_if_not_you,same_as_en
sq,contact_support_immediately,same_as_en
sq,check_recent_transactions,same_as_en
sq,change_access_codes,same_as_en
sq,if_legitimate,same_as_en
sq,client_can_finalize,same_as_en
sq,transfer_unlock_code_title,same_as_en
sq,transfer_unlock_heading,same_as_en
sq,transfer_unlock_message_intro,same_as_en
sq,transfer_unlock_code_label,same_as_en
sq,your_unlock_code,same_as_en
sq,do_not_share_unlock_code,same_as_en
sq,unlock_code_personal_confidential,same_as_en
sq,unlock_code_needed_finalize,same_as_en
sq,contact_support_for_questions,same_as_en
sq,welcome_title,same_as_en
sq,welcome_heading,same_as_en
sq,welcome_message,same_as_en
sq,login_credentials_title,same_as_en
sq,access_member_area,same_as_en
sq,pleasure_to_assist,same_as_en
sq,balance_decreased_title,same_as_en
sq,balance_decreased_heading,same_as_en
sq,balance_decreased_message,same_as_en
sq,operation_details,same_as_en
sq,label_amount_deducted,same_as_en
sq,label_new_balance,same_as_en
sq,contact_us_if_questions,same_as_en
sq,balance_increased_title,same_as_en
sq,balance_increased_heading,same_as_en
sq,balance_increased_message,same_as_en
sq,label_amount_added,same_as_en
sq,thank_you_trust,same_as_en
sq,refund_title,same_as_en
sq,refund_heading,same_as_en
sq,refund_message,same_as_en
sq,transfer_details,same_as_en
sq,label_transfer_date,same_as_en
sq,label_transfer_reason,same_as_en
sq,refund_amount_text,same_as_en
sq,refund_apology_contact,same_as_en
sq,mail_error_alert_title,same_as_en
sq,system_alert,same_as_en
sq,mail_send_failure_detected,same_as_en
sq,email_sending_problem,same_as_en
sq,email_send_failure_explanation,same_as_en
sq,error_details,same_as_en
sq,label_failed_recipient,same_as_en
sq,label_context,same_as_en
sq,label_error_message,same_as_en
sq,possible_causes,same_as_en
sq,cause_daily_limit,same_as_en
sq,cause_daily_limit_details,same_as_en
sq,cause_smtp_connection,same_as_en
sq,cause_smtp_connection_details,same_as_en
sq,cause_auth_failed,same_as_en
sq,cause_auth_failed_details,same_as_en
sq,cause_app_password_revoked,same_as_en
sq,cause_app_password_revoked_details,same_as_en
sq,recommended_actions,same_as_en
sq,action_if_limit,same_as_en
sq,action_if_limit_details,same_as_en
sq,action_check_logs,same_as_en
sq,action_check_logs_details,same_as_en
sq,action_test_connection,same_as_en
sq,action_check_config,same_as_en
sq,action_check_config_details,same_as_en
sq,action_regenerate_password,same_as_en
sq,action_regenerate_password_details,same_as_en
sq,system_information,same_as_en
sq,label_smtp_server,same_as_en
sq,label_account,same_as_en
sq,label_environment,same_as_en
sq,alert_auto_generated_notice,same_as_en
sq,account_management_system,same_as_en
sq,alert_generated_by_safemail,same_as_en
sq,contact_technical_team,same_as_en
sq,password_reset_title,same_as_en
sq,password_reset_heading,same_as_en
sq,greeting_simple_name,same_as_en
sq,password_reset_reason,same_as_en
sq,password_reset_click_link,same_as_en
sq,password_reset_no_action_needed,same_as_en
sq,thank_you_using_brand,same_as_en
sr,compte_created_subject,same_as_fr
sr,compte_created_title,same_as_fr
sr,greeting,same_as_fr
sr,credentials_title,same_as_fr
sr,label_email,same_as_fr
sr,label_password,same_as_fr
sr,label_initial_balance,same_as_fr
sr,cta_login,same_as_fr
sr,info_access,same_as_fr
sr,footer_brand,same_as_fr
sr,footer_partner,same_as_fr
sr,virement_success_subject,same_as_fr
sr,virement_success_title,same_as_fr
sr,virement_success_message,same_as_fr
sr,virement_failed_subject,same_as_fr
sr,virement_failed_title,same_as_fr
sr,virement_failed_message,same_as_fr
sr,details_title,same_as_fr
sr,label_amount,same_as_fr
sr,label_date,same_as_fr
sr,label_beneficiary,same_as_fr
sr,virement_notice,same_as_fr
sr,thanks,same_as_fr
sr,regards,same_as_fr
sr,service_client,same_as_fr
sr,auto_generated_notice,same_as_fr
sr,compte_activated_title,same_as_fr
sr,compte_activated_heading,same_as_fr
sr,good_news,same_as_fr
sr,compte_activated_message,same_as_fr
sr,compte_activated_explanation,same_as_fr
sr,label_holder,same_as_fr
sr,label_current_balance,same_as_fr
sr,label_status,same_as_fr
sr,status_active,same_as_fr
sr,you_can_now,same_as_fr
sr,can_make_transfers,same_as_fr
sr,check_balance,same_as_fr
sr,manage_transactions,same_as_fr
sr,access_services,same_as_fr
sr,thanks_welcome,same_as_fr
sr,unlock_code_used_title,same_as_fr
sr,unlock_code_used_heading,same_as_fr
sr,greeting_simple,same_as_fr
sr,info_notification,same_as_fr
sr,label_date_time,same_as_fr
sr,label_transfer_amount,same_as_fr
sr,label_recipient,same_as_fr
sr,contact_support_immediately,same_as_fr
sr,check_recent_transactions,same_as_fr
sr,if_legitimate,same_as_fr
sr,client_can_finalize,same_as_fr
sr,transfer_unlock_code_title,same_as_fr
sr,transfer_unlock_heading,same_as_fr
sr,transfer_unlock_message_intro,same_as_fr
sr,transfer_unlock_code_label,same_as_fr
sr,your_unlock_code,same_as_fr
sr,do_not_share_unlock_code,same_as_fr
sr,unlock_code_personal_confidential,same_as_fr
sr,unlock_code_needed_finalize,same_as_fr
sr,contact_support_for_questions,same_as_fr
sr,welcome_title,same_as_fr
sr,welcome_heading,same_as_fr
sr,login_credentials_title,same_as_fr
sr,pleasure_to_assist,same_as_fr
sr,balance_decreased_title,same_as_fr
sr,balance_decreased_heading,same_as_fr
sr,balance_decreased_message,same_as_fr
sr,label_amount_deducted,same_as_fr
sr,label_new_balance,same_as_fr
sr,balance_increased_title,same_as_fr
sr,balance_increased_heading,same_as_fr
sr,balance_increased_message,same_as_fr
sr,label_amount_added,same_as_fr
sr,thank_you_trust,same_as_fr
sr,refund_title,same_as_fr
sr,refund_heading,same_as_fr
sr,refund_message,same_as_fr
sr,transfer_details,same_as_fr
sr,label_transfer_date,same_as_fr
sr,label_transfer_reason,same_as_fr
sr,refund_amount_text,same_as_fr
sr,mail_error_alert_title,same_as_fr
sr,system_alert,same_as_fr
sr,label_failed_recipient,same_as_fr
sr,label_context,same_as_fr
sr,possible_causes,same_as_fr
sr,cause_daily_limit,same_as_fr
sr,cause_smtp_connection,same_as_fr
sr,cause_smtp_connection_details,same_as_fr
sr,cause_auth_failed,same_as_fr
sr,cause_auth_failed_details,same_as_fr
sr,recommended_actions,same_as_fr
sr,action_if_limit,same_as_fr
sr,action_check_logs,same_as_fr
sr,action_check_logs_details,same_as_fr
sr,action_test_connection,same_as_fr
sr,action_check_config,same_as_fr
sr,action_check_config_details,same_as_fr
sr,action_regenerate_password,same_as_fr
sr,system_information,same_as_fr
sr,label_smtp_server,same_as_fr
sr,label_port,same_as_fr
sr,label_account,same_as_fr
sr,label_environment,same_as_fr
sr,account_management_system,same_as_fr
sr,alert_generated_by_safemail,same_as_fr
sr,contact_technical_team,same_as_fr
sr,password_reset_title,same_as_fr
sr,password_reset_heading,same_as_fr
sr,greeting_simple_name,same_as_fr
sr,password_reset_reason,same_as_fr
sr,password_reset_click_link,same_as_fr
sr,compte_created_message,translated
sr,support_contact,translated
sr,footer_thanks,translated
sr,contact_support_for_info,translated
sr,unlock_code_used_alert,translated
sr,unlock_code_used_explanation,translated
sr,urgent_if_not_you,translated
sr,change_access_codes,translated
sr,welcome_message,translated
sr,access_member_area,translated
sr,operation_details,translated
sr,contact_us_if_questions,translated
sr,refund_apology_contact,translated
sr,mail_send_failure_detected,translated
sr,email_sending_problem,translated
sr,email_send_failure_explanation,translated
sr,error_details,translated
sr,label_error_message,translated
sr,cause_daily_limit_details,translated
sr,cause_app_password_revoked,translated
sr,cause_app_password_revoked_details,translated
sr,action_if_limit_details,translated
sr,action_regenerate_password_details,translated
sr,alert_auto_generated_notice,translated
sr,password_reset_no_action_needed,translated
sr,thank_you_using_brand,translated
st,compte_created_subject,same_as_fr
st,compte_created_title,same_as_fr
st,greeting,same_as_fr
st,compte_created_message,same_as_fr
st,credentials_title,same_as_fr
st,label_email,same_as_fr
st,label_password,same_as_fr
st,label_initial_balance,same_as_fr
st,cta_login,same_as_fr
st,info_access,same_as_fr
st,support_contact,same_as_fr
st,footer_thanks,same_as_fr
st,footer_brand,same_as_fr
st,footer_partner,same_as_fr
st,virement_success_subject,same_as_fr
st,virement_success_title,same_as_fr
st,virement_success_message,same_as_fr
st,virement_failed_subject,same_as_fr
st,virement_failed_title,same_as_fr
st,virement_failed_message,same_as_fr
st,details_title,same_as_fr
st,label_amount,same_as_fr
st,label_date,same_as_fr
st,label_beneficiary,same_as_fr
st,virement_notice,same_as_fr
st,thanks,same_as_fr
st,contact_support_for_info,same_as_fr
st,regards,same_as_fr
st,service_client,same_as_fr
st,auto_generated_notice,same_as_fr
st,compte_activated_title,same_as_fr
st,compte_activated_heading,same_as_fr
st,good_news,same_as_fr
st,compte_activated_message,same_as_fr
st,compte_activated_explanation,same_as_fr
st,label_holder,same_as_fr
st,label_current_balance,same_as_fr
st,label_status,same_as_fr
st,status_active,same_as_fr
st,you_can_now,same_as_fr
st,can_make_transfers,same_as_fr
st,check_balance,same_as_fr
st,manage_transactions,same_as_fr
st,access_services,same_as_fr
st,thanks_welcome,same_as_fr
st,unlock_code_used_title,same_as_fr
st,unlock_code_used_heading,same_as_fr
st,greeting_simple,same_as_fr
st,info_notification,same_as_fr
st,unlock_code_used_alert,same_as_fr
st,unlock_code_used_explanation,same_as_fr
st,label_date_time,same_as_fr
st,label_transfer_amount,same_as_fr
st,label_recipient,same_as_fr
st,urgent_if_not_you,same_as_fr
st,contact_support_immediately,same_as_fr
st,check_recent_transactions,same_as_fr
st,change_access_codes,same_as_fr
st,if_legitimate,same_as_fr
st,client_can_finalize,same_as_fr
st,transfer_unlock_code_title,same_as_fr
st,transfer_unlock_heading,same_as_fr
st,transfer_unlock_message_intro,same_as_fr
st,transfer_unlock_code_label,same_as_fr
st,your_unlock_code,same_as_fr
st,do_not_share_unlock_code,same_as_fr
st,unlock_code_personal_confidential,same_as_fr
st,unlock_code_needed_finalize,same_as_fr
st,contact_support_for_questions,same_as_fr
st,welcome_title,same_as_fr
st,welcome_heading,same_as_fr
st,welcome_message,same_as_fr
st,login_credentials_title,same_as_fr
st,access_member_area,same_as_fr
st,pleasure_to_assist,same_as_fr
st,balance_decreased_title,same_as_fr
st,balance_decreased_heading,same_as_fr
st,balance_decreased_message,same_as_fr
st,operation_details,same_as_fr
st,label_amount_deducted,same_as_fr
st,label_new_balance,same_as_fr
st,contact_us_if_questions,same_as_fr
st,balance_increased_title,same_as_fr
st,balance_increased_heading,same_as_fr
st,balance_increased_message,same_as_fr
st,label_amount_added,same_as_fr
st,thank_you_trust,same_as_fr
st,refund_title,same_as_fr
st,refund_heading,same_as_fr
st,refund_message,same_as_fr
st,transfer_details,same_as_fr
st,label_transfer_date,same_as_fr
st,label_transfer_reason,same_as_fr
st,refund_amount_text,same_as_fr
st,refund_apology_contact,same_as_fr
st,mail_error_alert_title,same_as_fr
st,system_alert,same_as_fr
st,mail_send_failure_detected,same_as_fr
st,email_sending_problem,same_as_fr
st,email_send_failure_explanation,same_as_fr
st,error_details,same_as_fr
st,label_failed_recipient,same_as_fr
st,label_context,same_as_fr
st,label_error_message,same_as_fr
st,possible_causes,same_as_fr
st,cause_daily_limit,same_as_fr
st,cause_daily_limit_details,same_as_fr
st,cause_smtp_connection,same_as_fr
st,cause_smtp_connection_details,same_as_fr
st,cause_auth_failed,same_as_fr
st,cause_auth_failed_details,same_as_fr
st,cause_app_password_revoked,same_as_fr
st,cause_app_password_revoked_details,same_as_fr
st,recommended_actions,same_as_fr
st,action_if_limit,same_as_fr
st,action_if_limit_details,same_as_fr
st,action_check_logs,same_as_fr
st,action_check_logs_details,same_as_fr
st,action_test_connection,same_as_fr
st,action_check_config,same_as_fr
st,action_check_config_details,same_as_fr
st,action_regenerate_password,same_as_fr
st,action_regenerate_password_details,same_as_fr
st,system_information,same_as_fr
st,label_smtp_server,same_as_fr
st,label_port,same_as_fr
st,label_account,same_as_fr
st,label_environment,same_as_fr
st,alert_auto_generated_notice,same_as_fr
st,account_management_system,same_as_fr
st,alert_generated_by_safemail,same_as_fr
st,contact_technical_team,same_as_fr
st,password_reset_title,same_as_fr
st,password_reset_heading,same_as_fr
st,greeting_simple_name,same_as_fr
st,password_reset_reason,same_as_fr
st,password_reset_click_link,same_as_fr
st,password_reset_no_action_needed,same_as_fr
st,thank_you_using_brand,same_as_fr
su,compte_created_subject,same_as_fr
su,compte_created_title,same_as_fr
su,greeting,same_as_fr
su,compte_created_message,same_as_fr
su,credentials_title,same_as_fr
su,label_email,same_as_fr
su,label_password,same_as_fr
su,label_initial_balance,same_as_fr
su,cta_login,same_as_fr
su,info_access,same_as_fr
su,support_contact,same_as_fr
su,footer_thanks,same_as_fr
su,footer_brand,same_as_fr
su,footer_partner,same_as_fr
su,virement_success_subject,same_as_fr
su,virement_success_title,same_as_fr
su,virement_success_message,same_as_fr
su,virement_failed_subject,same_as_fr
su,virement_failed_title,same_as_fr
su,virement_failed_message,same_as_fr
su,details_title,same_as_fr
su,label_amount,same_as_fr
su,label_date,same_as_fr
su,label_beneficiary,same_as_fr
su,virement_notice,same_as_fr
su,thanks,same_as_fr
su,contact_support_for_info,same_as_fr
su,regards,same_as_fr
su,service_client,same_as_fr
su,auto_generated_notice,same_as_fr
su,compte_activated_title,same_as_fr
su,compte_activated_heading,same_as_fr
su,good_news,same_as_fr
su,compte_activated_message,same_as_fr
su,compte_activated_explanation,same_as_fr
su,label_holder,same_as_fr
su,label_current_balance,same_as_fr
su,label_status,same_as_fr
su,status_active,same_as_fr
su,you_can_now,same_as_fr
su,can_make_transfers,same_as_fr
su,check_balance,same_as_fr
su,manage_transactions,same_as_fr
su,access_services,same_as_fr
su,thanks_welcome,same_as_fr
su,unlock_code_used_title,same_as_fr
su,unlock_code_used_heading,same_as_fr
su,greeting_simple,same_as_fr
su,info_notification,same_as_fr
su,unlock_code_used_alert,same_as_fr
su,unlock_code_used_explanation,same_as_fr
su,label_date_time,same_as_fr
su,label_transfer_amount,same_as_fr
su,label_recipient,same_as_fr
su,urgent_if_not_you,same_as_fr
su,contact_support_immediately,same_as_fr
su,check_recent_transactions,same_as_fr
su,change_access_codes,same_as_fr
su,if_legitimate,same_as_fr
su,client_can_finalize,same_as_fr
su,transfer_unlock_code_title,same_as_fr
su,transfer_unlock_heading,same_as_fr
su,transfer_unlock_message_intro,same_as_fr
su,transfer_unlock_code_label,same_as_fr
su,your_unlock_code,same_as_fr
su,do_not_share_unlock_code,same_as_fr
su,unlock_code_personal_confidential,same_as_fr
su,unlock_code_needed_finalize,same_as_fr
su,contact_support_for_questions,same_as_fr
su,welcome_title,same_as_fr
su,welcome_heading,same_as_fr
su,welcome_message,same_as_fr
su,login_credentials_title,same_as_fr
su,access_member_area,same_as_fr
su,pleasure_to_assist,same_as_fr
su,balance_decreased_title,same_as_fr
su,balance_decreased_heading,same_as_fr
su,balance_decreased_message,same_as_fr
su,operation_details,same_as_fr
su,label_amount_deducted,same_as_fr
su,label_new_balance,same_as_fr
su,contact_us_if_questions,same_as_fr
su,balance_increased_title,same_as_fr
su,balance_increased_heading,same_as_fr
su,balance_increased_message,same_as_fr
su,label_amount_added,same_as_fr
su,thank_you_trust,same_as_fr
su,refund_title,same_as_fr
su,refund_heading,same_as_fr
su,refund_message,same_as_fr
su,transfer_details,same_as_fr
su,label_transfer_date,same_as_fr
su,label_transfer_reason,same_as_fr
su,refund_amount_text,same_as_fr
su,refund_apology_contact,same_as_fr
su,mail_error_alert_title,same_as_fr
su,system_alert,same_as_fr
su,mail_send_failure_detected,same_as_fr
su,email_sending_problem,same_as_fr
su,email_send_failure_explanation,same_as_fr
su,error_details,same_as_fr
su,label_failed_recipient,same_as_fr
su,label_context,same_as_fr
su,label_error_message,same_as_fr
su,possible_causes,same_as_fr
su,cause_daily_limit,same_as_fr
su,cause_daily_limit_details,same_as_fr
su,cause_smtp_connection,same_as_fr
su,cause_smtp_connection_details,same_as_fr
su,cause_auth_failed,same_as_fr
su,cause_auth_failed_details,same_as_fr
su,cause_app_password_revoked,same_as_fr
su,cause_app_password_revoked_details,same_as_fr
su,recommended_actions,same_as_fr
su,action_if_limit,same_as_fr
su,action_if_limit_details,same_as_fr
su,action_check_logs,same_as_fr
su,action_check_logs_details,same_as_fr
su,action_test_connection,same_as_fr
su,action_check_config,same_as_fr
su,action_check_config_details,same_as_fr
su,action_regenerate_password,same_as_fr
su,action_regenerate_password_details,same_as_fr
su,system_information,same_as_fr
su,label_smtp_server,same_as_fr
su,label_port,same_as_fr
su,label_account,same_as_fr
su,label_environment,same_as_fr
su,alert_auto_generated_notice,same_as_fr
su,account_management_system,same_as_fr
su,alert_generated_by_safemail,same_as_fr
su,contact_technical_team,same_as_fr
su,password_reset_title,same_as_fr
su,password_reset_heading,same_as_fr
su,greeting_simple_name,same_as_fr
su,password_reset_reason,same_as_fr
su,password_reset_click_link,same_as_fr
su,password_reset_no_action_needed,same_as_fr
su,thank_you_using_brand,same_as_fr
sv,label_email,same_as_fr
sv,footer_brand,same_as_fr
sv,label_date,same_as_fr
sv,label_port,same_as_fr
sv,compte_created_subject,same_as_en
sv,compte_created_title,same_as_en
sv,greeting,same_as_en
sv,compte_created_message,same_as_en
sv,credentials_title,same_as_en
sv,label_password,same_as_en
sv,label_initial_balance,same_as_en
sv,cta_login,same_as_en
sv,info_access,same_as_en
sv,support_contact,same_as_en
sv,footer_thanks,same_as_en
sv,footer_partner,same_as_en
sv,virement_success_subject,same_as_en
sv,virement_success_title,same_as_en
sv,virement_success_message,same_as_en
sv,virement_failed_subject,same_as_en
sv,virement_failed_title,same_as_en
sv,virement_failed_message,same_as_en
sv,details_title,same_as_en
sv,label_amount,same_as_en
sv,label_beneficiary,same_as_en
sv,virement_notice,same_as_en
sv,thanks,same_as_en
sv,contact_support_for_info,same_as_en
sv,regards,same_as_en
sv,service_client,same_as_en
sv,auto_generated_notice,same_as_en
sv,compte_activated_title,same_as_en
sv,compte_activated_heading,same_as_en
sv,good_news,same_as_en
sv,compte_activated_message,same_as_en
sv,compte_activated_explanation,same_as_en
sv,label_holder,same_as_en
sv,label_current_balance,same_as_en
sv,label_status,same_as_en
sv,status_active,same_as_en
sv,you_can_now,same_as_en
sv,can_make_transfers,same_as_en
sv,check_balance,same_as_en
sv,manage_transactions,same_as_en
sv,access_services,same_as_en
sv,thanks_welcome,same_as_en
sv,unlock_code_used_title,same_as_en
sv,unlock_code_used_heading,same_as_en
sv,greeting_simple,same_as_en
sv,info_notification,same_as_en
sv,unlock_code_used_alert,same_as_en
sv,unlock_code_used_explanation,same_as_en
sv,label_date_time,same_as_en
sv,label_transfer_amount,same_as_en
sv,label_recipient,same_as_en
sv,urgent_if_not_you,same_as_en
sv,contact_support_immediately,same_as_en
sv,check_recent_transactions,same_as_en
sv,change_access_codes,same_as_en
sv,if_legitimate,same_as_en
sv,client_can_finalize,same_as_en
sv,transfer_unlock_code_title,same_as_en
sv,transfer_unlock_heading,same_as_en
sv,transfer_unlock_message_intro,same_as_en
sv,transfer_unlock_code_label,same_as_en
sv,your_unlock_code,same_as_en
sv,do_not_share_unlock_code,same_as_en
sv,unlock_code_personal_confidential,same_as_en
sv,unlock_code_needed_finalize,same_as_en
sv,contact_support_for_questions,same_as_en
sv,welcome_title,same_as_en
sv,welcome_heading,same_as_en
sv,welcome_message,same_as_en
sv,login_credentials_title,same_as_en
sv,access_member_area,same_as_en
sv,pleasure_to_assist,same_as_en
sv,balance_decreased_title,same_as_en
sv,balance_decreased_heading,same_as_en
sv,balance_decreased_message,same_as_en
sv,operation_details,same_as_en
sv,label_amount_deducted,same_as_en
sv,label_new_balance,same_as_en
sv,contact_us_if_questions,same_as_en
sv,balance_increased_title,same_as_en
sv,balance_increased_heading,same_as_en
sv,balance_increased_message,same_as_en
sv,label_amount_added,same_as_en
sv,thank_you_trust,same_as_en
sv,refund_title,same_as_en
sv,refund_heading,same_as_en
sv,refund_message,same_as_en
sv,transfer_details,same_as_en
sv,label_transfer_date,same_as_en
sv,label_transfer_reason,same_as_en
sv,refund_amount_text,same_as_en
sv,refund_apology_contact,same_as_en
sv,mail_error_alert_title,same_as_en
sv,system_alert,same_as_en
sv,mail_send_failure_detected,same_as_en
sv,email_sending_problem,same_as_en
sv,email_send_failure_explanation,same_as_en
sv,error_details,same_as_en
sv,label_failed_recipient,same_as_en
sv,label_context,same_as_en
sv,label_error_message,same_as_en
sv,possible_causes,same_as_en
sv,cause_daily_limit,same_as_en
sv,cause_daily_limit_details,same_as_en
sv,cause_smtp_connection,same_as_en
sv,cause_smtp_connection_details,same_as_en
sv,cause_auth_failed,same_as_en
sv,cause_auth_failed_details,same_as_en
sv,cause_app_password_revoked,same_as_en
sv,cause_app_password_revoked_details,same_as_en
sv,recommended_actions,same_as_en
sv,action_if_limit,same_as_en
sv,action_if_limit_details,same_as_en
sv,action_check_logs,same_as_en
sv,action_check_logs_details,same_as_en
sv,action_test_connection,same_as_en
sv,action_check_config,same_as_en
sv,action_check_config_details,same_as_en
sv,action_regenerate_password,same_as_en
sv,action_regenerate_password_details,same_as_en
sv,system_information,same_as_en
sv,label_smtp_server,same_as_en
sv,label_account,same_as_en
sv,label_environment,same_as_en
sv,alert_auto_generated_notice,same_as_en
sv,account_management_system,same_as_en
sv,alert_generated_by_safemail,same_as_en
sv,contact_technical_team,same_as_en
sv,password_reset_title,same_as_en
sv,password_reset_heading,same_as_en
sv,greeting_simple_name,same_as_en
sv,password_reset_reason,same_as_en
sv,password_reset_click_link,same_as_en
sv,password_reset_no_action_needed,same_as_en
sv,thank_you_using_brand,same_as_en
sw,compte_created_subject,same_as_fr
sw,compte_created_title,same_as_fr
sw,greeting,same_as_fr
sw,compte_created_message,same_as_fr
sw,credentials_title,same_as_fr
sw,label_email,same_as_fr
sw,label_password,same_as_fr
sw,label_initial_balance,same_as_fr
sw,cta_login,same_as_fr
sw,info_access,same_as_fr
sw,support_contact,same_as_fr
sw,footer_thanks,same_as_fr
sw,footer_brand,same_as_fr
sw,footer_partner,same_as_fr
sw,virement_success_subject,same_as_fr
sw,virement_success_title,same_as_fr
sw,virement_success_message,same_as_fr
sw,virement_failed_subject,same_as_fr
sw,virement_failed_title,same_as_fr
sw,virement_failed_message,same_as_fr
sw,details_title,same_as_fr
sw,label_amount,same_as_fr
sw,label_date,same_as_fr
sw,label_beneficiary,same_as_fr
sw,virement_notice,same_as_fr
sw,thanks,same_as_fr
sw,contact_support_for_info,same_as_fr
sw,regards,same_as_fr
sw,service_client,same_as_fr
sw,auto_generated_notice,same_as_fr
sw,compte_activated_title,same_as_fr
sw,compte_activated_heading,same_as_fr
sw,good_news,same_as_fr
sw,compte_activated_message,same_as_fr
sw,compte_activated_explanation,same_as_fr
sw,label_holder,same_as_fr
sw,label_current_balance,same_as_fr
sw,label_status,same_as_fr
sw,status_active,same_as_fr
sw,you_can_now,same_as_fr
sw,can_make_transfers,same_as_fr
sw,check_balance,same_as_fr
sw,manage_transactions,same_as_fr
sw,access_services,same_as_fr
sw,thanks_welcome,same_as_fr
sw,unlock_code_used_title,same_as_fr
sw,unlock_code_used_heading,same_as_fr
sw,greeting_simple,same_as_fr
sw,info_notification,same_as_fr
sw,unlock_code_used_alert,same_as_fr
sw,unlock_code_used_explanation,same_as_fr
sw,label_date_time,same_as_fr
sw,label_transfer_amount,same_as_fr
sw,label_recipient,same_as_fr
sw,urgent_if_not_you,same_as_fr
sw,contact_support_immediately,same_as_fr
sw,check_recent_transactions,same_as_fr
sw,change_access_codes,same_as_fr
sw,if_legitimate,same_as_fr
sw,client_can_finalize,same_as_fr
sw,transfer_unlock_code_title,same_as_fr
sw,transfer_unlock_heading,same_as_fr
sw,transfer_unlock_message_intro,same_as_fr
sw,transfer_unlock_code_label,same_as_fr
sw,your_unlock_code,same_as_fr
sw,do_not_share_unlock_code,same_as_fr
sw,unlock_code_personal_confidential,same_as_fr
sw,unlock_code_needed_finalize,same_as_fr
sw,contact_support_for_questions,same_as_fr
sw,welcome_title,same_as_fr
sw,welcome_heading,same_as_fr
sw,welcome_message,same_as_fr
sw,login_credentials_title,same_as_fr
sw,access_member_area,same_as_fr
sw,pleasure_to_assist,same_as_fr
sw,balance_decreased_title,same_as_fr
sw,balance_decreased_heading,same_as_fr
sw,balance_decreased_message,same_as_fr
sw,operation_details,same_as_fr
sw,label_amount_deducted,same_as_fr
sw,label_new_balance,same_as_fr
sw,contact_us_if_questions,same_as_fr
sw,balance_increased_title,same_as_fr
sw,balance_increased_heading,same_as_fr
sw,balance_increased_message,same_as_fr
sw,label_amount_added,same_as_fr
sw,thank_you_trust,same_as_fr
sw,refund_title,same_as_fr
sw,refund_heading,same_as_fr
sw,refund_message,same_as_fr
sw,transfer_details,same_as_fr
sw,label_transfer_date,same_as_fr
sw,label_transfer_reason,same_as_fr
sw,refund_amount_text,same_as_fr
sw,refund_apology_contact,same_as_fr
sw,mail_error_alert_title,same_as_fr
sw,system_alert,same_as_fr
sw,mail_send_failure_detected,same_as_fr
sw,email_sending_problem,same_as_fr
sw,email_send_failure_explanation,same_as_fr
sw,error_details,same_as_fr
sw,label_failed_recipient,same_as_fr
sw,label_context,same_as_fr
sw,label_error_message,same_as_fr
sw,possible_causes,same_as_fr
sw,cause_daily_limit,same_as_fr
sw,cause_daily_limit_details,same_as_fr
sw,cause_smtp_connection,same_as_fr
sw,cause_smtp_connection_details,same_as_fr
sw,cause_auth_failed,same_as_fr
sw,cause_auth_failed_details,same_as_fr
sw,cause_app_password_revoked,same_as_fr
sw,cause_app_password_revoked_details,same_as_fr
sw,recommended_actions,same_as_fr
sw,action_if_limit,same_as_fr
sw,action_if_limit_details,same_as_fr
sw,action_check_logs,same_as_fr
sw,action_check_logs_details,same_as_fr
sw,action_test_connection,same_as_fr
sw,action_check_config,same_as_fr
sw,action_check_config_details,same_as_fr
sw,action_regenerate_password,same_as_fr
sw,action_regenerate_password_details,same_as_fr
sw,system_information,same_as_fr
sw,label_smtp_server,same_as_fr
sw,label_port,same_as_fr
sw,label_account,same_as_fr
sw,label_environment,same_as_fr
sw,alert_auto_generated_notice,same_as_fr
sw,account_management_system,same_as_fr
sw,alert_generated_by_safemail,same_as_fr
sw,contact_technical_team,same_as_fr
sw,password_reset_title,same_as_fr
sw,password_reset_heading,same_as_fr
sw,greeting_simple_name,same_as_fr
sw,password_reset_reason,same_as_fr
sw,password_reset_click_link,same_as_fr
sw,password_reset_no_action_needed,same_as_fr
sw,thank_you_using_brand,same_as_fr
ta,compte_created_subject,same_as_fr
ta,compte_created_title,same_as_fr
ta,greeting,same_as_fr
ta,compte_created_message,same_as_fr
ta,credentials_title,same_as_fr
ta,label_email,same_as_fr
ta,label_password,same_as_fr
ta,label_initial_balance,same_as_fr
ta,cta_login,same_as_fr
ta,info_access,same_as_fr
ta,support_contact,same_as_fr
ta,footer_thanks,same_as_fr
ta,footer_brand,same_as_fr
ta,footer_partner,same_as_fr
ta,virement_success_subject,same_as_fr
ta,virement_success_title,same_as_fr
ta,virement_success_message,same_as_fr
ta,virement_failed_subject,same_as_fr
ta,virement_failed_title,same_as_fr
ta,virement_failed_message,same_as_fr
ta,details_title,same_as_fr
ta,label_amount,same_as_fr
ta,label_date,same_as_fr
ta,label_beneficiary,same_as_fr
ta,virement_notice,same_as_fr
ta,thanks,same_as_fr
ta,contact_support_for_info,same_as_fr
ta,regards,same_as_fr
ta,service_client,same_as_fr
ta,auto_generated_notice,same_as_fr
ta,compte_activated_title,same_as_fr
ta,compte_activated_heading,same_as_fr
ta,good_news,same_as_fr
ta,compte_activated_message,same_as_fr
ta,compte_activated_explanation,same_as_fr
ta,label_holder,same_as_fr
ta,label_current_balance,same_as_fr
ta,label_status,same_as_fr
ta,status_active,same_as_fr
ta,you_can_now,same_as_fr
ta,can_make_transfers,same_as_fr
ta,check_balance,same_as_fr
ta,manage_transactions,same_as_fr
ta,access_services,same_as_fr
ta,thanks_welcome,same_as_fr
ta,unlock_code_used_title,same_as_fr
ta,unlock_code_used_heading,same_as_fr
ta,greeting_simple,same_as_fr
ta,info_notification,same_as_fr
ta,unlock_code_used_alert,same_as_fr
ta,unlock_code_used_explanation,same_as_fr
ta,label_date_time,same_as_fr
ta,label_transfer_amount,same_as_fr
ta,label_recipient,same_as_fr
ta,urgent_if_not_you,same_as_fr
ta,contact_support_immediately,same_as_fr
ta,check_recent_transactions,same_as_fr
ta,change_access_codes,same_as_fr
ta,if_legitimate,same_as_fr
ta,client_can_finalize,same_as_fr
ta,transfer_unlock_code_title,same_as_fr
ta,transfer_unlock_heading,same_as_fr
ta,transfer_unlock_message_intro,same_as_fr
ta,transfer_unlock_code_label,same_as_fr
ta,your_unlock_code,same_as_fr
ta,do_not_share_unlock_code,same_as_fr
ta,unlock_code_personal_confidential,same_as_fr
ta,unlock_code_needed_finalize,same_as_fr
ta,contact_support_for_questions,same_as_fr
ta,welcome_title,same_as_fr
ta,welcome_heading,same_as_fr
ta,welcome_message,same_as_fr
ta,login_credentials_title,same_as_fr
ta,access_member_area,same_as_fr
ta,pleasure_to_assist,same_as_fr
ta,balance_decreased_title,same_as_fr
ta,balance_decreased_heading,same_as_fr
ta,balance_decreased_message,same_as_fr
ta,operation_details,same_as_fr
ta,label_amount_deducted,same_as_fr
ta,label_new_balance,same_as_fr
ta,contact_us_if_questions,same_as_fr
ta,balance_increased_title,same_as_fr
ta,balance_increased_heading,same_as_fr
ta,balance_increased_message,same_as_fr
ta,label_amount_added,same_as_fr
ta,thank_you_trust,same_as_fr
ta,refund_title,same_as_fr
ta,refund_heading,same_as_fr
ta,refund_message,same_as_fr
ta,transfer_details,same_as_fr
ta,label_transfer_date,same_as_fr
ta,label_transfer_reason,same_as_fr
ta,refund_amount_text,same_as_fr
ta,refund_apology_contact,same_as_fr
ta,mail_error_alert_title,same_as_fr
ta,system_alert,same_as_fr
ta,mail_send_failure_detected,same_as_fr
ta,email_sending_problem,same_as_fr
ta,email_send_failure_explanation,same_as_fr
ta,error_details,same_as_fr
ta,label_failed_recipient,same_as_fr
ta,label_context,same_as_fr
ta,label_error_message,same_as_fr
ta,possible_causes,same_as_fr
ta,cause_daily_limit,same_as_fr
ta,cause_daily_limit_details,same_as_fr
ta,cause_smtp_connection,same_as_fr
ta,cause_smtp_connection_details,same_as_fr
ta,cause_auth_failed,same_as_fr
ta,cause_auth_failed_details,same_as_fr
ta,cause_app_password_revoked,same_as_fr
ta,cause_app_password_revoked_details,same_as_fr
ta,recommended_actions,same_as_fr
ta,action_if_limit,same_as_fr
ta,action_if_limit_details,same_as_fr
ta,action_check_logs,same_as_fr
ta,action_check_logs_details,same_as_fr
ta,action_test_connection,same_as_fr
ta,action_check_config,same_as_fr
ta,action_check_config_details,same_as_fr
ta,action_regenerate_password,same_as_fr
ta,action_regenerate_password_details,same_as_fr
ta,system_information,same_as_fr
ta,label_smtp_server,same_as_fr
ta,label_port,same_as_fr
ta,label_account,same_as_fr
ta,label_environment,same_as_fr
ta,alert_auto_generated_notice,same_as_fr
ta,account_management_system,same_as_fr
ta,alert_generated_by_safemail,same_as_fr
ta,contact_technical_team,same_as_fr
ta,password_reset_title,same_as_fr
ta,password_reset_heading,same_as_fr
ta,greeting_simple_name,same_as_fr
ta,password_reset_reason,same_as_fr
ta,password_reset_click_link,same_as_fr
ta,password_reset_no_action_needed,same_as_fr
ta,thank_you_using_brand,same_as_fr
te,compte_created_subject,same_as_fr
te,compte_created_title,same_as_fr
te,greeting,same_as_fr
te,compte_created_message,same_as_fr
te,credentials_title,same_as_fr
te,label_email,same_as_fr
te,label_password,same_as_fr
te,label_initial_balance,same_as_fr
te,cta_login,same_as_fr
te,info_access,same_as_fr
te,support_contact,same_as_fr
te,footer_thanks,same_as_fr
te,footer_brand,same_as_fr
te,footer_partner,same_as_fr
te,virement_success_subject,same_as_fr
te,virement_success_title,same_as_fr
te,virement_success_message,same_as_fr
te,virement_failed_subject,same_as_fr
te,virement_failed_title,same_as_fr
te,virement_failed_message,same_as_fr
te,details_title,same_as_fr
te,label_amount,same_as_fr
te,label_date,same_as_fr
te,label_beneficiary,same_as_fr
te,virement_notice,same_as_fr
te,thanks,same_as_fr
te,contact_support_for_info,same_as_fr
te,regards,same_as_fr
te,service_client,same_as_fr
te,auto_generated_notice,same_as_fr
te,compte_activated_title,same_as_fr
te,compte_activated_heading,same_as_fr
te,good_news,same_as_fr
te,compte_activated_message,same_as_fr
te,compte_activated_explanation,same_as_fr
te,label_holder,same_as_fr
te,label_current_balance,same_as_fr
te,label_status,same_as_fr
te,status_active,same_as_fr
te,you_can_now,same_as_fr
te,can_make_transfers,same_as_fr
te,check_balance,same_as_fr
te,manage_transactions,same_as_fr
te,access_services,same_as_fr
te,thanks_welcome,same_as_fr
te,unlock_code_used_title,same_as_fr
te,unlock_code_used_heading,same_as_fr
te,greeting_simple,same_as_fr
te,info_notification,same_as_fr
te,unlock_code_used_alert,same_as_fr
te,unlock_code_used_explanation,same_as_fr
te,label_date_time,same_as_fr
te,label_transfer_amount,same_as_fr
te,label_recipient,same_as_fr
te,urgent_if_not_you,same_as_fr
te,contact_support_immediately,same_as_fr
te,check_recent_transactions,same_as_fr
te,change_access_codes,same_as_fr
te,if_legitimate,same_as_fr
te,client_can_finalize,same_as_fr
te,transfer_unlock_code_title,same_as_fr
te,transfer_unlock_heading,same_as_fr
te,transfer_unlock_message_intro,same_as_fr
te,transfer_unlock_code_label,same_as_fr
te,your_unlock_code,same_as_fr
te,do_not_share_unlock_code,same_as_fr
te,unlock_code_personal_confidential,same_as_fr
te,unlock_code_needed_finalize,same_as_fr
te,contact_support_for_questions,same_as_fr
te,welcome_title,same_as_fr
te,welcome_heading,same_as_fr
te,welcome_message,same_as_fr
te,login_credentials_title,same_as_fr
te,access_member_area,same_as_fr
te,pleasure_to_assist,same_as_fr
te,balance_decreased_title,same_as_fr
te,balance_decreased_heading,same_as_fr
te,balance_decreased_message,same_as_fr
te,operation_details,same_as_fr
te,label_amount_deducted,same_as_fr
te,label_new_balance,same_as_fr
te,contact_us_if_questions,same_as_fr
te,balance_increased_title,same_as_fr
te,balance_increased_heading,same_as_fr
te,balance_increased_message,same_as_fr
te,label_amount_added,same_as_fr
te,thank_you_trust,same_as_fr
te,refund_title,same_as_fr
te,refund_heading,same_as_fr
te,refund_message,same_as_fr
te,transfer_details,same_as_fr
te,label_transfer_date,same_as_fr
te,label_transfer_reason,same_as_fr
te,refund_amount_text,same_as_fr
te,refund_apology_contact,same_as_fr
te,mail_error_alert_title,same_as_fr
te,system_alert,same_as_fr
te,mail_send_failure_detected,same_as_fr
te,email_sending_problem,same_as_fr
te,email_send_failure_explanation,same_as_fr
te,error_details,same_as_fr
te,label_failed_recipient,same_as_fr
te,label_context,same_as_fr
te,label_error_message,same_as_fr
te,possible_causes,same_as_fr
te,cause_daily_limit,same_as_fr
te,cause_daily_limit_details,same_as_fr
te,cause_smtp_connection,same_as_fr
te,cause_smtp_connection_details,same_as_fr
te,cause_auth_failed,same_as_fr
te,cause_auth_failed_details,same_as_fr
te,cause_app_password_revoked,same_as_fr
te,cause_app_password_revoked_details,same_as_fr
te,recommended_actions,same_as_fr
te,action_if_limit,same_as_fr
te,action_if_limit_details,same_as_fr
te,action_check_logs,same_as_fr
te,action_check_logs_details,same_as_fr
te,action_test_connection,same_as_fr
te,action_check_config,same_as_fr
te,action_check_config_details,same_as_fr
te,action_regenerate_password,same_as_fr
te,action_regenerate_password_details,same_as_fr
te,system_information,same_as_fr
te,label_smtp_server,same_as_fr
te,label_port,same_as_fr
te,label_account,same_as_fr
te,label_environment,same_as_fr
te,alert_auto_generated_notice,same_as_fr
te,account_management_system,same_as_fr
te,alert_generated_by_safemail,same_as_fr
te,contact_technical_team,same_as_fr
te,password_reset_title,same_as_fr
te,password_reset_heading,same_as_fr
te,greeting_simple_name,same_as_fr
te,password_reset_reason,same_as_fr
te,password_reset_click_link,same_as_fr
te,password_reset_no_action_needed,same_as_fr
te,thank_you_using_brand,same_as_fr
tg,compte_created_subject,same_as_fr
tg,compte_created_title,same_as_fr
tg,greeting,same_as_fr
tg,compte_created_message,same_as_fr
tg,credentials_title,same_as_fr
tg,label_email,same_as_fr
tg,label_password,same_as_fr
tg,label_initial_balance,same_as_fr
tg,cta_login,same_as_fr
tg,info_access,same_as_fr
tg,support_contact,same_as_fr
tg,footer_thanks,same_as_fr
tg,footer_brand,same_as_fr
tg,footer_partner,same_as_fr
tg,virement_success_subject,same_as_fr
tg,virement_success_title,same_as_fr
tg,virement_success_message,same_as_fr
tg,virement_failed_subject,same_as_fr
tg,virement_failed_title,same_as_fr
tg,virement_failed_message,same_as_fr
tg,details_title,same_as_fr
tg,label_amount,same_as_fr
tg,label_date,same_as_fr
tg,label_beneficiary,same_as_fr
tg,virement_notice,same_as_fr
tg,thanks,same_as_fr
tg,contact_support_for_info,same_as_fr
tg,regards,same_as_fr
tg,service_client,same_as_fr
tg,auto_generated_notice,same_as_fr
tg,compte_activated_title,same_as_fr
tg,compte_activated_heading,same_as_fr
tg,good_news,same_as_fr
tg,compte_activated_message,same_as_fr
tg,compte_activated_explanation,same_as_fr
tg,label_holder,same_as_fr
tg,label_current_balance,same_as_fr
tg,label_status,same_as_fr
tg,status_active,same_as_fr
tg,you_can_now,same_as_fr
tg,can_make_transfers,same_as_fr
tg,check_balance,same_as_fr
tg,manage_transactions,same_as_fr
tg,access_services,same_as_fr
tg,thanks_welcome,same_as_fr
tg,unlock_code_used_title,same_as_fr
tg,unlock_code_used_heading,same_as_fr
tg,greeting_simple,same_as_fr
tg,info_notification,same_as_fr
tg,unlock_code_used_alert,same_as_fr
tg,unlock_code_used_explanation,same_as_fr
tg,label_date_time,same_as_fr
tg,label_transfer_amount,same_as_fr
tg,label_recipient,same_as_fr
tg,urgent_if_not_you,same_as_fr
tg,contact_support_immediately,same_as_fr
tg,check_recent_transactions,same_as_fr
tg,change_access_codes,same_as_fr
tg,if_legitimate,same_as_fr
tg,client_can_finalize,same_as_fr
tg,transfer_unlock_code_title,same_as_fr
tg,transfer_unlock_heading,same_as_fr
tg,transfer_unlock_message_intro,same_as_fr
tg,transfer_unlock_code_label,same_as_fr
tg,your_unlock_code,same_as_fr
tg,do_not_share_unlock_code,same_as_fr
tg,unlock_code_personal_confidential,same_as_fr
tg,unlock_code_needed_finalize,same_as_fr
tg,contact_support_for_questions,same_as_fr
tg,welcome_title,same_as_fr
tg,welcome_heading,same_as_fr
tg,welcome_message,same_as_fr
tg,login_credentials_title,same_as_fr
tg,access_member_area,same_as_fr
tg,pleasure_to_assist,same_as_fr
tg,balance_decreased_title,same_as_fr
tg,balance_decreased_heading,same_as_fr
tg,balance_decreased_message,same_as_fr
tg,operation_details,same_as_fr
tg,label_amount_deducted,same_as_fr
tg,label_new_balance,same_as_fr
tg,contact_us_if_questions,same_as_fr
tg,balance_increased_title,same_as_fr
tg,balance_increased_heading,same_as_fr
tg,balance_increased_message,same_as_fr
tg,label_amount_added,same_as_fr
tg,thank_you_trust,same_as_fr
tg,refund_title,same_as_fr
tg,refund_heading,same_as_fr
tg,refund_message,same_as_fr
tg,transfer_details,same_as_fr
tg,label_transfer_date,same_as_fr
tg,label_transfer_reason,same_as_fr
tg,refund_amount_text,same_as_fr
tg,refund_apology_contact,same_as_fr
tg,mail_error_alert_title,same_as_fr
tg,system_alert,same_as_fr
tg,mail_send_failure_detected,same_as_fr
tg,email_sending_problem,same_as_fr
tg,email_send_failure_explanation,same_as_fr
tg,error_details,same_as_fr
tg,label_failed_recipient,same_as_fr
tg,label_context,same_as_fr
tg,label_error_message,same_as_fr
tg,possible_causes,same_as_fr
tg,cause_daily_limit,same_as_fr
tg,cause_daily_limit_details,same_as_fr
tg,cause_smtp_connection,same_as_fr
tg,cause_smtp_connection_details,same_as_fr
tg,cause_auth_failed,same_as_fr
tg,cause_auth_failed_details,same_as_fr
tg,cause_app_password_revoked,same_as_fr
tg,cause_app_password_revoked_details,same_as_fr
tg,recommended_actions,same_as_fr
tg,action_if_limit,same_as_fr
tg,action_if_limit_details,same_as_fr
tg,action_check_logs,same_as_fr
tg,action_check_logs_details,same_as_fr
tg,action_test_connection,same_as_fr
tg,action_check_config,same_as_fr
tg,action_check_config_details,same_as_fr
tg,action_regenerate_password,same_as_fr
tg,action_regenerate_password_details,same_as_fr
tg,system_information,same_as_fr
tg,label_smtp_server,same_as_fr
tg,label_port,same_as_fr
tg,label_account,same_as_fr
tg,label_environment,same_as_fr
tg,alert_auto_generated_notice,same_as_fr
tg,account_management_system,same_as_fr
tg,alert_generated_by_safemail,same_as_fr
tg,contact_technical_team,same_as_fr
tg,password_reset_title,same_as_fr
tg,password_reset_heading,same_as_fr
tg,greeting_simple_name,same_as_fr
tg,password_reset_reason,same_as_fr
tg,password_reset_click_link,same_as_fr
tg,password_reset_no_action_needed,same_as_fr
tg,thank_you_using_brand,same_as_fr
th,compte_created_subject,same_as_fr
th,compte_created_title,same_as_fr
th,greeting,same_as_fr
th,compte_created_message,same_as_fr
th,credentials_title,same_as_fr
th,label_email,same_as_fr
th,label_password,same_as_fr
th,label_initial_balance,same_as_fr
th,cta_login,same_as_fr
th,info_access,same_as_fr
th,support_contact,same_as_fr
th,footer_thanks,same_as_fr
th,footer_brand,same_as_fr
th,footer_partner,same_as_fr
th,virement_success_subject,same_as_fr
th,virement_success_title,same_as_fr
th,virement_success_message,same_as_fr
th,virement_failed_subject,same_as_fr
th,virement_failed_title,same_as_fr
th,virement_failed_message,same_as_fr
th,details_title,same_as_fr
th,label_amount,same_as_fr
th,label_date,same_as_fr
th,label_beneficiary,same_as_fr
th,virement_notice,same_as_fr
th,thanks,same_as_fr
th,contact_support_for_info,same_as_fr
th,regards,same_as_fr
th,service_client,same_as_fr
th,auto_generated_notice,same_as_fr
th,compte_activated_title,same_as_fr
th,compte_activated_heading,same_as_fr
th,good_news,same_as_fr
th,compte_activated_message,same_as_fr
th,compte_activated_explanation,same_as_fr
th,label_holder,same_as_fr
th,label_current_balance,same_as_fr
th,label_status,same_as_fr
th,status_active,same_as_fr
th,you_can_now,same_as_fr
th,can_make_transfers,same_as_fr
th,check_balance,same_as_fr
th,manage_transactions,same_as_fr
th,access_services,same_as_fr
th,thanks_welcome,same_as_fr
th,unlock_code_used_title,same_as_fr
th,unlock_code_used_heading,same_as_fr
th,greeting_simple,same_as_fr
th,info_notification,same_as_fr
th,unlock_code_used_alert,same_as_fr
th,unlock_code_used_explanation,same_as_fr
th,label_date_time,same_as_fr
th,label_transfer_amount,same_as_fr
th,label_recipient,same_as_fr
th,urgent_if_not_you,same_as_fr
th,contact_support_immediately,same_as_fr
th,check_recent_transactions,same_as_fr
th,change_access_codes,same_as_fr
th,if_legitimate,same_as_fr
th,client_can_finalize,same_as_fr
th,transfer_unlock_code_title,same_as_fr
th,transfer_unlock_heading,same_as_fr
th,transfer_unlock_message_intro,same_as_fr
th,transfer_unlock_code_label,same_as_fr
th,your_unlock_code,same_as_fr
th,do_not_share_unlock_code,same_as_fr
th,unlock_code_personal_confidential,same_as_fr
th,unlock_code_needed_finalize,same_as_fr
th,contact_support_for_questions,same_as_fr
th,welcome_title,same_as_fr
th,welcome_heading,same_as_fr
th,welcome_message,same_as_fr
th,login_credentials_title,same_as_fr
th,access_member_area,same_as_fr
th,pleasure_to_assist,same_as_fr
th,balance_decreased_title,same_as_fr
th,balance_decreased_heading,same_as_fr
th,balance_decreased_message,same_as_fr
th,operation_details,same_as_fr
th,label_amount_deducted,same_as_fr
th,label_new_balance,same_as_fr
th,contact_us_if_questions,same_as_fr
th,balance_increased_title,same_as_fr
th,balance_increased_heading,same_as_fr
th,balance_increased_message,same_as_fr
th,label_amount_added,same_as_fr
th,thank_you_trust,same_as_fr
th,refund_title,same_as_fr
th,refund_heading,same_as_fr
th,refund_message,same_as_fr
th,transfer_details,same_as_fr
th,label_transfer_date,same_as_fr
th,label_transfer_reason,same_as_fr
th,refund_amount_text,same_as_fr
th,refund_apology_contact,same_as_fr
th,mail_error_alert_title,same_as_fr
th,system_alert,same_as_fr
th,mail_send_failure_detected,same_as_fr
th,email_sending_problem,same_as_fr
th,email_send_failure_explanation,same_as_fr
th,error_details,same_as_fr
th,label_failed_recipient,same_as_fr
th,label_context,same_as_fr
th,label_error_message,same_as_fr
th,possible_causes,same_as_fr
th,cause_daily_limit,same_as_fr
th,cause_daily_limit_details,same_as_fr
th,cause_smtp_connection,same_as_fr
th,cause_smtp_connection_details,same_as_fr
th,cause_auth_failed,same_as_fr
th,cause_auth_failed_details,same_as_fr
th,cause_app_password_revoked,same_as_fr
th,cause_app_password_revoked_details,same_as_fr
th,recommended_actions,same_as_fr
th,action_if_limit,same_as_fr
th,action_if_limit_details,same_as_fr
th,action_check_logs,same_as_fr
th,action_check_logs_details,same_as_fr
th,action_test_connection,same_as_fr
th,action_check_config,same_as_fr
th,action_check_config_details,same_as_fr
th,action_regenerate_password,same_as_fr
th,action_regenerate_password_details,same_as_fr
th,system_information,same_as_fr
th,label_smtp_server,same_as_fr
th,label_port,same_as_fr
th,label_account,same_as_fr
th,label_environment,same_as_fr
th,alert_auto_generated_notice,same_as_fr
th,account_management_system,same_as_fr
th,alert_generated_by_safemail,same_as_fr
th,contact_technical_team,same_as_fr
th,password_reset_title,same_as_fr
th,password_reset_heading,same_as_fr
th,greeting_simple_name,same_as_fr
th,password_reset_reason,same_as_fr
th,password_reset_click_link,same_as_fr
th,password_reset_no_action_needed,same_as_fr
th,thank_you_using_brand,same_as_fr
tk,compte_created_subject,same_as_fr
tk,compte_created_title,same_as_fr
tk,greeting,same_as_fr
tk,compte_created_message,same_as_fr
tk,credentials_title,same_as_fr
tk,label_email,same_as_fr
tk,label_password,same_as_fr
tk,label_initial_balance,same_as_fr
tk,cta_login,same_as_fr
tk,info_access,same_as_fr
tk,support_contact,same_as_fr
tk,footer_thanks,same_as_fr
tk,footer_brand,same_as_fr
tk,footer_partner,same_as_fr
tk,virement_success_subject,same_as_fr
tk,virement_success_title,same_as_fr
tk,virement_success_message,same_as_fr
tk,virement_failed_subject,same_as_fr
tk,virement_failed_title,same_as_fr
tk,virement_failed_message,same_as_fr
tk,details_title,same_as_fr
tk,label_amount,same_as_fr
tk,label_date,same_as_fr
tk,label_beneficiary,same_as_fr
tk,virement_notice,same_as_fr
tk,thanks,same_as_fr
tk,contact_support_for_info,same_as_fr
tk,regards,same_as_fr
tk,service_client,same_as_fr
tk,auto_generated_notice,same_as_fr
tk,compte_activated_title,same_as_fr
tk,compte_activated_heading,same_as_fr
tk,good_news,same_as_fr
tk,compte_activated_message,same_as_fr
tk,compte_activated_explanation,same_as_fr
tk,label_holder,same_as_fr
tk,label_current_balance,same_as_fr
tk,label_status,same_as_fr
tk,status_active,same_as_fr
tk,you_can_now,same_as_fr
tk,can_make_transfers,same_as_fr
tk,check_balance,same_as_fr
tk,manage_transactions,same_as_fr
tk,access_services,same_as_fr
tk,thanks_welcome,same_as_fr
tk,unlock_code_used_title,same_as_fr
tk,unlock_code_used_heading,same_as_fr
tk,greeting_simple,same_as_fr
tk,info_notification,same_as_fr
tk,unlock_code_used_alert,same_as_fr
tk,unlock_code_used_explanation,same_as_fr
tk,label_date_time,same_as_fr
tk,label_transfer_amount,same_as_fr
tk,label_recipient,same_as_fr
tk,urgent_if_not_you,same_as_fr
tk,contact_support_immediately,same_as_fr
tk,check_recent_transactions,same_as_fr
tk,change_access_codes,same_as_fr
tk,if_legitimate,same_as_fr
tk,client_can_finalize,same_as_fr
tk,transfer_unlock_code_title,same_as_fr
tk,transfer_unlock_heading,same_as_fr
tk,transfer_unlock_message_intro,same_as_fr
tk,transfer_unlock_code_label,same_as_fr
tk,your_unlock_code,same_as_fr
tk,do_not_share_unlock_code,same_as_fr
tk,unlock_code_personal_confidential,same_as_fr
tk,unlock_code_needed_finalize,same_as_fr
tk,contact_support_for_questions,same_as_fr
tk,welcome_title,same_as_fr
tk,welcome_heading,same_as_fr
tk,welcome_message,same_as_fr
tk,login_credentials_title,same_as_fr
tk,access_member_area,same_as_fr
tk,pleasure_to_assist,same_as_fr
tk,balance_decreased_title,same_as_fr
tk,balance_decreased_heading,same_as_fr
tk,balance_decreased_message,same_as_fr
tk,operation_details,same_as_fr
tk,label_amount_deducted,same_as_fr
tk,label_new_balance,same_as_fr
tk,contact_us_if_questions,same_as_fr
tk,balance_increased_title,same_as_fr
tk,balance_increased_heading,same_as_fr
tk,balance_increased_message,same_as_fr
tk,label_amount_added,same_as_fr
tk,thank_you_trust,same_as_fr
tk,refund_title,same_as_fr
tk,refund_heading,same_as_fr
tk,refund_message,same_as_fr
tk,transfer_details,same_as_fr
tk,label_transfer_date,same_as_fr
tk,label_transfer_reason,same_as_fr
tk,refund_amount_text,same_as_fr
tk,refund_apology_contact,same_as_fr
tk,mail_error_alert_title,same_as_fr
tk,system_alert,same_as_fr
tk,mail_send_failure_detected,same_as_fr
tk,email_sending_problem,same_as_fr
tk,email_send_failure_explanation,same_as_fr
tk,error_details,same_as_fr
tk,label_failed_recipient,same_as_fr
tk,label_context,same_as_fr
tk,label_error_message,same_as_fr
tk,possible_causes,same_as_fr
tk,cause_daily_limit,same_as_fr
tk,cause_daily_limit_details,same_as_fr
tk,cause_smtp_connection,same_as_fr
tk,cause_smtp_connection_details,same_as_fr
tk,cause_auth_failed,same_as_fr
tk,cause_auth_failed_details,same_as_fr
tk,cause_app_password_revoked,same_as_fr
tk,cause_app_password_revoked_details,same_as_fr
tk,recommended_actions,same_as_fr
tk,action_if_limit,same_as_fr
tk,action_if_limit_details,same_as_fr
tk,action_check_logs,same_as_fr
tk,action_check_logs_details,same_as_fr
tk,action_test_connection,same_as_fr
tk,action_check_config,same_as_fr
tk,action_check_config_details,same_as_fr
tk,action_regenerate_password,same_as_fr
tk,action_regenerate_password_details,same_as_fr
tk,system_information,same_as_fr
tk,label_smtp_server,same_as_fr
tk,label_port,same_as_fr
tk,label_account,same_as_fr
tk,label_environment,same_as_fr
tk,alert_auto_generated_notice,same_as_fr
tk,account_management_system,same_as_fr
tk,alert_generated_by_safemail,same_as_fr
tk,contact_technical_team,same_as_fr
tk,password_reset_title,same_as_fr
tk,password_reset_heading,same_as_fr
tk,greeting_simple_name,same_as_fr
tk,password_reset_reason,same_as_fr
tk,password_reset_click_link,same_as_fr
tk,password_reset_no_action_needed,same_as_fr
tk,thank_you_using_brand,same_as_fr
tl,compte_created_subject,same_as_fr
tl,compte_created_title,same_as_fr
tl,greeting,same_as_fr
tl,compte_created_message,same_as_fr
tl,credentials_title,same_as_fr
tl,label_email,same_as_fr
tl,label_password,same_as_fr
tl,label_initial_balance,same_as_fr
tl,cta_login,same_as_fr
tl,info_access,same_as_fr
tl,support_contact,same_as_fr
tl,footer_thanks,same_as_fr
tl,footer_brand,same_as_fr
tl,footer_partner,same_as_fr
tl,virement_success_subject,same_as_fr
tl,virement_success_title,same_as_fr
tl,virement_success_message,same_as_fr
tl,virement_failed_subject,same_as_fr
tl,virement_failed_title,same_as_fr
tl,virement_failed_message,same_as_fr
tl,details_title,same_as_fr
tl,label_amount,same_as_fr
tl,label_date,same_as_fr
tl,label_beneficiary,same_as_fr
tl,virement_notice,same_as_fr
tl,thanks,same_as_fr
tl,contact_support_for_info,same_as_fr
tl,regards,same_as_fr
tl,service_client,same_as_fr
tl,auto_generated_notice,same_as_fr
tl,compte_activated_title,same_as_fr
tl,compte_activated_heading,same_as_fr
tl,good_news,same_as_fr
tl,compte_activated_message,same_as_fr
tl,compte_activated_explanation,same_as_fr
tl,label_holder,same_as_fr
tl,label_current_balance,same_as_fr
tl,label_status,same_as_fr
tl,status_active,same_as_fr
tl,you_can_now,same_as_fr
tl,can_make_transfers,same_as_fr
tl,check_balance,same_as_fr
tl,manage_transactions,same_as_fr
tl,access_services,same_as_fr
tl,thanks_welcome,same_as_fr
tl,unlock_code_used_title,same_as_fr
tl,unlock_code_used_heading,same_as_fr
tl,greeting_simple,same_as_fr
tl,info_notification,same_as_fr
tl,unlock_code_used_alert,same_as_fr
tl,unlock_code_used_explanation,same_as_fr
tl,label_date_time,same_as_fr
tl,label_transfer_amount,same_as_fr
tl,label_recipient,same_as_fr
tl,urgent_if_not_you,same_as_fr
tl,contact_support_immediately,same_as_fr
tl,check_recent_transactions,same_as_fr
tl,change_access_codes,same_as_fr
tl,if_legitimate,same_as_fr
tl,client_can_finalize,same_as_fr
tl,transfer_unlock_code_title,same_as_fr
tl,transfer_unlock_heading,same_as_fr
tl,transfer_unlock_message_intro,same_as_fr
tl,transfer_unlock_code_label,same_as_fr
tl,your_unlock_code,same_as_fr
tl,do_not_share_unlock_code,same_as_fr
tl,unlock_code_personal_confidential,same_as_fr
tl,unlock_code_needed_finalize,same_as_fr
tl,contact_support_for_questions,same_as_fr
tl,welcome_title,same_as_fr
tl,welcome_heading,same_as_fr
tl,welcome_message,same_as_fr
tl,login_credentials_title,same_as_fr
tl,access_member_area,same_as_fr
tl,pleasure_to_assist,same_as_fr
tl,balance_decreased_title,same_as_fr
tl,balance_decreased_heading,same_as_fr
tl,balance_decreased_message,same_as_fr
tl,operation_details,same_as_fr
tl,label_amount_deducted,same_as_fr
tl,label_new_balance,same_as_fr
tl,contact_us_if_questions,same_as_fr
tl,balance_increased_title,same_as_fr
tl,balance_increased_heading,same_as_fr
tl,balance_increased_message,same_as_fr
tl,label_amount_added,same_as_fr
tl,thank_you_trust,same_as_fr
tl,refund_title,same_as_fr
tl,refund_heading,same_as_fr
tl,refund_message,same_as_fr
tl,transfer_details,same_as_fr
tl,label_transfer_date,same_as_fr
tl,label_transfer_reason,same_as_fr
tl,refund_amount_text,same_as_fr
tl,refund_apology_contact,same_as_fr
tl,mail_error_alert_title,same_as_fr
tl,system_alert,same_as_fr
tl,mail_send_failure_detected,same_as_fr
tl,email_sending_problem,same_as_fr
tl,email_send_failure_explanation,same_as_fr
tl,error_details,same_as_fr
tl,label_failed_recipient,same_as_fr
tl,label_context,same_as_fr
tl,label_error_message,same_as_fr
tl,possible_causes,same_as_fr
tl,cause_daily_limit,same_as_fr
tl,cause_daily_limit_details,same_as_fr
tl,cause_smtp_connection,same_as_fr
tl,cause_smtp_connection_details,same_as_fr
tl,cause_auth_failed,same_as_fr
tl,cause_auth_failed_details,same_as_fr
tl,cause_app_password_revoked,same_as_fr
tl,cause_app_password_revoked_details,same_as_fr
tl,recommended_actions,same_as_fr
tl,action_if_limit,same_as_fr
tl,action_if_limit_details,same_as_fr
tl,action_check_logs,same_as_fr
tl,action_check_logs_details,same_as_fr
tl,action_test_connection,same_as_fr
tl,action_check_config,same_as_fr
tl,action_check_config_details,same_as_fr
tl,action_regenerate_password,same_as_fr
tl,action_regenerate_password_details,same_as_fr
tl,system_information,same_as_fr
tl,label_smtp_server,same_as_fr
tl,label_port,same_as_fr
tl,label_account,same_as_fr
tl,label_environment,same_as_fr
tl,alert_auto_generated_notice,same_as_fr
tl,account_management_system,same_as_fr
tl,alert_generated_by_safemail,same_as_fr
tl,contact_technical_team,same_as_fr
tl,password_reset_title,same_as_fr
tl,password_reset_heading,same_as_fr
tl,greeting_simple_name,same_as_fr
tl,password_reset_reason,same_as_fr
tl,password_reset_click_link,same_as_fr
tl,password_reset_no_action_needed,same_as_fr
tl,thank_you_using_brand,same_as_fr
tr,label_email,same_as_fr
tr,footer_brand,same_as_fr
tr,label_date,same_as_fr
tr,label_port,same_as_fr
tr,compte_created_subject,same_as_en
tr,compte_created_title,same_as_en
tr,greeting,same_as_en
tr,compte_created_message,same_as_en
tr,credentials_title,same_as_en
tr,label_password,same_as_en
tr,label_initial_balance,same_as_en
tr,cta_login,same_as_en
tr,info_access,same_as_en
tr,support_contact,same_as_en
tr,footer_thanks,same_as_en
tr,footer_partner,same_as_en
tr,virement_success_subject,same_as_en
tr,virement_success_title,same_as_en
tr,virement_success_message,same_as_en
tr,virement_failed_subject,same_as_en
tr,virement_failed_title,same_as_en
tr,virement_failed_message,same_as_en
tr,details_title,same_as_en
tr,label_amount,same_as_en
tr,label_beneficiary,same_as_en
tr,virement_notice,same_as_en
tr,thanks,same_as_en
tr,contact_support_for_info,same_as_en
tr,regards,same_as_en
tr,service_client,same_as_en
tr,auto_generated_notice,same_as_en
tr,compte_activated_title,same_as_en
tr,compte_activated_heading,same_as_en
tr,good_news,same_as_en
tr,compte_activated_message,same_as_en
tr,compte_activated_explanation,same_as_en
tr,label_holder,same_as_en
tr,label_current_balance,same_as_en
tr,label_status,same_as_en
tr,status_active,same_as_en
tr,you_can_now,same_as_en
tr,can_make_transfers,same_as_en
tr,check_balance,same_as_en
tr,manage_transactions,same_as_en
tr,access_services,same_as_en
tr,thanks_welcome,same_as_en
tr,unlock_code_used_title,same_as_en
tr,unlock_code_used_heading,same_as_en
tr,greeting_simple,same_as_en
tr,info_notification,same_as_en
tr,unlock_code_used_alert,same_as_en
tr,unlock_code_used_explanation,same_as_en
tr,label_date_time,same_as_en
tr,label_transfer_amount,same_as_en
tr,label_recipient,same_as_en
tr,urgent_if_not_you,same_as_en
tr,contact_support_immediately,same_as_en
tr,check_recent_transactions,same_as_en
tr,change_access_codes,same_as_en
tr,if_legitimate,same_as_en
tr,client_can_finalize,same_as_en
tr,transfer_unlock_code_title,same_as_en
tr,transfer_unlock_heading,same_as_en
tr,transfer_unlock_message_intro,same_as_en
tr,transfer_unlock_code_label,same_as_en
tr,your_unlock_code,same_as_en
tr,do_not_share_unlock_code,same_as_en
tr,unlock_code_personal_confidential,same_as_en
tr,unlock_code_needed_finalize,same_as_en
tr,contact_support_for_questions,same_as_en
tr,welcome_title,same_as_en
tr,welcome_heading,same_as_en
tr,welcome_message,same_as_en
tr,login_credentials_title,same_as_en
tr,access_member_area,same_as_en
tr,pleasure_to_assist,same_as_en
tr,balance_decreased_title,same_as_en
tr,balance_decreased_heading,same_as_en
tr,balance_decreased_message,same_as_en
tr,operation_details,same_as_en
tr,label_amount_deducted,same_as_en
tr,label_new_balance,same_as_en
tr,contact_us_if_questions,same_as_en
tr,balance_increased_title,same_as_en
tr,balance_increased_heading,same_as_en
tr,balance_increased_message,same_as_en
tr,label_amount_added,same_as_en
tr,thank_you_trust,same_as_en
tr,refund_title,same_as_en
tr,refund_heading,same_as_en
tr,refund_message,same_as_en
tr,transfer_details,same_as_en
tr,label_transfer_date,same_as_en
tr,label_transfer_reason,same_as_en
tr,refund_amount_text,same_as_en
tr,refund_apology_contact,same_as_en
tr,mail_error_alert_title,same_as_en
tr,system_alert,same_as_en
tr,mail_send_failure_detected,same_as_en
tr,email_sending_problem,same_as_en
tr,email_send_failure_explanation,same_as_en
tr,error_details,same_as_en
tr,label_failed_recipient,same_as_en
tr,label_context,same_as_en
tr,label_error_message,same_as_en
tr,possible_causes,same_as_en
tr,cause_daily_limit,same_as_en
tr,cause_daily_limit_details,same_as_en
tr,cause_smtp_connection,same_as_en
tr,cause_smtp_connection_details,same_as_en
tr,cause_auth_failed,same_as_en
tr,cause_auth_failed_details,same_as_en
tr,cause_app_password_revoked,same_as_en
tr,cause_app_password_revoked_details,same_as_en
tr,recommended_actions,same_as_en
tr,action_if_limit,same_as_en
tr,action_if_limit_details,same_as_en
tr,action_check_logs,same_as_en
tr,action_check_logs_details,same_as_en
tr,action_test_connection,same_as_en
tr,action_check_config,same_as_en
tr,action_check_config_details,same_as_en
tr,action_regenerate_password,same_as_en
tr,action_regenerate_password_details,same_as_en
tr,system_information,same_as_en
tr,label_smtp_server,same_as_en
tr,label_account,same_as_en
tr,label_environment,same_as_en
tr,alert_auto_generated_notice,same_as_en
tr,account_management_system,same_as_en
tr,alert_generated_by_safemail,same_as_en
tr,contact_technical_team,same_as_en
tr,password_reset_title,same_as_en
tr,password_reset_heading,same_as_en
tr,greeting_simple_name,same_as_en
tr,password_reset_reason,same_as_en
tr,password_reset_click_link,same_as_en
tr,password_reset_no_action_needed,same_as_en
tr,thank_you_using_brand,same_as_en
tt,compte_created_subject,same_as_fr
tt,compte_created_title,same_as_fr
tt,greeting,same_as_fr
tt,compte_created_message,same_as_fr
tt,credentials_title,same_as_fr
tt,label_email,same_as_fr
tt,label_password,same_as_fr
tt,label_initial_balance,same_as_fr
tt,cta_login,same_as_fr
tt,info_access,same_as_fr
tt,support_contact,same_as_fr
tt,footer_thanks,same_as_fr
tt,footer_brand,same_as_fr
tt,footer_partner,same_as_fr
tt,virement_success_subject,same_as_fr
tt,virement_success_title,same_as_fr
tt,virement_success_message,same_as_fr
tt,virement_failed_subject,same_as_fr
tt,virement_failed_title,same_as_fr
tt,virement_failed_message,same_as_fr
tt,details_title,same_as_fr
tt,label_amount,same_as_fr
tt,label_date,same_as_fr
tt,label_beneficiary,same_as_fr
tt,virement_notice,same_as_fr
tt,thanks,same_as_fr
tt,contact_support_for_info,same_as_fr
tt,regards,same_as_fr
tt,service_client,same_as_fr
tt,auto_generated_notice,same_as_fr
tt,compte_activated_title,same_as_fr
tt,compte_activated_heading,same_as_fr
tt,good_news,same_as_fr
tt,compte_activated_message,same_as_fr
tt,compte_activated_explanation,same_as_fr
tt,label_holder,same_as_fr
tt,label_current_balance,same_as_fr
tt,label_status,same_as_fr
tt,status_active,same_as_fr
tt,you_can_now,same_as_fr
tt,can_make_transfers,same_as_fr
tt,check_balance,same_as_fr
tt,manage_transactions,same_as_fr
tt,access_services,same_as_fr
tt,thanks_welcome,same_as_fr
tt,unlock_code_used_title,same_as_fr
tt,unlock_code_used_heading,same_as_fr
tt,greeting_simple,same_as_fr
tt,info_notification,same_as_fr
tt,unlock_code_used_alert,same_as_fr
tt,unlock_code_used_explanation,same_as_fr
tt,label_date_time,same_as_fr
tt,label_transfer_amount,same_as_fr
tt,label_recipient,same_as_fr
tt,urgent_if_not_you,same_as_fr
tt,contact_support_immediately,same_as_fr
tt,check_recent_transactions,same_as_fr
tt,change_access_codes,same_as_fr
tt,if_legitimate,same_as_fr
tt,client_can_finalize,same_as_fr
tt,transfer_unlock_code_title,same_as_fr
tt,transfer_unlock_heading,same_as_fr
tt,transfer_unlock_message_intro,same_as_fr
tt,transfer_unlock_code_label,same_as_fr
tt,your_unlock_code,same_as_fr
tt,do_not_share_unlock_code,same_as_fr
tt,unlock_code_personal_confidential,same_as_fr
tt,unlock_code_needed_finalize,same_as_fr
tt,contact_support_for_questions,same_as_fr
tt,welcome_title,same_as_fr
tt,welcome_heading,same_as_fr
tt,welcome_message,same_as_fr
tt,login_credentials_title,same_as_fr
tt,access_member_area,same_as_fr
tt,pleasure_to_assist,same_as_fr
tt,balance_decreased_title,same_as_fr
tt,balance_decreased_heading,same_as_fr
tt,balance_decreased_message,same_as_fr
tt,operation_details,same_as_fr
tt,label_amount_deducted,same_as_fr
tt,label_new_balance,same_as_fr
tt,contact_us_if_questions,same_as_fr
tt,balance_increased_title,same_as_fr
tt,balance_increased_heading,same_as_fr
tt,balance_increased_message,same_as_fr
tt,label_amount_added,same_as_fr
tt,thank_you_trust,same_as_fr
tt,refund_title,same_as_fr
tt,refund_heading,same_as_fr
tt,refund_message,same_as_fr
tt,transfer_details,same_as_fr
tt,label_transfer_date,same_as_fr
tt,label_transfer_reason,same_as_fr
tt,refund_amount_text,same_as_fr
tt,refund_apology_contact,same_as_fr
tt,mail_error_alert_title,same_as_fr
tt,system_alert,same_as_fr
tt,mail_send_failure_detected,same_as_fr
tt,email_sending_problem,same_as_fr
tt,email_send_failure_explanation,same_as_fr
tt,error_details,same_as_fr
tt,label_failed_recipient,same_as_fr
tt,label_context,same_as_fr
tt,label_error_message,same_as_fr
tt,possible_causes,same_as_fr
tt,cause_daily_limit,same_as_fr
tt,cause_daily_limit_details,same_as_fr
tt,cause_smtp_connection,same_as_fr
tt,cause_smtp_connection_details,same_as_fr
tt,cause_auth_failed,same_as_fr
tt,cause_auth_failed_details,same_as_fr
tt,cause_app_password_revoked,same_as_fr
tt,cause_app_password_revoked_details,same_as_fr
tt,recommended_actions,same_as_fr
tt,action_if_limit,same_as_fr
tt,action_if_limit_details,same_as_fr
tt,action_check_logs,same_as_fr
tt,action_check_logs_details,same_as_fr
tt,action_test_connection,same_as_fr
tt,action_check_config,same_as_fr
tt,action_check_config_details,same_as_fr
tt,action_regenerate_password,same_as_fr
tt,action_regenerate_password_details,same_as_fr
tt,system_information,same_as_fr
tt,label_smtp_server,same_as_fr
tt,label_port,same_as_fr
tt,label_account,same_as_fr
tt,label_environment,same_as_fr
tt,alert_auto_generated_notice,same_as_fr
tt,account_management_system,same_as_fr
tt,alert_generated_by_safemail,same_as_fr
tt,contact_technical_team,same_as_fr
tt,password_reset_title,same_as_fr
tt,password_reset_heading,same_as_fr
tt,greeting_simple_name,same_as_fr
tt,password_reset_reason,same_as_fr
tt,password_reset_click_link,same_as_fr
tt,password_reset_no_action_needed,same_as_fr
tt,thank_you_using_brand,same_as_fr
ug,compte_created_subject,same_as_fr
ug,compte_created_title,same_as_fr
ug,greeting,same_as_fr
ug,compte_created_message,same_as_fr
ug,credentials_title,same_as_fr
ug,label_email,same_as_fr
ug,label_password,same_as_fr
ug,label_initial_balance,same_as_fr
ug,cta_login,same_as_fr
ug,info_access,same_as_fr
ug,support_contact,same_as_fr
ug,footer_thanks,same_as_fr
ug,footer_brand,same_as_fr
ug,footer_partner,same_as_fr
ug,virement_success_subject,same_as_fr
ug,virement_success_title,same_as_fr
ug,virement_success_message,same_as_fr
ug,virement_failed_subject,same_as_fr
ug,virement_failed_title,same_as_fr
ug,virement_failed_message,same_as_fr
ug,details_title,same_as_fr
ug,label_amount,same_as_fr
ug,label_date,same_as_fr
ug,label_beneficiary,same_as_fr
ug,virement_notice,same_as_fr
ug,thanks,same_as_fr
ug,contact_support_for_info,same_as_fr
ug,regards,same_as_fr
ug,service_client,same_as_fr
ug,auto_generated_notice,same_as_fr
ug,compte_activated_title,same_as_fr
ug,compte_activated_heading,same_as_fr
ug,good_news,same_as_fr
ug,compte_activated_message,same_as_fr
ug,compte_activated_explanation,same_as_fr
ug,label_holder,same_as_fr
ug,label_current_balance,same_as_fr
ug,label_status,same_as_fr
ug,status_active,same_as_fr
ug,you_can_now,same_as_fr
ug,can_make_transfers,same_as_fr
ug,check_balance,same_as_fr
ug,manage_transactions,same_as_fr
ug,access_services,same_as_fr
ug,thanks_welcome,same_as_fr
ug,unlock_code_used_title,same_as_fr
ug,unlock_code_used_heading,same_as_fr
ug,greeting_simple,same_as_fr
ug,info_notification,same_as_fr
ug,unlock_code_used_alert,same_as_fr
ug,unlock_code_used_explanation,same_as_fr
ug,label_date_time,same_as_fr
ug,label_transfer_amount,same_as_fr
ug,label_recipient,same_as_fr
ug,urgent_if_not_you,same_as_fr
ug,contact_support_immediately,same_as_fr
ug,check_recent_transactions,same_as_fr
ug,change_access_codes,same_as_fr
ug,if_legitimate,same_as_fr
ug,client_can_finalize,same_as_fr
ug,transfer_unlock_code_title,same_as_fr
ug,transfer_unlock_heading,same_as_fr
ug,transfer_unlock_message_intro,same_as_fr
ug,transfer_unlock_code_label,same_as_fr
ug,your_unlock_code,same_as_fr
ug,do_not_share_unlock_code,same_as_fr
ug,unlock_code_personal_confidential,same_as_fr
ug,unlock_code_needed_finalize,same_as_fr
ug,contact_support_for_questions,same_as_fr
ug,welcome_title,same_as_fr
ug,welcome_heading,same_as_fr
ug,welcome_message,same_as_fr
ug,login_credentials_title,same_as_fr
ug,access_member_area,same_as_fr
ug,pleasure_to_assist,same_as_fr
ug,balance_decreased_title,same_as_fr
ug,balance_decreased_heading,same_as_fr
ug,balance_decreased_message,same_as_fr
ug,operation_details,same_as_fr
ug,label_amount_deducted,same_as_fr
ug,label_new_balance,same_as_fr
ug,contact_us_if_questions,same_as_fr
ug,balance_increased_title,same_as_fr
ug,balance_increased_heading,same_as_fr
ug,balance_increased_message,same_as_fr
ug,label_amount_added,same_as_fr
ug,thank_you_trust,same_as_fr
ug,refund_title,same_as_fr
ug,refund_heading,same_as_fr
ug,refund_message,same_as_fr
ug,transfer_details,same_as_fr
ug,label_transfer_date,same_as_fr
ug,label_transfer_reason,same_as_fr
ug,refund_amount_text,same_as_fr
ug,refund_apology_contact,same_as_fr
ug,mail_error_alert_title,same_as_fr
ug,system_alert,same_as_fr
ug,mail_send_failure_detected,same_as_fr
ug,email_sending_problem,same_as_fr
ug,email_send_failure_explanation,same_as_fr
ug,error_details,same_as_fr
ug,label_failed_recipient,same_as_fr
ug,label_context,same_as_fr
ug,label_error_message,same_as_fr
ug,possible_causes,same_as_fr
ug,cause_daily_limit,same_as_fr
ug,cause_daily_limit_details,same_as_fr
ug,cause_smtp_connection,same_as_fr
ug,cause_smtp_connection_details,same_as_fr
ug,cause_auth_failed,same_as_fr
ug,cause_auth_failed_details,same_as_fr
ug,cause_app_password_revoked,same_as_fr
ug,cause_app_password_revoked_details,same_as_fr
ug,recommended_actions,same_as_fr
ug,action_if_limit,same_as_fr
ug,action_if_limit_details,same_as_fr
ug,action_check_logs,same_as_fr
ug,action_check_logs_details,same_as_fr
ug,action_test_connection,same_as_fr
ug,action_check_config,same_as_fr
ug,action_check_config_details,same_as_fr
ug,action_regenerate_password,same_as_fr
ug,action_regenerate_password_details,same_as_fr
ug,system_information,same_as_fr
ug,label_smtp_server,same_as_fr
ug,label_port,same_as_fr
ug,label_account,same_as_fr
ug,label_environment,same_as_fr
ug,alert_auto_generated_notice,same_as_fr
ug,account_management_system,same_as_fr
ug,alert_generated_by_safemail,same_as_fr
ug,contact_technical_team,same_as_fr
ug,password_reset_title,same_as_fr
ug,password_reset_heading,same_as_fr
ug,greeting_simple_name,same_as_fr
ug,password_reset_reason,same_as_fr
ug,password_reset_click_link,same_as_fr
ug,password_reset_no_action_needed,same_as_fr
ug,thank_you_using_brand,same_as_fr
uk,compte_created_subject,same_as_fr
uk,compte_created_title,same_as_fr
uk,greeting,same_as_fr
uk,credentials_title,same_as_fr
uk,label_initial_balance,same_as_fr
uk,cta_login,same_as_fr
uk,info_access,same_as_fr
uk,footer_brand,same_as_fr
uk,footer_partner,same_as_fr
uk,virement_success_subject,same_as_fr
uk,virement_success_title,same_as_fr
uk,virement_success_message,same_as_fr
uk,virement_failed_subject,same_as_fr
uk,virement_failed_title,same_as_fr
uk,virement_failed_message,same_as_fr
uk,details_title,same_as_fr
uk,label_amount,same_as_fr
uk,label_date,same_as_fr
uk,label_beneficiary,same_as_fr
uk,virement_notice,same_as_fr
uk,thanks,same_as_fr
uk,regards,same_as_fr
uk,service_client,same_as_fr
uk,auto_generated_notice,same_as_fr
uk,compte_activated_title,same_as_fr
uk,compte_activated_heading,same_as_fr
uk,good_news,same_as_fr
uk,compte_activated_message,same_as_fr
uk,compte_activated_explanation,same_as_fr
uk,label_holder,same_as_fr
uk,label_current_balance,same_as_fr
uk,label_status,same_as_fr
uk,status_active,same_as_fr
uk,you_can_now,same_as_fr
uk,can_make_transfers,same_as_fr
uk,check_balance,same_as_fr
uk,manage_transactions,same_as_fr
uk,access_services,same_as_fr
uk,thanks_welcome,same_as_fr
uk,unlock_code_used_title,same_as_fr
uk,unlock_code_used_heading,same_as_fr
uk,greeting_simple,same_as_fr
uk,info_notification,same_as_fr
uk,label_date_time,same_as_fr
uk,label_transfer_amount,same_as_fr
uk,label_recipient,same_as_fr
uk,contact_support_immediately,same_as_fr
uk,check_recent_transactions,same_as_fr
uk,if_legitimate,same_as_fr
uk,client_can_finalize,same_as_fr
uk,transfer_unlock_code_title,same_as_fr
uk,transfer_unlock_heading,same_as_fr
uk,transfer_unlock_message_intro,same_as_fr
uk,transfer_unlock_code_label,same_as_fr
uk,your_unlock_code,same_as_fr
uk,do_not_share_unlock_code,same_as_fr
uk,unlock_code_personal_confidential,same_as_fr
uk,unlock_code_needed_finalize,same_as_fr
uk,contact_support_for_questions,same_as_fr
uk,welcome_title,same_as_fr
uk,welcome_heading,same_as_fr
uk,login_credentials_title,same_as_fr
uk,pleasure_to_assist,same_as_fr
uk,balance_decreased_title,same_as_fr
uk,balance_decreased_heading,same_as_fr
uk,balance_decreased_message,same_as_fr
uk,label_amount_deducted,same_as_fr
uk,label_new_balance,same_as_fr
uk,balance_increased_title,same_as_fr
uk,balance_increased_heading,same_as_fr
uk,balance_increased_message,same_as_fr
uk,label_amount_added,same_as_fr
uk,thank_you_trust,same_as_fr
uk,refund_title,same_as_fr
uk,refund_heading,same_as_fr
uk,refund_message,same_as_fr
uk,transfer_details,same_as_fr
uk,label_transfer_date,same_as_fr
uk,label_transfer_reason,same_as_fr
uk,refund_amount_text,same_as_fr
uk,mail_error_alert_title,same_as_fr
uk,system_alert,same_as_fr
uk,label_failed_recipient,same_as_fr
uk,label_context,same_as_fr
uk,possible_causes,same_as_fr
uk,cause_daily_limit,same_as_fr
uk,cause_smtp_connection,same_as_fr
uk,cause_smtp_connection_details,same_as_fr
uk,cause_auth_failed,same_as_fr
uk,cause_auth_failed_details,same_as_fr
uk,recommended_actions,same_as_fr
uk,action_if_limit,same_as_fr
uk,action_check_logs,same_as_fr
uk,action_check_logs_details,same_as_fr
uk,action_test_connection,same_as_fr
uk,action_check_config,same_as_fr
uk,action_check_config_details,same_as_fr
uk,action_regenerate_password,same_as_fr
uk,system_information,same_as_fr
uk,label_smtp_server,same_as_fr
uk,label_port,same_as_fr
uk,label_account,same_as_fr
uk,label_environment,same_as_fr
uk,account_management_system,same_as_fr
uk,alert_generated_by_safemail,same_as_fr
uk,contact_technical_team,same_as_fr
uk,password_reset_title,same_as_fr
uk,password_reset_heading,same_as_fr
uk,greeting_simple_name,same_as_fr
uk,password_reset_reason,same_as_fr
uk,password_reset_click_link,same_as_fr
uk,compte_created_message,translated
uk,label_email,translated
uk,label_password,translated
uk,support_contact,translated
uk,footer_thanks,translated
uk,contact_support_for_info,translated
uk,unlock_code_used_alert,translated
uk,unlock_code_used_explanation,translated
uk,urgent_if_not_you,translated
uk,change_access_codes,translated
uk,welcome_message,translated
uk,access_member_area,translated
uk,operation_details,translated
uk,contact_us_if_questions,translated
uk,refund_apology_contact,translated
uk,mail_send_failure_detected,translated
uk,email_sending_problem,translated
uk,email_send_failure_explanation,translated
uk,error_details,translated
uk,label_error_message,translated
uk,cause_daily_limit_details,translated
uk,cause_app_password_revoked,translated
uk,cause_app_password_revoked_details,translated
uk,action_if_limit_details,translated
uk,action_regenerate_password_details,translated
uk,alert_auto_generated_notice,translated
uk,password_reset_no_action_needed,translated
uk,thank_you_using_brand,translated
ur,compte_created_subject,same_as_fr
ur,compte_created_title,same_as_fr
ur,greeting,same_as_fr
ur,compte_created_message,same_as_fr
ur,credentials_title,same_as_fr
ur,label_email,same_as_fr
ur,label_password,same_as_fr
ur,label_initial_balance,same_as_fr
ur,cta_login,same_as_fr
ur,info_access,same_as_fr
ur,support_contact,same_as_fr
ur,footer_thanks,same_as_fr
ur,footer_brand,same_as_fr
ur,footer_partner,same_as_fr
ur,virement_success_subject,same_as_fr
ur,virement_success_title,same_as_fr
ur,virement_success_message,same_as_fr
ur,virement_failed_subject,same_as_fr
ur,virement_failed_title,same_as_fr
ur,virement_failed_message,same_as_fr
ur,details_title,same_as_fr
ur,label_amount,same_as_fr
ur,label_date,same_as_fr
ur,label_beneficiary,same_as_fr
ur,virement_notice,same_as_fr
ur,thanks,same_as_fr
ur,contact_support_for_info,same_as_fr
ur,regards,same_as_fr
ur,service_client,same_as_fr
ur,auto_generated_notice,same_as_fr
ur,compte_activated_title,same_as_fr
ur,compte_activated_heading,same_as_fr
ur,good_news,same_as_fr
ur,compte_activated_message,same_as_fr
ur,compte_activated_explanation,same_as_fr
ur,label_holder,same_as_fr
ur,label_current_balance,same_as_fr
ur,label_status,same_as_fr
ur,status_active,same_as_fr
ur,you_can_now,same_as_fr
ur,can_make_transfers,same_as_fr
ur,check_balance,same_as_fr
ur,manage_transactions,same_as_fr
ur,access_services,same_as_fr
ur,thanks_welcome,same_as_fr
ur,unlock_code_used_title,same_as_fr
ur,unlock_code_used_heading,same_as_fr
ur,greeting_simple,same_as_fr
ur,info_notification,same_as_fr
ur,unlock_code_used_alert,same_as_fr
ur,unlock_code_used_explanation,same_as_fr
ur,label_date_time,same_as_fr
ur,label_transfer_amount,same_as_fr
ur,label_recipient,same_as_fr
ur,urgent_if_not_you,same_as_fr
ur,contact_support_immediately,same_as_fr
ur,check_recent_transactions,same_as_fr
ur,change_access_codes,same_as_fr
ur,if_legitimate,same_as_fr
ur,client_can_finalize,same_as_fr
ur,transfer_unlock_code_title,same_as_fr
ur,transfer_unlock_heading,same_as_fr
ur,transfer_unlock_message_intro,same_as_fr
ur,transfer_unlock_code_label,same_as_fr
ur,your_unlock_code,same_as_fr
ur,do_not_share_unlock_code,same_as_fr
ur,unlock_code_personal_confidential,same_as_fr
ur,unlock_code_needed_finalize,same_as_fr
ur,contact_support_for_questions,same_as_fr
ur,welcome_title,same_as_fr
ur,welcome_heading,same_as_fr
ur,welcome_message,same_as_fr
ur,login_credentials_title,same_as_fr
ur,access_member_area,same_as_fr
ur,pleasure_to_assist,same_as_fr
ur,balance_decreased_title,same_as_fr
ur,balance_decreased_heading,same_as_fr
ur,balance_decreased_message,same_as_fr
ur,operation_details,same_as_fr
ur,label_amount_deducted,same_as_fr
ur,label_new_balance,same_as_fr
ur,contact_us_if_questions,same_as_fr
ur,balance_increased_title,same_as_fr
ur,balance_increased_heading,same_as_fr
ur,balance_increased_message,same_as_fr
ur,label_amount_added,same_as_fr
ur,thank_you_trust,same_as_fr
ur,refund_title,same_as_fr
ur,refund_heading,same_as_fr
ur,refund_message,same_as_fr
ur,transfer_details,same_as_fr
ur,label_transfer_date,same_as_fr
ur,label_transfer_reason,same_as_fr
ur,refund_amount_text,same_as_fr
ur,refund_apology_contact,same_as_fr
ur,mail_error_alert_title,same_as_fr
ur,system_alert,same_as_fr
ur,mail_send_failure_detected,same_as_fr
ur,email_sending_problem,same_as_fr
ur,email_send_failure_explanation,same_as_fr
ur,error_details,same_as_fr
ur,label_failed_recipient,same_as_fr
ur,label_context,same_as_fr
ur,label_error_message,same_as_fr
ur,possible_causes,same_as_fr
ur,cause_daily_limit,same_as_fr
ur,cause_daily_limit_details,same_as_fr
ur,cause_smtp_connection,same_as_fr
ur,cause_smtp_connection_details,same_as_fr
ur,cause_auth_failed,same_as_fr
ur,cause_auth_failed_details,same_as_fr
ur,cause_app_password_revoked,same_as_fr
ur,cause_app_password_revoked_details,same_as_fr
ur,recommended_actions,same_as_fr
ur,action_if_limit,same_as_fr
ur,action_if_limit_details,same_as_fr
ur,action_check_logs,same_as_fr
ur,action_check_logs_details,same_as_fr
ur,action_test_connection,same_as_fr
ur,action_check_config,same_as_fr
ur,action_check_config_details,same_as_fr
ur,action_regenerate_password,same_as_fr
ur,action_regenerate_password_details,same_as_fr
ur,system_information,same_as_fr
ur,label_smtp_server,same_as_fr
ur,label_port,same_as_fr
ur,label_account,same_as_fr
ur,label_environment,same_as_fr
ur,alert_auto_generated_notice,same_as_fr
ur,account_management_system,same_as_fr
ur,alert_generated_by_safemail,same_as_fr
ur,contact_technical_team,same_as_fr
ur,password_reset_title,same_as_fr
ur,password_reset_heading,same_as_fr
ur,greeting_simple_name,same_as_fr
ur,password_reset_reason,same_as_fr
ur,password_reset_click_link,same_as_fr
ur,password_reset_no_action_needed,same_as_fr
ur,thank_you_using_brand,same_as_fr
uz,compte_created_subject,same_as_fr
uz,compte_created_title,same_as_fr
uz,greeting,same_as_fr
uz,compte_created_message,same_as_fr
uz,credentials_title,same_as_fr
uz,label_email,same_as_fr
uz,label_password,same_as_fr
uz,label_initial_balance,same_as_fr
uz,cta_login,same_as_fr
uz,info_access,same_as_fr
uz,support_contact,same_as_fr
uz,footer_thanks,same_as_fr
uz,footer_brand,same_as_fr
uz,footer_partner,same_as_fr
uz,virement_success_subject,same_as_fr
uz,virement_success_title,same_as_fr
uz,virement_success_message,same_as_fr
uz,virement_failed_subject,same_as_fr
uz,virement_failed_title,same_as_fr
uz,virement_failed_message,same_as_fr
uz,details_title,same_as_fr
uz,label_amount,same_as_fr
uz,label_date,same_as_fr
uz,label_beneficiary,same_as_fr
uz,virement_notice,same_as_fr
uz,thanks,same_as_fr
uz,contact_support_for_info,same_as_fr
uz,regards,same_as_fr
uz,service_client,same_as_fr
uz,auto_generated_notice,same_as_fr
uz,compte_activated_title,same_as_fr
uz,compte_activated_heading,same_as_fr
uz,good_news,same_as_fr
uz,compte_activated_message,same_as_fr
uz,compte_activated_explanation,same_as_fr
uz,label_holder,same_as_fr
uz,label_current_balance,same_as_fr
uz,label_status,same_as_fr
uz,status_active,same_as_fr
uz,you_can_now,same_as_fr
uz,can_make_transfers,same_as_fr
uz,check_balance,same_as_fr
uz,manage_transactions,same_as_fr
uz,access_services,same_as_fr
uz,thanks_welcome,same_as_fr
uz,unlock_code_used_title,same_as_fr
uz,unlock_code_used_heading,same_as_fr
uz,greeting_simple,same_as_fr
uz,info_notification,same_as_fr
uz,unlock_code_used_alert,same_as_fr
uz,unlock_code_used_explanation,same_as_fr
uz,label_date_time,same_as_fr
uz,label_transfer_amount,same_as_fr
uz,label_recipient,same_as_fr
uz,urgent_if_not_you,same_as_fr
uz,contact_support_immediately,same_as_fr
uz,check_recent_transactions,same_as_fr
uz,change_access_codes,same_as_fr
uz,if_legitimate,same_as_fr
uz,client_can_finalize,same_as_fr
uz,transfer_unlock_code_title,same_as_fr
uz,transfer_unlock_heading,same_as_fr
uz,transfer_unlock_message_intro,same_as_fr
uz,transfer_unlock_code_label,same_as_fr
uz,your_unlock_code,same_as_fr
uz,do_not_share_unlock_code,same_as_fr
uz,unlock_code_personal_confidential,same_as_fr
uz,unlock_code_needed_finalize,same_as_fr
uz,contact_support_for_questions,same_as_fr
uz,welcome_title,same_as_fr
uz,welcome_heading,same_as_fr
uz,welcome_message,same_as_fr
uz,login_credentials_title,same_as_fr
uz,access_member_area,same_as_fr
uz,pleasure_to_assist,same_as_fr
uz,balance_decreased_title,same_as_fr
uz,balance_decreased_heading,same_as_fr
uz,balance_decreased_message,same_as_fr
uz,operation_details,same_as_fr
uz,label_amount_deducted,same_as_fr
uz,label_new_balance,same_as_fr
uz,contact_us_if_questions,same_as_fr
uz,balance_increased_title,same_as_fr
uz,balance_increased_heading,same_as_fr
uz,balance_increased_message,same_as_fr
uz,label_amount_added,same_as_fr
uz,thank_you_trust,same_as_fr
uz,refund_title,same_as_fr
uz,refund_heading,same_as_fr
uz,refund_message,same_as_fr
uz,transfer_details,same_as_fr
uz,label_transfer_date,same_as_fr
uz,label_transfer_reason,same_as_fr
uz,refund_amount_text,same_as_fr
uz,refund_apology_contact,same_as_fr
uz,mail_error_alert_title,same_as_fr
uz,system_alert,same_as_fr
uz,mail_send_failure_detected,same_as_fr
uz,email_sending_problem,same_as_fr
uz,email_send_failure_explanation,same_as_fr
uz,error_details,same_as_fr
uz,label_failed_recipient,same_as_fr
uz,label_context,same_as_fr
uz,label_error_message,same_as_fr
uz,possible_causes,same_as_fr
uz,cause_daily_limit,same_as_fr
uz,cause_daily_limit_details,same_as_fr
uz,cause_smtp_connection,same_as_fr
uz,cause_smtp_connection_details,same_as_fr
uz,cause_auth_failed,same_as_fr
uz,cause_auth_failed_details,same_as_fr
uz,cause_app_password_revoked,same_as_fr
uz,cause_app_password_revoked_details,same_as_fr
uz,recommended_actions,same_as_fr
uz,action_if_limit,same_as_fr
uz,action_if_limit_details,same_as_fr
uz,action_check_logs,same_as_fr
uz,action_check_logs_details,same_as_fr
uz,action_test_connection,same_as_fr
uz,action_check_config,same_as_fr
uz,action_check_config_details,same_as_fr
uz,action_regenerate_password,same_as_fr
uz,action_regenerate_password_details,same_as_fr
uz,system_information,same_as_fr
uz,label_smtp_server,same_as_fr
uz,label_port,same_as_fr
uz,label_account,same_as_fr
uz,label_environment,same_as_fr
uz,alert_auto_generated_notice,same_as_fr
uz,account_management_system,same_as_fr
uz,alert_generated_by_safemail,same_as_fr
uz,contact_technical_team,same_as_fr
uz,password_reset_title,same_as_fr
uz,password_reset_heading,same_as_fr
uz,greeting_simple_name,same_as_fr
uz,password_reset_reason,same_as_fr
uz,password_reset_click_link,same_as_fr
uz,password_reset_no_action_needed,same_as_fr
uz,thank_you_using_brand,same_as_fr
vi,compte_created_subject,same_as_fr
vi,compte_created_title,same_as_fr
vi,greeting,same_as_fr
vi,compte_created_message,same_as_fr
vi,credentials_title,same_as_fr
vi,label_email,same_as_fr
vi,label_password,same_as_fr
vi,label_initial_balance,same_as_fr
vi,cta_login,same_as_fr
vi,info_access,same_as_fr
vi,support_contact,same_as_fr
vi,footer_thanks,same_as_fr
vi,footer_brand,same_as_fr
vi,footer_partner,same_as_fr
vi,virement_success_subject,same_as_fr
vi,virement_success_title,same_as_fr
vi,virement_success_message,same_as_fr
vi,virement_failed_subject,same_as_fr
vi,virement_failed_title,same_as_fr
vi,virement_failed_message,same_as_fr
vi,details_title,same_as_fr
vi,label_amount,same_as_fr
vi,label_date,same_as_fr
vi,label_beneficiary,same_as_fr
vi,virement_notice,same_as_fr
vi,thanks,same_as_fr
vi,contact_support_for_info,same_as_fr
vi,regards,same_as_fr
vi,service_client,same_as_fr
vi,auto_generated_notice,same_as_fr
vi,compte_activated_title,same_as_fr
vi,compte_activated_heading,same_as_fr
vi,good_news,same_as_fr
vi,compte_activated_message,same_as_fr
vi,compte_activated_explanation,same_as_fr
vi,label_holder,same_as_fr
vi,label_current_balance,same_as_fr
vi,label_status,same_as_fr
vi,status_active,same_as_fr
vi,you_can_now,same_as_fr
vi,can_make_transfers,same_as_fr
vi,check_balance,same_as_fr
vi,manage_transactions,same_as_fr
vi,access_services,same_as_fr
vi,thanks_welcome,same_as_fr
vi,unlock_code_used_title,same_as_fr
vi,unlock_code_used_heading,same_as_fr
vi,greeting_simple,same_as_fr
vi,info_notification,same_as_fr
vi,unlock_code_used_alert,same_as_fr
vi,unlock_code_used_explanation,same_as_fr
vi,label_date_time,same_as_fr
vi,label_transfer_amount,same_as_fr
vi,label_recipient,same_as_fr
vi,urgent_if_not_you,same_as_fr
vi,contact_support_immediately,same_as_fr
vi,check_recent_transactions,same_as_fr
vi,change_access_codes,same_as_fr
vi,if_legitimate,same_as_fr
vi,client_can_finalize,same_as_fr
vi,transfer_unlock_code_title,same_as_fr
vi,transfer_unlock_heading,same_as_fr
vi,transfer_unlock_message_intro,same_as_fr
vi,transfer_unlock_code_label,same_as_fr
vi,your_unlock_code,same_as_fr
vi,do_not_share_unlock_code,same_as_fr
vi,unlock_code_personal_confidential,same_as_fr
vi,unlock_code_needed_finalize,same_as_fr
vi,contact_support_for_questions,same_as_fr
vi,welcome_title,same_as_fr
vi,welcome_heading,same_as_fr
vi,welcome_message,same_as_fr
vi,login_credentials_title,same_as_fr
vi,access_member_area,same_as_fr
vi,pleasure_to_assist,same_as_fr
vi,balance_decreased_title,same_as_fr
vi,balance_decreased_heading,same_as_fr
vi,balance_decreased_message,same_as_fr
vi,operation_details,same_as_fr
vi,label_amount_deducted,same_as_fr
vi,label_new_balance,same_as_fr
vi,contact_us_if_questions,same_as_fr
vi,balance_increased_title,same_as_fr
vi,balance_increased_heading,same_as_fr
vi,balance_increased_message,same_as_fr
vi,label_amount_added,same_as_fr
vi,thank_you_trust,same_as_fr
vi,refund_title,same_as_fr
vi,refund_heading,same_as_fr
vi,refund_message,same_as_fr
vi,transfer_details,same_as_fr
vi,label_transfer_date,same_as_fr
vi,label_transfer_reason,same_as_fr
vi,refund_amount_text,same_as_fr
vi,refund_apology_contact,same_as_fr
vi,mail_error_alert_title,same_as_fr
vi,system_alert,same_as_fr
vi,mail_send_failure_detected,same_as_fr
vi,email_sending_problem,same_as_fr
vi,email_send_failure_explanation,same_as_fr
vi,error_details,same_as_fr
vi,label_failed_recipient,same_as_fr
vi,label_context,same_as_fr
vi,label_error_message,same_as_fr
vi,possible_causes,same_as_fr
vi,cause_daily_limit,same_as_fr
vi,cause_daily_limit_details,same_as_fr
vi,cause_smtp_connection,same_as_fr
vi,cause_smtp_connection_details,same_as_fr
vi,cause_auth_failed,same_as_fr
vi,cause_auth_failed_details,same_as_fr
vi,cause_app_password_revoked,same_as_fr
vi,cause_app_password_revoked_details,same_as_fr
vi,recommended_actions,same_as_fr
vi,action_if_limit,same_as_fr
vi,action_if_limit_details,same_as_fr
vi,action_check_logs,same_as_fr
vi,action_check_logs_details,same_as_fr
vi,action_test_connection,same_as_fr
vi,action_check_config,same_as_fr
vi,action_check_config_details,same_as_fr
vi,action_regenerate_password,same_as_fr
vi,action_regenerate_password_details,same_as_fr
vi,system_information,same_as_fr
vi,label_smtp_server,same_as_fr
vi,label_port,same_as_fr
vi,label_account,same_as_fr
vi,label_environment,same_as_fr
vi,alert_auto_generated_notice,same_as_fr
vi,account_management_system,same_as_fr
vi,alert_generated_by_safemail,same_as_fr
vi,contact_technical_team,same_as_fr
vi,password_reset_title,same_as_fr
vi,password_reset_heading,same_as_fr
vi,greeting_simple_name,same_as_fr
vi,password_reset_reason,same_as_fr
vi,password_reset_click_link,same_as_fr
vi,password_reset_no_action_needed,same_as_fr
vi,thank_you_using_brand,same_as_fr
xh,compte_created_subject,same_as_fr
xh,compte_created_title,same_as_fr
xh,greeting,same_as_fr
xh,compte_created_message,same_as_fr
xh,credentials_title,same_as_fr
xh,label_email,same_as_fr
xh,label_password,same_as_fr
xh,label_initial_balance,same_as_fr
xh,cta_login,same_as_fr
xh,info_access,same_as_fr
xh,support_contact,same_as_fr
xh,footer_thanks,same_as_fr
xh,footer_brand,same_as_fr
xh,footer_partner,same_as_fr
xh,virement_success_subject,same_as_fr
xh,virement_success_title,same_as_fr
xh,virement_success_message,same_as_fr
xh,virement_failed_subject,same_as_fr
xh,virement_failed_title,same_as_fr
xh,virement_failed_message,same_as_fr
xh,details_title,same_as_fr
xh,label_amount,same_as_fr
xh,label_date,same_as_fr
xh,label_beneficiary,same_as_fr
xh,virement_notice,same_as_fr
xh,thanks,same_as_fr
xh,contact_support_for_info,same_as_fr
xh,regards,same_as_fr
xh,service_client,same_as_fr
xh,auto_generated_notice,same_as_fr
xh,compte_activated_title,same_as_fr
xh,compte_activated_heading,same_as_fr
xh,good_news,same_as_fr
xh,compte_activated_message,same_as_fr
xh,compte_activated_explanation,same_as_fr
xh,label_holder,same_as_fr
xh,label_current_balance,same_as_fr
xh,label_status,same_as_fr
xh,status_active,same_as_fr
xh,you_can_now,same_as_fr
xh,can_make_transfers,same_as_fr
xh,check_balance,same_as_fr
xh,manage_transactions,same_as_fr
xh,access_services,same_as_fr
xh,thanks_welcome,same_as_fr
xh,unlock_code_used_title,same_as_fr
xh,unlock_code_used_heading,same_as_fr
xh,greeting_simple,same_as_fr
xh,info_notification,same_as_fr
xh,unlock_code_used_alert,same_as_fr
xh,unlock_code_used_explanation,same_as_fr
xh,label_date_time,same_as_fr
xh,label_transfer_amount,same_as_fr
xh,label_recipient,same_as_fr
xh,urgent_if_not_you,same_as_fr
xh,contact_support_immediately,same_as_fr
xh,check_recent_transactions,same_as_fr
xh,change_access_codes,same_as_fr
xh,if_legitimate,same_as_fr
xh,client_can_finalize,same_as_fr
xh,transfer_unlock_code_title,same_as_fr
xh,transfer_unlock_heading,same_as_fr
xh,transfer_unlock_message_intro,same_as_fr
xh,transfer_unlock_code_label,same_as_fr
xh,your_unlock_code,same_as_fr
xh,do_not_share_unlock_code,same_as_fr
xh,unlock_code_personal_confidential,same_as_fr
xh,unlock_code_needed_finalize,same_as_fr
xh,contact_support_for_questions,same_as_fr
xh,welcome_title,same_as_fr
xh,welcome_heading,same_as_fr
xh,welcome_message,same_as_fr
xh,login_credentials_title,same_as_fr
xh,access_member_area,same_as_fr
xh,pleasure_to_assist,same_as_fr
xh,balance_decreased_title,same_as_fr
xh,balance_decreased_heading,same_as_fr
xh,balance_decreased_message,same_as_fr
xh,operation_details,same_as_fr
xh,label_amount_deducted,same_as_fr
xh,label_new_balance,same_as_fr
xh,contact_us_if_questions,same_as_fr
xh,balance_increased_title,same_as_fr
xh,balance_increased_heading,same_as_fr
xh,balance_increased_message,same_as_fr
xh,label_amount_added,same_as_fr
xh,thank_you_trust,same_as_fr
xh,refund_title,same_as_fr
xh,refund_heading,same_as_fr
xh,refund_message,same_as_fr
xh,transfer_details,same_as_fr
xh,label_transfer_date,same_as_fr
xh,label_transfer_reason,same_as_fr
xh,refund_amount_text,same_as_fr
xh,refund_apology_contact,same_as_fr
xh,mail_error_alert_title,same_as_fr
xh,system_alert,same_as_fr
xh,mail_send_failure_detected,same_as_fr
xh,email_sending_problem,same_as_fr
xh,email_send_failure_explanation,same_as_fr
xh,error_details,same_as_fr
xh,label_failed_recipient,same_as_fr
xh,label_context,same_as_fr
xh,label_error_message,same_as_fr
xh,possible_causes,same_as_fr
xh,cause_daily_limit,same_as_fr
xh,cause_daily_limit_details,same_as_fr
xh,cause_smtp_connection,same_as_fr
xh,cause_smtp_connection_details,same_as_fr
xh,cause_auth_failed,same_as_fr
xh,cause_auth_failed_details,same_as_fr
xh,cause_app_password_revoked,same_as_fr
xh,cause_app_password_revoked_details,same_as_fr
xh,recommended_actions,same_as_fr
xh,action_if_limit,same_as_fr
xh,action_if_limit_details,same_as_fr
xh,action_check_logs,same_as_fr
xh,action_check_logs_details,same_as_fr
xh,action_test_connection,same_as_fr
xh,action_check_config,same_as_fr
xh,action_check_config_details,same_as_fr
xh,action_regenerate_password,same_as_fr
xh,action_regenerate_password_details,same_as_fr
xh,system_information,same_as_fr
xh,label_smtp_server,same_as_fr
xh,label_port,same_as_fr
xh,label_account,same_as_fr
xh,label_environment,same_as_fr
xh,alert_auto_generated_notice,same_as_fr
xh,account_management_system,same_as_fr
xh,alert_generated_by_safemail,same_as_fr
xh,contact_technical_team,same_as_fr
xh,password_reset_title,same_as_fr
xh,password_reset_heading,same_as_fr
xh,greeting_simple_name,same_as_fr
xh,password_reset_reason,same_as_fr
xh,password_reset_click_link,same_as_fr
xh,password_reset_no_action_needed,same_as_fr
xh,thank_you_using_brand,same_as_fr
yi,compte_created_subject,same_as_fr
yi,compte_created_title,same_as_fr
yi,greeting,same_as_fr
yi,compte_created_message,same_as_fr
yi,credentials_title,same_as_fr
yi,label_email,same_as_fr
yi,label_password,same_as_fr
yi,label_initial_balance,same_as_fr
yi,cta_login,same_as_fr
yi,info_access,same_as_fr
yi,support_contact,same_as_fr
yi,footer_thanks,same_as_fr
yi,footer_brand,same_as_fr
yi,footer_partner,same_as_fr
yi,virement_success_subject,same_as_fr
yi,virement_success_title,same_as_fr
yi,virement_success_message,same_as_fr
yi,virement_failed_subject,same_as_fr
yi,virement_failed_title,same_as_fr
yi,virement_failed_message,same_as_fr
yi,details_title,same_as_fr
yi,label_amount,same_as_fr
yi,label_date,same_as_fr
yi,label_beneficiary,same_as_fr
yi,virement_notice,same_as_fr
yi,thanks,same_as_fr
yi,contact_support_for_info,same_as_fr
yi,regards,same_as_fr
yi,service_client,same_as_fr
yi,auto_generated_notice,same_as_fr
yi,compte_activated_title,same_as_fr
yi,compte_activated_heading,same_as_fr
yi,good_news,same_as_fr
yi,compte_activated_message,same_as_fr
yi,compte_activated_explanation,same_as_fr
yi,label_holder,same_as_fr
yi,label_current_balance,same_as_fr
yi,label_status,same_as_fr
yi,status_active,same_as_fr
yi,you_can_now,same_as_fr
yi,can_make_transfers,same_as_fr
yi,check_balance,same_as_fr
yi,manage_transactions,same_as_fr
yi,access_services,same_as_fr
yi,thanks_welcome,same_as_fr
yi,unlock_code_used_title,same_as_fr
yi,unlock_code_used_heading,same_as_fr
yi,greeting_simple,same_as_fr
yi,info_notification,same_as_fr
yi,unlock_code_used_alert,same_as_fr
yi,unlock_code_used_explanation,same_as_fr
yi,label_date_time,same_as_fr
yi,label_transfer_amount,same_as_fr
yi,label_recipient,same_as_fr
yi,urgent_if_not_you,same_as_fr
yi,contact_support_immediately,same_as_fr
yi,check_recent_transactions,same_as_fr
yi,change_access_codes,same_as_fr
yi,if_legitimate,same_as_fr
yi,client_can_finalize,same_as_fr
yi,transfer_unlock_code_title,same_as_fr
yi,transfer_unlock_heading,same_as_fr
yi,transfer_unlock_message_intro,same_as_fr
yi,transfer_unlock_code_label,same_as_fr
yi,your_unlock_code,same_as_fr
yi,do_not_share_unlock_code,same_as_fr
yi,unlock_code_personal_confidential,same_as_fr
yi,unlock_code_needed_finalize,same_as_fr
yi,contact_support_for_questions,same_as_fr
yi,welcome_title,same_as_fr
yi,welcome_heading,same_as_fr
yi,welcome_message,same_as_fr
yi,login_credentials_title,same_as_fr
yi,access_member_area,same_as_fr
yi,pleasure_to_assist,same_as_fr
yi,balance_decreased_title,same_as_fr
yi,balance_decreased_heading,same_as_fr
yi,balance_decreased_message,same_as_fr
yi,operation_details,same_as_fr
yi,label_amount_deducted,same_as_fr
yi,label_new_balance,same_as_fr
yi,contact_us_if_questions,same_as_fr
yi,balance_increased_title,same_as_fr
yi,balance_increased_heading,same_as_fr
yi,balance_increased_message,same_as_fr
yi,label_amount_added,same_as_fr
yi,thank_you_trust,same_as_fr
yi,refund_title,same_as_fr
yi,refund_heading,same_as_fr
yi,refund_message,same_as_fr
yi,transfer_details,same_as_fr
yi,label_transfer_date,same_as_fr
yi,label_transfer_reason,same_as_fr
yi,refund_amount_text,same_as_fr
yi,refund_apology_contact,same_as_fr
yi,mail_error_alert_title,same_as_fr
yi,system_alert,same_as_fr
yi,mail_send_failure_detected,same_as_fr
yi,email_sending_problem,same_as_fr
yi,email_send_failure_explanation,same_as_fr
yi,error_details,same_as_fr
yi,label_failed_recipient,same_as_fr
yi,label_context,same_as_fr
yi,label_error_message,same_as_fr
yi,possible_causes,same_as_fr
yi,cause_daily_limit,same_as_fr
yi,cause_daily_limit_details,same_as_fr
yi,cause_smtp_connection,same_as_fr
yi,cause_smtp_connection_details,same_as_fr
yi,cause_auth_failed,same_as_fr
yi,cause_auth_failed_details,same_as_fr
yi,cause_app_password_revoked,same_as_fr
yi,cause_app_password_revoked_details,same_as_fr
yi,recommended_actions,same_as_fr
yi,action_if_limit,same_as_fr
yi,action_if_limit_details,same_as_fr
yi,action_check_logs,same_as_fr
yi,action_check_logs_details,same_as_fr
yi,action_test_connection,same_as_fr
yi,action_check_config,same_as_fr
yi,action_check_config_details,same_as_fr
yi,action_regenerate_password,same_as_fr
yi,action_regenerate_password_details,same_as_fr
yi,system_information,same_as_fr
yi,label_smtp_server,same_as_fr
yi,label_port,same_as_fr
yi,label_account,same_as_fr
yi,label_environment,same_as_fr
yi,alert_auto_generated_notice,same_as_fr
yi,account_management_system,same_as_fr
yi,alert_generated_by_safemail,same_as_fr
yi,contact_technical_team,same_as_fr
yi,password_reset_title,same_as_fr
yi,password_reset_heading,same_as_fr
yi,greeting_simple_name,same_as_fr
yi,password_reset_reason,same_as_fr
yi,password_reset_click_link,same_as_fr
yi,password_reset_no_action_needed,same_as_fr
yi,thank_you_using_brand,same_as_fr
yo,compte_created_subject,same_as_fr
yo,compte_created_title,same_as_fr
yo,greeting,same_as_fr
yo,compte_created_message,same_as_fr
yo,credentials_title,same_as_fr
yo,label_email,same_as_fr
yo,label_password,same_as_fr
yo,label_initial_balance,same_as_fr
yo,cta_login,same_as_fr
yo,info_access,same_as_fr
yo,support_contact,same_as_fr
yo,footer_thanks,same_as_fr
yo,footer_brand,same_as_fr
yo,footer_partner,same_as_fr
yo,virement_success_subject,same_as_fr
yo,virement_success_title,same_as_fr
yo,virement_success_message,same_as_fr
yo,virement_failed_subject,same_as_fr
yo,virement_failed_title,same_as_fr
yo,virement_failed_message,same_as_fr
yo,details_title,same_as_fr
yo,label_amount,same_as_fr
yo,label_date,same_as_fr
yo,label_beneficiary,same_as_fr
yo,virement_notice,same_as_fr
yo,thanks,same_as_fr
yo,contact_support_for_info,same_as_fr
yo,regards,same_as_fr
yo,service_client,same_as_fr
yo,auto_generated_notice,same_as_fr
yo,compte_activated_title,same_as_fr
yo,compte_activated_heading,same_as_fr
yo,good_news,same_as_fr
yo,compte_activated_message,same_as_fr
yo,compte_activated_explanation,same_as_fr
yo,label_holder,same_as_fr
yo,label_current_balance,same_as_fr
yo,label_status,same_as_fr
yo,status_active,same_as_fr
yo,you_can_now,same_as_fr
yo,can_make_transfers,same_as_fr
yo,check_balance,same_as_fr
yo,manage_transactions,same_as_fr
yo,access_services,same_as_fr
yo,thanks_welcome,same_as_fr
yo,unlock_code_used_title,same_as_fr
yo,unlock_code_used_heading,same_as_fr
yo,greeting_simple,same_as_fr
yo,info_notification,same_as_fr
yo,unlock_code_used_alert,same_as_fr
yo,unlock_code_used_explanation,same_as_fr
yo,label_date_time,same_as_fr
yo,label_transfer_amount,same_as_fr
yo,label_recipient,same_as_fr
yo,urgent_if_not_you,same_as_fr
yo,contact_support_immediately,same_as_fr
yo,check_recent_transactions,same_as_fr
yo,change_access_codes,same_as_fr
yo,if_legitimate,same_as_fr
yo,client_can_finalize,same_as_fr
yo,transfer_unlock_code_title,same_as_fr
yo,transfer_unlock_heading,same_as_fr
yo,transfer_unlock_message_intro,same_as_fr
yo,transfer_unlock_code_label,same_as_fr
yo,your_unlock_code,same_as_fr
yo,do_not_share_unlock_code,same_as_fr
yo,unlock_code_personal_confidential,same_as_fr
yo,unlock_code_needed_finalize,same_as_fr
yo,contact_support_for_questions,same_as_fr
yo,welcome_title,same_as_fr
yo,welcome_heading,same_as_fr
yo,welcome_message,same_as_fr
yo,login_credentials_title,same_as_fr
yo,access_member_area,same_as_fr
yo,pleasure_to_assist,same_as_fr
yo,balance_decreased_title,same_as_fr
yo,balance_decreased_heading,same_as_fr
yo,balance_decreased_message,same_as_fr
yo,operation_details,same_as_fr
yo,label_amount_deducted,same_as_fr
yo,label_new_balance,same_as_fr
yo,contact_us_if_questions,same_as_fr
yo,balance_increased_title,same_as_fr
yo,balance_increased_heading,same_as_fr
yo,balance_increased_message,same_as_fr
yo,label_amount_added,same_as_fr
yo,thank_you_trust,same_as_fr
yo,refund_title,same_as_fr
yo,refund_heading,same_as_fr
yo,refund_message,same_as_fr
yo,transfer_details,same_as_fr
yo,label_transfer_date,same_as_fr
yo,label_transfer_reason,same_as_fr
yo,refund_amount_text,same_as_fr
yo,refund_apology_contact,same_as_fr
yo,mail_error_alert_title,same_as_fr
yo,system_alert,same_as_fr
yo,mail_send_failure_detected,same_as_fr
yo,email_sending_problem,same_as_fr
yo,email_send_failure_explanation,same_as_fr
yo,error_details,same_as_fr
yo,label_failed_recipient,same_as_fr
yo,label_context,same_as_fr
yo,label_error_message,same_as_fr
yo,possible_causes,same_as_fr
yo,cause_daily_limit,same_as_fr
yo,cause_daily_limit_details,same_as_fr
yo,cause_smtp_connection,same_as_fr
yo,cause_smtp_connection_details,same_as_fr
yo,cause_auth_failed,same_as_fr
yo,cause_auth_failed_details,same_as_fr
yo,cause_app_password_revoked,same_as_fr
yo,cause_app_password_revoked_details,same_as_fr
yo,recommended_actions,same_as_fr
yo,action_if_limit,same_as_fr
yo,action_if_limit_details,same_as_fr
yo,action_check_logs,same_as_fr
yo,action_check_logs_details,same_as_fr
yo,action_test_connection,same_as_fr
yo,action_check_config,same_as_fr
yo,action_check_config_details,same_as_fr
yo,action_regenerate_password,same_as_fr
yo,action_regenerate_password_details,same_as_fr
yo,system_information,same_as_fr
yo,label_smtp_server,same_as_fr
yo,label_port,same_as_fr
yo,label_account,same_as_fr
yo,label_environment,same_as_fr
yo,alert_auto_generated_notice,same_as_fr
yo,account_management_system,same_as_fr
yo,alert_generated_by_safemail,same_as_fr
yo,contact_technical_team,same_as_fr
yo,password_reset_title,same_as_fr
yo,password_reset_heading,same_as_fr
yo,greeting_simple_name,same_as_fr
yo,password_reset_reason,same_as_fr
yo,password_reset_click_link,same_as_fr
yo,password_reset_no_action_needed,same_as_fr
yo,thank_you_using_brand,same_as_fr
zh-CN,compte_created_subject,same_as_fr
zh-CN,compte_created_title,same_as_fr
zh-CN,greeting,same_as_fr
zh-CN,compte_created_message,same_as_fr
zh-CN,credentials_title,same_as_fr
zh-CN,label_email,same_as_fr
zh-CN,label_password,same_as_fr
zh-CN,label_initial_balance,same_as_fr
zh-CN,cta_login,same_as_fr
zh-CN,info_access,same_as_fr
zh-CN,support_contact,same_as_fr
zh-CN,footer_thanks,same_as_fr
zh-CN,footer_brand,same_as_fr
zh-CN,footer_partner,same_as_fr
zh-CN,virement_success_subject,same_as_fr
zh-CN,virement_success_title,same_as_fr
zh-CN,virement_success_message,same_as_fr
zh-CN,virement_failed_subject,same_as_fr
zh-CN,virement_failed_title,same_as_fr
zh-CN,virement_failed_message,same_as_fr
zh-CN,details_title,same_as_fr
zh-CN,label_amount,same_as_fr
zh-CN,label_date,same_as_fr
zh-CN,label_beneficiary,same_as_fr
zh-CN,virement_notice,same_as_fr
zh-CN,thanks,same_as_fr
zh-CN,contact_support_for_info,same_as_fr
zh-CN,regards,same_as_fr
zh-CN,service_client,same_as_fr
zh-CN,auto_generated_notice,same_as_fr
zh-CN,compte_activated_title,same_as_fr
zh-CN,compte_activated_heading,same_as_fr
zh-CN,good_news,same_as_fr
zh-CN,compte_activated_message,same_as_fr
zh-CN,compte_activated_explanation,same_as_fr
zh-CN,label_holder,same_as_fr
zh-CN,label_current_balance,same_as_fr
zh-CN,label_status,same_as_fr
zh-CN,status_active,same_as_fr
zh-CN,you_can_now,same_as_fr
zh-CN,can_make_transfers,same_as_fr
zh-CN,check_balance,same_as_fr
zh-CN,manage_transactions,same_as_fr
zh-CN,access_services,same_as_fr
zh-CN,thanks_welcome,same_as_fr
zh-CN,unlock_code_used_title,same_as_fr
zh-CN,unlock_code_used_heading,same_as_fr
zh-CN,greeting_simple,same_as_fr
zh-CN,info_notification,same_as_fr
zh-CN,unlock_code_used_alert,same_as_fr
zh-CN,unlock_code_used_explanation,same_as_fr
zh-CN,label_date_time,same_as_fr
zh-CN,label_transfer_amount,same_as_fr
zh-CN,label_recipient,same_as_fr
zh-CN,urgent_if_not_you,same_as_fr
zh-CN,contact_support_immediately,same_as_fr
zh-CN,check_recent_transactions,same_as_fr
zh-CN,change_access_codes,same_as_fr
zh-CN,if_legitimate,same_as_fr
zh-CN,client_can_finalize,same_as_fr
zh-CN,transfer_unlock_code_title,same_as_fr
zh-CN,transfer_unlock_heading,same_as_fr
zh-CN,transfer_unlock_message_intro,same_as_fr
zh-CN,transfer_unlock_code_label,same_as_fr
zh-CN,your_unlock_code,same_as_fr
zh-CN,do_not_share_unlock_code,same_as_fr
zh-CN,unlock_code_personal_confidential,same_as_fr
zh-CN,unlock_code_needed_finalize,same_as_fr
zh-CN,contact_support_for_questions,same_as_fr
zh-CN,welcome_title,same_as_fr
zh-CN,welcome_heading,same_as_fr
zh-CN,welcome_message,same_as_fr
zh-CN,login_credentials_title,same_as_fr
zh-CN,access_member_area,same_as_fr
zh-CN,pleasure_to_assist,same_as_fr
zh-CN,balance_decreased_title,same_as_fr
zh-CN,balance_decreased_heading,same_as_fr
zh-CN,balance_decreased_message,same_as_fr
zh-CN,operation_details,same_as_fr
zh-CN,label_amount_deducted,same_as_fr
zh-CN,label_new_balance,same_as_fr
zh-CN,contact_us_if_questions,same_as_fr
zh-CN,balance_increased_title,same_as_fr
zh-CN,balance_increased_heading,same_as_fr
zh-CN,balance_increased_message,same_as_fr
zh-CN,label_amount_added,same_as_fr
zh-CN,thank_you_trust,same_as_fr
zh-CN,refund_title,same_as_fr
zh-CN,refund_heading,same_as_fr
zh-CN,refund_message,same_as_fr
zh-CN,transfer_details,same_as_fr
zh-CN,label_transfer_date,same_as_fr
zh-CN,label_transfer_reason,same_as_fr
zh-CN,refund_amount_text,same_as_fr
zh-CN,refund_apology_contact,same_as_fr
zh-CN,mail_error_alert_title,same_as_fr
zh-CN,system_alert,same_as_fr
zh-CN,mail_send_failure_detected,same_as_fr
zh-CN,email_sending_problem,same_as_fr
zh-CN,email_send_failure_explanation,same_as_fr
zh-CN,error_details,same_as_fr
zh-CN,label_failed_recipient,same_as_fr
zh-CN,label_context,same_as_fr
zh-CN,label_error_message,same_as_fr
zh-CN,possible_causes,same_as_fr
zh-CN,cause_daily_limit,same_as_fr
zh-CN,cause_daily_limit_details,same_as_fr
zh-CN,cause_smtp_connection,same_as_fr
zh-CN,cause_smtp_connection_details,same_as_fr
zh-CN,cause_auth_failed,same_as_fr
zh-CN,cause_auth_failed_details,same_as_fr
zh-CN,cause_app_password_revoked,same_as_fr
zh-CN,cause_app_password_revoked_details,same_as_fr
zh-CN,recommended_actions,same_as_fr
zh-CN,action_if_limit,same_as_fr
zh-CN,action_if_limit_details,same_as_fr
zh-CN,action_check_logs,same_as_fr
zh-CN,action_check_logs_details,same_as_fr
zh-CN,action_test_connection,same_as_fr
zh-CN,action_check_config,same_as_fr
zh-CN,action_check_config_details,same_as_fr
zh-CN,action_regenerate_password,same_as_fr
zh-CN,action_regenerate_password_details,same_as_fr
zh-CN,system_information,same_as_fr
zh-CN,label_smtp_server,same_as_fr
zh-CN,label_port,same_as_fr
zh-CN,label_account,same_as_fr
zh-CN,label_environment,same_as_fr
zh-CN,alert_auto_generated_notice,same_as_fr
zh-CN,account_management_system,same_as_fr
zh-CN,alert_generated_by_safemail,same_as_fr
zh-CN,contact_technical_team,same_as_fr
zh-CN,password_reset_title,same_as_fr
zh-CN,password_reset_heading,same_as_fr
zh-CN,greeting_simple_name,same_as_fr
zh-CN,password_reset_reason,same_as_fr
zh-CN,password_reset_click_link,same_as_fr
zh-CN,password_reset_no_action_needed,same_as_fr
zh-CN,thank_you_using_brand,same_as_fr
zh-TW,compte_created_subject,same_as_fr
zh-TW,compte_created_title,same_as_fr
zh-TW,greeting,same_as_fr
zh-TW,compte_created_message,same_as_fr
zh-TW,credentials_title,same_as_fr
zh-TW,label_email,same_as_fr
zh-TW,label_password,same_as_fr
zh-TW,label_initial_balance,same_as_fr
zh-TW,cta_login,same_as_fr
zh-TW,info_access,same_as_fr
zh-TW,support_contact,same_as_fr
zh-TW,footer_thanks,same_as_fr
zh-TW,footer_brand,same_as_fr
zh-TW,footer_partner,same_as_fr
zh-TW,virement_success_subject,same_as_fr
zh-TW,virement_success_title,same_as_fr
zh-TW,virement_success_message,same_as_fr
zh-TW,virement_failed_subject,same_as_fr
zh-TW,virement_failed_title,same_as_fr
zh-TW,virement_failed_message,same_as_fr
zh-TW,details_title,same_as_fr
zh-TW,label_amount,same_as_fr
zh-TW,label_date,same_as_fr
zh-TW,label_beneficiary,same_as_fr
zh-TW,virement_notice,same_as_fr
zh-TW,thanks,same_as_fr
zh-TW,contact_support_for_info,same_as_fr
zh-TW,regards,same_as_fr
zh-TW,service_client,same_as_fr
zh-TW,auto_generated_notice,same_as_fr
zh-TW,compte_activated_title,same_as_fr
zh-TW,compte_activated_heading,same_as_fr
zh-TW,good_news,same_as_fr
zh-TW,compte_activated_message,same_as_fr
zh-TW,compte_activated_explanation,same_as_fr
zh-TW,label_holder,same_as_fr
zh-TW,label_current_balance,same_as_fr
zh-TW,label_status,same_as_fr
zh-TW,status_active,same_as_fr
zh-TW,you_can_now,same_as_fr
zh-TW,can_make_transfers,same_as_fr
zh-TW,check_balance,same_as_fr
zh-TW,manage_transactions,same_as_fr
zh-TW,access_services,same_as_fr
zh-TW,thanks_welcome,same_as_fr
zh-TW,unlock_code_used_title,same_as_fr
zh-TW,unlock_code_used_heading,same_as_fr
zh-TW,greeting_simple,same_as_fr
zh-TW,info_notification,same_as_fr
zh-TW,unlock_code_used_alert,same_as_fr
zh-TW,unlock_code_used_explanation,same_as_fr
zh-TW,label_date_time,same_as_fr
zh-TW,label_transfer_amount,same_as_fr
zh-TW,label_recipient,same_as_fr
zh-TW,urgent_if_not_you,same_as_fr
zh-TW,contact_support_immediately,same_as_fr
zh-TW,check_recent_transactions,same_as_fr
zh-TW,change_access_codes,same_as_fr
zh-TW,if_legitimate,same_as_fr
zh-TW,client_can_finalize,same_as_fr
zh-TW,transfer_unlock_code_title,same_as_fr
zh-TW,transfer_unlock_heading,same_as_fr
zh-TW,transfer_unlock_message_intro,same_as_fr
zh-TW,transfer_unlock_code_label,same_as_fr
zh-TW,your_unlock_code,same_as_fr
zh-TW,do_not_share_unlock_code,same_as_fr
zh-TW,unlock_code_personal_confidential,same_as_fr
zh-TW,unlock_code_needed_finalize,same_as_fr
zh-TW,contact_support_for_questions,same_as_fr
zh-TW,welcome_title,same_as_fr
zh-TW,welcome_heading,same_as_fr
zh-TW,welcome_message,same_as_fr
zh-TW,login_credentials_title,same_as_fr
zh-TW,access_member_area,same_as_fr
zh-TW,pleasure_to_assist,same_as_fr
zh-TW,balance_decreased_title,same_as_fr
zh-TW,balance_decreased_heading,same_as_fr
zh-TW,balance_decreased_message,same_as_fr
zh-TW,operation_details,same_as_fr
zh-TW,label_amount_deducted,same_as_fr
zh-TW,label_new_balance,same_as_fr
zh-TW,contact_us_if_questions,same_as_fr
zh-TW,balance_increased_title,same_as_fr
zh-TW,balance_increased_heading,same_as_fr
zh-TW,balance_increased_message,same_as_fr
zh-TW,label_amount_added,same_as_fr
zh-TW,thank_you_trust,same_as_fr
zh-TW,refund_title,same_as_fr
zh-TW,refund_heading,same_as_fr
zh-TW,refund_message,same_as_fr
zh-TW,transfer_details,same_as_fr
zh-TW,label_transfer_date,same_as_fr
zh-TW,label_transfer_reason,same_as_fr
zh-TW,refund_amount_text,same_as_fr
zh-TW,refund_apology_contact,same_as_fr
zh-TW,mail_error_alert_title,same_as_fr
zh-TW,system_alert,same_as_fr
zh-TW,mail_send_failure_detected,same_as_fr
zh-TW,email_sending_problem,same_as_fr
zh-TW,email_send_failure_explanation,same_as_fr
zh-TW,error_details,same_as_fr
zh-TW,label_failed_recipient,same_as_fr
zh-TW,label_context,same_as_fr
zh-TW,label_error_message,same_as_fr
zh-TW,possible_causes,same_as_fr
zh-TW,cause_daily_limit,same_as_fr
zh-TW,cause_daily_limit_details,same_as_fr
zh-TW,cause_smtp_connection,same_as_fr
zh-TW,cause_smtp_connection_details,same_as_fr
zh-TW,cause_auth_failed,same_as_fr
zh-TW,cause_auth_failed_details,same_as_fr
zh-TW,cause_app_password_revoked,same_as_fr
zh-TW,cause_app_password_revoked_details,same_as_fr
zh-TW,recommended_actions,same_as_fr
zh-TW,action_if_limit,same_as_fr
zh-TW,action_if_limit_details,same_as_fr
zh-TW,action_check_logs,same_as_fr
zh-TW,action_check_logs_details,same_as_fr
zh-TW,action_test_connection,same_as_fr
zh-TW,action_check_config,same_as_fr
zh-TW,action_check_config_details,same_as_fr
zh-TW,action_regenerate_password,same_as_fr
zh-TW,action_regenerate_password_details,same_as_fr
zh-TW,system_information,same_as_fr
zh-TW,label_smtp_server,same_as_fr
zh-TW,label_port,same_as_fr
zh-TW,label_account,same_as_fr
zh-TW,label_environment,same_as_fr
zh-TW,alert_auto_generated_notice,same_as_fr
zh-TW,account_management_system,same_as_fr
zh-TW,alert_generated_by_safemail,same_as_fr
zh-TW,contact_technical_team,same_as_fr
zh-TW,password_reset_title,same_as_fr
zh-TW,password_reset_heading,same_as_fr
zh-TW,greeting_simple_name,same_as_fr
zh-TW,password_reset_reason,same_as_fr
zh-TW,password_reset_click_link,same_as_fr
zh-TW,password_reset_no_action_needed,same_as_fr
zh-TW,thank_you_using_brand,same_as_fr
zu,compte_created_subject,same_as_fr
zu,compte_created_title,same_as_fr
zu,greeting,same_as_fr
zu,compte_created_message,same_as_fr
zu,credentials_title,same_as_fr
zu,label_email,same_as_fr
zu,label_password,same_as_fr
zu,label_initial_balance,same_as_fr
zu,cta_login,same_as_fr
zu,info_access,same_as_fr
zu,support_contact,same_as_fr
zu,footer_thanks,same_as_fr
zu,footer_brand,same_as_fr
zu,footer_partner,same_as_fr
zu,virement_success_subject,same_as_fr
zu,virement_success_title,same_as_fr
zu,virement_success_message,same_as_fr
zu,virement_failed_subject,same_as_fr
zu,virement_failed_title,same_as_fr
zu,virement_failed_message,same_as_fr
zu,details_title,same_as_fr
zu,label_amount,same_as_fr
zu,label_date,same_as_fr
zu,label_beneficiary,same_as_fr
zu,virement_notice,same_as_fr
zu,thanks,same_as_fr
zu,contact_support_for_info,same_as_fr
zu,regards,same_as_fr
zu,service_client,same_as_fr
zu,auto_generated_notice,same_as_fr
zu,compte_activated_title,same_as_fr
zu,compte_activated_heading,same_as_fr
zu,good_news,same_as_fr
zu,compte_activated_message,same_as_fr
zu,compte_activated_explanation,same_as_fr
zu,label_holder,same_as_fr
zu,label_current_balance,same_as_fr
zu,label_status,same_as_fr
zu,status_active,same_as_fr
zu,you_can_now,same_as_fr
zu,can_make_transfers,same_as_fr
zu,check_balance,same_as_fr
zu,manage_transactions,same_as_fr
zu,access_services,same_as_fr
zu,thanks_welcome,same_as_fr
zu,unlock_code_used_title,same_as_fr
zu,unlock_code_used_heading,same_as_fr
zu,greeting_simple,same_as_fr
zu,info_notification,same_as_fr
zu,unlock_code_used_alert,same_as_fr
zu,unlock_code_used_explanation,same_as_fr
zu,label_date_time,same_as_fr
zu,label_transfer_amount,same_as_fr
zu,label_recipient,same_as_fr
zu,urgent_if_not_you,same_as_fr
zu,contact_support_immediately,same_as_fr
zu,check_recent_transactions,same_as_fr
zu,change_access_codes,same_as_fr
zu,if_legitimate,same_as_fr
zu,client_can_finalize,same_as_fr
zu,transfer_unlock_code_title,same_as_fr
zu,transfer_unlock_heading,same_as_fr
zu,transfer_unlock_message_intro,same_as_fr
zu,transfer_unlock_code_label,same_as_fr
zu,your_unlock_code,same_as_fr
zu,do_not_share_unlock_code,same_as_fr
zu,unlock_code_personal_confidential,same_as_fr
zu,unlock_code_needed_finalize,same_as_fr
zu,contact_support_for_questions,same_as_fr
zu,welcome_title,same_as_fr
zu,welcome_heading,same_as_fr
zu,welcome_message,same_as_fr
zu,login_credentials_title,same_as_fr
zu,access_member_area,same_as_fr
zu,pleasure_to_assist,same_as_fr
zu,balance_decreased_title,same_as_fr
zu,balance_decreased_heading,same_as_fr
zu,balance_decreased_message,same_as_fr
zu,operation_details,same_as_fr
zu,label_amount_deducted,same_as_fr
zu,label_new_balance,same_as_fr
zu,contact_us_if_questions,same_as_fr
zu,balance_increased_title,same_as_fr
zu,balance_increased_heading,same_as_fr
zu,balance_increased_message,same_as_fr
zu,label_amount_added,same_as_fr
zu,thank_you_trust,same_as_fr
zu,refund_title,same_as_fr
zu,refund_heading,same_as_fr
zu,refund_message,same_as_fr
zu,transfer_details,same_as_fr
zu,label_transfer_date,same_as_fr
zu,label_transfer_reason,same_as_fr
zu,refund_amount_text,same_as_fr
zu,refund_apology_contact,same_as_fr
zu,mail_error_alert_title,same_as_fr
zu,system_alert,same_as_fr
zu,mail_send_failure_detected,same_as_fr
zu,email_sending_problem,same_as_fr
zu,email_send_failure_explanation,same_as_fr
zu,error_details,same_as_fr
zu,label_failed_recipient,same_as_fr
zu,label_context,same_as_fr
zu,label_error_message,same_as_fr
zu,possible_causes,same_as_fr
zu,cause_daily_limit,same_as_fr
zu,cause_daily_limit_details,same_as_fr
zu,cause_smtp_connection,same_as_fr
zu,cause_smtp_connection_details,same_as_fr
zu,cause_auth_failed,same_as_fr
zu,cause_auth_failed_details,same_as_fr
zu,cause_app_password_revoked,same_as_fr
zu,cause_app_password_revoked_details,same_as_fr
zu,recommended_actions,same_as_fr
zu,action_if_limit,same_as_fr
zu,action_if_limit_details,same_as_fr
zu,action_check_logs,same_as_fr
zu,action_check_logs_details,same_as_fr
zu,action_test_connection,same_as_fr
zu,action_check_config,same_as_fr
zu,action_check_config_details,same_as_fr
zu,action_regenerate_password,same_as_fr
zu,action_regenerate_password_details,same_as_fr
zu,system_information,same_as_fr
zu,label_smtp_server,same_as_fr
zu,label_port,same_as_fr
zu,label_account,same_as_fr
zu,label_environment,same_as_fr
zu,alert_auto_generated_notice,same_as_fr
zu,account_management_system,same_as_fr
zu,alert_generated_by_safemail,same_as_fr
zu,contact_technical_team,same_as_fr
zu,password_reset_title,same_as_fr
zu,password_reset_heading,same_as_fr
zu,greeting_simple_name,same_as_fr
zu,password_reset_reason,same_as_fr
zu,password_reset_click_link,same_as_fr
zu,password_reset_no_action_needed,same_as_fr
zu,thank_you_using_brand,same_as_fr
